Date,Home Tm,Away Tm,W,L,ERA,G,GS,SV,IP,H,R,ER,HR,BB,SO,WHIP
2025-03-27,San Diego Padres,Atlanta Braves,0,0,9.0,1,0,0,1.0,1,1,1,0,1,0,2.0
2025-03-29,San Diego Padres,Atlanta Braves,0,1,10.8,1,0,0,0.2,1,1,1,0,1,2,2.4
2025-04-04,Atlanta Braves,Miami Marlins,0,0,6.75,1,0,0,1.0,2,0,0,0,0,2,2.25
2025-04-09,Atlanta Braves,Philadelphia Phillies,0,0,6.75,1,0,0,1.1,1,1,1,0,0,2,1.75
2025-04-10,Atlanta Braves,Philadelphia Phillies,0,0,5.4,1,0,0,1.0,0,0,0,0,2,1,1.8
2025-04-14,Toronto Blue Jays,Atlanta Braves,0,0,5.68,1,0,0,1.1,3,1,1,0,0,2,1.89
2025-04-18,Atlanta Braves,Minnesota Twins,0,0,4.7,1,0,0,1.1,0,0,0,0,0,1,1.57
2025-04-22,Atlanta Braves,St. Louis Cardinals,0,0,3.72,1,0,0,2.0,0,0,0,0,0,3,1.24
2025-04-25,Arizona Diamondbacks,Atlanta Braves,0,0,3.38,1,0,0,1.0,0,0,0,0,0,1,1.13
2025-04-27,Arizona Diamondbacks,Atlanta Braves,0,0,4.76,1,0,0,0.2,2,2,2,0,1,0,1.32
2025-05-03,Atlanta Braves,Los Angeles Dodgers,0,0,4.05,1,0,0,2.0,3,1,0,0,0,2,1.35
2025-05-07,Atlanta Braves,Cincinnati Reds,0,0,3.6,1,0,0,1.2,0,0,0,0,1,2,1.27
2025-05-09,Pittsburgh Pirates,Atlanta Braves,0,0,3.38,1,0,0,1.0,0,0,0,0,0,2,1.19
2025-05-11,Pittsburgh Pirates,Atlanta Braves,0,0,3.18,1,0,0,1.0,0,0,0,0,1,0,1.18
2025-05-14,Atlanta Braves,Washington Nationals,0,0,3.06,1,0,0,0.2,3,2,0,0,0,0,1.3
2025-05-17,Boston Red Sox,Atlanta Braves,0,0,4.0,1,0,0,0.1,2,2,2,0,0,0,1.39
2025-05-20,Washington Nationals,Atlanta Braves,0,0,3.66,1,0,0,1.2,0,0,0,0,1,0,1.32
2025-05-22,Washington Nationals,Atlanta Braves,0,0,3.43,1,0,0,1.1,1,0,0,0,0,2,1.29
2025-05-29,Philadelphia Phillies,Atlanta Braves,0,0,3.22,1,0,0,1.1,0,0,0,0,0,2,1.21
2025-06-01,Atlanta Braves,Boston Red Sox,0,0,2.96,1,0,0,2.0,1,0,0,0,0,5,1.15
2025-06-04,Atlanta Braves,Arizona Diamondbacks,0,0,2.92,1,0,0,0.1,0,0,0,0,0,0,1.14
2025-06-05,Atlanta Braves,Arizona Diamondbacks,0,0,2.73,1,0,0,1.2,1,0,0,0,0,1,1.1
2025-06-10,Milwaukee Brewers,Atlanta Braves,0,0,3.0,1,0,0,0.2,1,1,1,0,1,0,1.15
2025-06-13,Atlanta Braves,Colorado Rockies,0,0,2.93,1,0,0,0.2,2,0,0,0,0,0,1.19
2025-06-15,Atlanta Braves,Colorado Rockies,0,0,2.86,1,0,0,0.2,1,0,0,0,0,0,1.2
2025-06-20,Miami Marlins,Atlanta Braves,0,0,3.34,1,0,0,1.1,1,2,2,0,3,0,1.28
2025-06-25,New York Mets,Atlanta Braves,0,0,3.06,1,0,0,2.2,3,0,0,0,0,2,1.27
2025-07-02,Atlanta Braves,Los Angeles Angels,1,0,2.86,1,0,0,2.1,0,0,0,0,0,3,1.18
2025-07-05,Atlanta Braves,Baltimore Orioles,0,0,3.41,1,1,0,2.1,2,3,3,2,1,5,1.19
2025-07-10,Athletics,Atlanta Braves,0,1,3.38,1,0,0,0.1,1,1,0,0,1,1,1.23
2025-07-12,St. Louis Cardinals,Atlanta Braves,0,0,3.89,1,1,0,2.0,4,3,3,1,0,1,1.27
2025-07-18,Atlanta Braves,New York Yankees,0,0,4.5,1,0,0,0.2,3,3,3,0,0,1,1.33
2025-07-21,Atlanta Braves,San Francisco Giants,0,0,4.39,1,0,0,1.0,1,0,0,0,0,0,1.32
2025-07-23,Atlanta Braves,San Francisco Giants,0,0,4.32,1,0,0,0.2,1,0,0,0,0,0,1.32
2025-07-25,Texas Rangers,Atlanta Braves,0,0,4.25,1,0,0,0.2,1,0,0,0,1,0,1.35
2025-07-29,Kansas City Royals,Atlanta Braves,0,0,4.6,1,0,0,0.2,2,2,2,0,1,1,1.4
2025-08-04,Atlanta Braves,Milwaukee Brewers,0,0,4.43,1,0,0,1.2,0,0,0,0,0,1,1.34
2025-08-06,Atlanta Braves,Milwaukee Brewers,0,0,4.21,1,0,0,2.1,2,0,0,0,0,1,1.32
2025-08-09,Atlanta Braves,Miami Marlins,0,0,4.25,1,0,0,1.2,2,1,1,0,0,1,1.32
2025-08-13,New York Mets,Atlanta Braves,1,0,4.06,1,0,0,2.1,2,0,0,0,1,3,1.31
2025-08-17,Cleveland Guardians,Atlanta Braves,1,0,3.91,1,0,0,2.0,1,0,0,0,0,1,1.28
2025-08-23,Atlanta Braves,New York Mets,0,0,3.81,1,0,0,1.1,0,0,0,0,0,0,1.25
