Date,Home Tm,Away Tm,W,L,ERA,G,GS,SV,IP,H,R,ER,HR,BB,SO,WHIP
2025-05-24,Pittsburgh Pirates,Milwaukee Brewers,0,0,0.0,1,0,0,1.0,1,0,0,0,0,2,1.0
2025-05-27,Milwaukee Brewers,Boston Red Sox,0,0,0.0,1,0,0,2.0,1,0,0,0,1,2,1.0
2025-06-06,Milwaukee Brewers,San Diego Padres,0,0,0.0,1,0,0,1.0,0,0,0,0,0,3,0.75
2025-06-08,Milwaukee Brewers,San Diego Padres,0,0,0.0,1,0,0,2.0,1,0,0,0,0,1,0.67
2025-06-12,Milwaukee Brewers,St. Louis Cardinals,0,0,0.0,1,0,1,3.0,3,0,0,0,0,1,0.78
2025-06-19,Chicago Cubs,Milwaukee Brewers,0,0,1.69,1,0,0,1.2,3,2,2,1,0,1,0.94
2025-06-21,Minnesota Twins,Milwaukee Brewers,0,0,1.42,1,0,0,2.0,1,0,0,0,0,2,0.87
2025-06-23,Milwaukee Brewers,Pittsburgh Pirates,0,0,1.15,1,0,0,3.0,3,0,0,0,1,6,0.96
2025-06-28,Milwaukee Brewers,Colorado Rockies,0,0,1.08,1,0,0,1.0,0,0,0,0,2,0,1.02
2025-07-02,New York Mets,Milwaukee Brewers,0,0,1.06,1,0,0,0.1,0,0,0,0,0,1,1.0
2025-07-04,Miami Marlins,Milwaukee Brewers,1,0,0.93,1,0,0,2.1,0,0,0,0,0,3,0.88
2025-07-07,Milwaukee Brewers,Los Angeles Dodgers,0,0,1.27,1,0,0,2.0,2,1,1,0,1,3,0.94
2025-07-09,Milwaukee Brewers,Los Angeles Dodgers,0,0,1.66,1,0,0,0.1,1,1,1,0,2,1,1.06
2025-07-19,Los Angeles Dodgers,Milwaukee Brewers,0,0,1.96,1,0,0,1.1,3,1,1,0,0,2,1.13
2025-07-21,Seattle Mariners,Milwaukee Brewers,0,0,1.8,1,0,0,2.0,3,0,0,0,1,1,1.2
2025-07-25,Milwaukee Brewers,Miami Marlins,0,1,2.05,1,0,0,1.1,2,1,1,0,1,1,1.25
2025-07-27,Milwaukee Brewers,Miami Marlins,0,0,1.98,1,0,0,1.0,0,0,0,0,2,1,1.28
2025-07-29,Milwaukee Brewers,Chicago Cubs,0,0,2.05,1,0,1,3.1,1,1,1,0,1,2,1.21
2025-08-01,Washington Nationals,Milwaukee Brewers,0,0,1.97,1,0,0,1.1,1,0,0,0,0,0,1.19
2025-08-03,Washington Nationals,Milwaukee Brewers,1,0,1.87,1,0,0,1.2,1,0,0,0,0,3,1.16
2025-08-05,Atlanta Braves,Milwaukee Brewers,0,0,2.02,1,0,0,2.0,1,1,1,0,3,2,1.21
2025-08-09,Milwaukee Brewers,New York Mets,0,0,2.17,1,0,0,1.2,2,1,1,1,0,1,1.21
2025-08-12,Milwaukee Brewers,Pittsburgh Pirates,0,0,2.11,1,0,0,1.0,0,0,0,0,0,1,1.17
2025-08-15,Cincinnati Reds,Milwaukee Brewers,0,0,2.06,1,0,0,1.0,0,0,0,0,0,2,1.14
2025-08-16,Cincinnati Reds,Milwaukee Brewers,0,0,2.03,1,0,0,0.2,0,0,0,0,0,2,1.13
2025-08-19,Chicago Cubs,Milwaukee Brewers,0,0,2.06,1,0,0,3.2,4,1,1,0,0,3,1.12
2025-08-22,Milwaukee Brewers,San Francisco Giants,0,0,2.17,1,0,0,2.0,1,1,1,1,1,1,1.12
2025-08-25,Milwaukee Brewers,Arizona Diamondbacks,0,0,2.09,1,0,0,1.2,1,0,0,0,1,5,1.12
2025-08-27,Milwaukee Brewers,Arizona Diamondbacks,0,0,2.01,1,1,0,2.0,0,0,0,0,0,3,1.07
2025-08-29,Toronto Blue Jays,Milwaukee Brewers,0,0,2.32,1,0,0,1.0,2,2,2,0,1,1,1.11
2025-08-30,Toronto Blue Jays,Milwaukee Brewers,1,0,2.31,1,0,0,0.1,0,0,0,0,0,0,1.11
2025-09-01,Milwaukee Brewers,Philadelphia Phillies,0,0,2.28,1,0,0,0.2,0,0,0,0,0,1,1.09
2025-09-03,Milwaukee Brewers,Philadelphia Phillies,0,0,2.25,1,0,0,0.2,1,0,0,0,1,1,1.12
2025-09-04,Milwaukee Brewers,Philadelphia Phillies,0,0,2.21,1,0,0,1.0,0,0,0,0,1,1,1.11
2025-09-06,Pittsburgh Pirates,Milwaukee Brewers,0,0,2.3,1,0,1,1.2,1,1,1,0,1,2,1.12
2025-09-09,Texas Rangers,Milwaukee Brewers,0,1,2.56,1,0,0,1.2,4,2,2,0,0,2,1.15
2025-09-12,Milwaukee Brewers,St. Louis Cardinals,0,0,2.48,1,0,0,1.2,3,0,0,0,1,0,1.19
2025-09-14,Milwaukee Brewers,St. Louis Cardinals,0,0,2.43,1,0,0,1.1,1,0,0,0,1,3,1.2
2025-09-18,Milwaukee Brewers,Los Angeles Angels,1,0,2.37,1,0,0,1.1,2,0,0,0,0,3,1.2
2025-09-20,St. Louis Cardinals,Milwaukee Brewers,0,0,2.27,1,0,0,2.2,4,0,0,0,0,1,1.22
2025-09-22,San Diego Padres,Milwaukee Brewers,0,0,2.24,1,0,0,1.0,0,0,0,0,0,2,1.2
2025-09-24,San Diego Padres,Milwaukee Brewers,1,0,2.23,1,0,0,0.1,0,0,0,0,0,1,1.19
2025-09-28,Milwaukee Brewers,Cincinnati Reds,0,0,2.16,1,0,0,2.0,0,0,0,0,1,2,1.17
