Date,Home Tm,Away Tm,W,L,ERA,G,GS,SV,IP,H,R,ER,HR,BB,SO,WHIP
2025-03-30,Washington Nationals,Philadelphia Phillies,0,1,8.44,1,1,0,5.1,6,5,5,2,0,8,1.13
2025-04-05,Philadelphia Phillies,Los Angeles Dodgers,0,1,6.35,1,1,0,6.0,7,3,3,2,1,2,1.24
2025-04-11,St. Louis Cardinals,Philadelphia Phillies,0,1,5.51,1,1,0,5.0,5,2,2,0,4,7,1.41
2025-04-16,Philadelphia Phillies,San Francisco Giants,0,1,6.65,1,1,0,5.1,9,7,6,0,4,8,1.66
2025-04-21,New York Mets,Philadelphia Phillies,0,1,6.43,1,1,0,6.1,7,4,4,2,2,6,1.61
2025-04-27,Chicago Cubs,Philadelphia Phillies,0,0,5.4,1,1,0,7.0,3,1,1,0,1,6,1.4
2025-05-03,Philadelphia Phillies,Arizona Diamondbacks,1,0,4.61,1,1,0,6.0,4,0,0,0,1,8,1.32
2025-05-09,Cleveland Guardians,Philadelphia Phillies,0,1,4.89,1,1,0,5.0,6,4,4,2,2,5,1.35
2025-05-14,Philadelphia Phillies,St. Louis Cardinals,0,1,6.16,1,1,0,3.2,12,9,9,3,1,2,1.51
2025-08-17,Washington Nationals,Philadelphia Phillies,0,0,6.92,1,1,0,2.1,7,6,6,0,1,4,1.6
2025-08-23,Philadelphia Phillies,Washington Nationals,1,0,6.52,1,1,0,6.0,5,3,2,2,1,6,1.53
2025-08-28,Philadelphia Phillies,Atlanta Braves,1,0,6.47,1,1,0,6.0,4,4,4,1,3,4,1.5
2025-09-03,Milwaukee Brewers,Philadelphia Phillies,0,1,6.78,1,1,0,5.0,6,6,6,1,2,6,1.51
2025-09-08,Philadelphia Phillies,New York Mets,1,0,6.24,1,1,0,6.0,3,0,0,0,2,7,1.45
2025-09-14,Philadelphia Phillies,Kansas City Royals,0,1,6.44,1,1,0,6.0,6,6,6,2,1,5,1.43
2025-09-20,Arizona Diamondbacks,Philadelphia Phillies,0,1,6.46,1,1,0,5.1,7,4,4,0,2,4,1.45
2025-09-26,Philadelphia Phillies,Minnesota Twins,1,0,6.01,1,1,0,8.0,2,1,1,1,0,9,1.35
