Date,Home Tm,Away Tm,W,L,ERA,G,GS,SV,IP,H,R,ER,HR,BB,SO,WHIP
2025-03-30,New York Yankees,Milwaukee Brewers,0,1,15.0,1,1,0,3.0,4,5,5,3,1,2,1.67
2025-05-22,Pittsburgh Pirates,Milwaukee Brewers,0,0,9.0,1,1,0,4.0,4,2,2,1,2,3,1.57
2025-05-27,Milwaukee Brewers,Boston Red Sox,0,0,6.0,1,1,0,5.0,3,1,1,0,1,4,1.25
2025-06-02,Cincinnati Reds,Milwaukee Brewers,1,0,5.19,1,1,0,5.1,7,2,2,0,1,5,1.33
2025-06-09,Milwaukee Brewers,Atlanta Braves,0,1,4.91,1,1,0,4.2,5,2,2,1,2,5,1.36
2025-06-15,Texas Rangers,Chicago White Sox,0,1,4.67,1,1,0,5.0,6,2,2,0,4,4,1.48
2025-06-21,Toronto Blue Jays,Chicago White Sox,0,1,5.03,1,1,0,7.0,9,5,5,2,1,2,1.47
2025-06-27,Chicago White Sox,San Francisco Giants,0,0,4.74,1,1,0,4.0,3,1,1,0,4,4,1.5
2025-07-03,Los Angeles Dodgers,Chicago White Sox,0,1,4.6,1,1,0,5.0,5,5,2,1,2,4,1.49
2025-07-08,Chicago White Sox,Toronto Blue Jays,0,1,5.17,1,1,0,4.0,7,5,5,1,2,0,1.55
2025-07-13,Chicago White Sox,Cleveland Guardians,0,0,5.3,1,1,0,5.2,3,4,4,1,2,3,1.48
2025-07-20,Pittsburgh Pirates,Chicago White Sox,1,0,4.76,1,1,0,6.0,3,1,0,0,1,6,1.4
2025-07-26,Chicago White Sox,Chicago Cubs,0,0,4.38,1,1,0,5.0,3,0,0,0,0,6,1.34
2025-08-02,Los Angeles Angels,Chicago White Sox,1,0,3.99,1,1,0,6.1,1,0,0,0,2,8,1.26
2025-08-08,Chicago White Sox,Cleveland Guardians,0,1,4.91,1,1,0,3.1,8,9,9,0,2,6,1.34
2025-08-15,Kansas City Royals,Chicago White Sox,0,1,4.88,1,1,0,6.0,8,3,3,1,1,3,1.35
2025-08-22,Chicago White Sox,Minnesota Twins,0,0,5.02,1,1,0,5.0,5,4,4,1,4,5,1.38
2025-08-27,Chicago White Sox,Kansas City Royals,0,1,5.26,1,1,0,4.2,5,5,5,1,1,4,1.37
2025-09-01,Chicago Cubs,Atlanta Braves,0,0,5.09,1,0,0,3.0,1,0,0,0,0,4,1.34
2025-09-08,Atlanta Braves,Chicago Cubs,0,0,5.07,1,0,0,2.0,2,1,1,1,0,1,1.33
2025-09-17,Pittsburgh Pirates,Chicago Cubs,1,0,4.92,1,0,0,3.0,0,0,0,0,0,3,1.29
2025-09-20,Cincinnati Reds,Chicago Cubs,0,0,4.91,1,0,0,2.0,2,1,1,1,0,3,1.28
2025-09-24,Chicago Cubs,New York Mets,0,0,4.85,1,0,1,3.0,2,1,1,1,0,3,1.26
