Date,Home Tm,Away Tm,W,L,ERA,G,GS,SV,IP,H,R,ER,HR,BB,SO,WHIP
2025-06-18,Miami Marlins,Philadelphia Phillies,0,1,6.35,1,1,0,5.2,5,4,4,1,4,5,1.59
2025-08-28,New York Mets,Miami Marlins,0,0,5.59,1,1,0,4.0,4,2,2,0,1,2,1.45
2025-09-02,Washington Nationals,Miami Marlins,0,1,5.74,1,1,0,6.0,10,5,4,1,0,5,1.53
2025-09-09,Miami Marlins,Washington Nationals,0,1,6.3,1,1,0,4.1,8,6,4,2,3,1,1.75
2025-09-14,Miami Marlins,Detroit Tigers,0,1,4.85,1,1,0,6.0,1,2,0,0,2,4,1.46
2025-09-20,Texas Rangers,Miami Marlins,0,0,4.8,1,1,0,4.0,5,2,2,0,2,2,1.5
