Date,Home Tm,Away Tm,W,L,ERA,G,GS,SV,IP,H,R,ER,HR,BB,SO,WHIP
2025-05-20,Chicago White Sox,Seattle Mariners,1,0,0.0,1,1,0,6.0,2,0,0,0,3,2,0.83
2025-05-26,New York Mets,Chicago White Sox,0,0,0.0,1,1,0,6.0,3,0,0,0,1,6,0.75
2025-06-01,Baltimore Orioles,Chicago White Sox,0,1,1.47,1,1,0,6.1,8,3,3,0,1,6,0.98
2025-06-07,Chicago White Sox,Kansas City Royals,1,0,1.48,1,1,0,6.0,6,1,1,1,1,6,1.03
2025-06-13,Texas Rangers,Chicago White Sox,0,1,2.15,1,1,0,5.0,6,3,3,1,4,2,1.19
2025-06-22,Toronto Blue Jays,Chicago White Sox,0,0,2.27,1,1,0,6.1,7,2,2,0,3,4,1.26
2025-06-28,Chicago White Sox,San Francisco Giants,1,0,1.9,1,1,0,7.0,4,0,0,0,1,5,1.17
2025-07-04,Colorado Rockies,Chicago White Sox,1,0,1.6,1,1,0,8.0,4,2,0,0,2,6,1.11
2025-07-09,Chicago White Sox,Toronto Blue Jays,1,0,1.56,1,1,0,7.0,7,1,1,0,2,2,1.13
2025-07-19,Pittsburgh Pirates,Chicago White Sox,0,0,1.89,1,1,0,4.1,10,4,3,0,1,5,1.23
2025-07-25,Chicago White Sox,Chicago Cubs,1,0,2.1,1,1,0,6.2,5,3,3,1,3,3,1.22
2025-08-04,Los Angeles Angels,Tampa Bay Rays,0,1,2.54,1,1,0,5.2,11,5,5,1,1,3,1.29
2025-08-10,Seattle Mariners,Tampa Bay Rays,0,1,2.84,1,1,0,5.0,6,4,4,1,3,4,1.32
2025-08-16,San Francisco Giants,Tampa Bay Rays,0,0,2.67,1,1,0,5.0,4,0,0,0,0,6,1.29
2025-08-22,Tampa Bay Rays,St. Louis Cardinals,1,0,2.88,1,1,0,6.1,6,4,4,1,2,2,1.29
2025-08-29,Washington Nationals,Tampa Bay Rays,0,0,2.85,1,1,0,4.0,6,1,1,0,3,4,1.33
2025-09-03,Tampa Bay Rays,Seattle Mariners,1,0,3.01,1,1,0,7.0,4,4,4,1,1,8,1.29
2025-09-09,Chicago White Sox,Tampa Bay Rays,0,0,3.11,1,1,0,5.1,4,3,3,1,0,9,1.26
2025-09-14,Chicago Cubs,Tampa Bay Rays,0,0,3.11,1,1,0,6.0,7,2,2,1,1,2,1.27
2025-09-20,Tampa Bay Rays,Boston Red Sox,0,0,3.18,1,1,0,6.0,5,3,3,0,3,2,1.27
2025-09-26,Toronto Blue Jays,Tampa Bay Rays,0,1,3.31,1,1,0,6.0,7,4,4,1,2,5,1.28
