Date,Home Tm,Away Tm,W,L,ERA,G,GS,SV,IP,H,R,ER,HR,BB,SO,WHIP
2025-04-30,Houston Astros,Detroit Tigers,0,1,4.5,1,1,0,4.0,5,7,2,2,1,6,1.5
2025-08-05,Miami Marlins,Houston Astros,1,0,4.0,1,0,0,5.0,3,2,2,2,1,5,1.11
2025-08-23,Baltimore Orioles,Houston Astros,1,0,4.15,1,0,0,4.0,3,2,2,2,1,4,1.08
2025-08-31,Houston Astros,Los Angeles Angels,0,0,3.86,1,0,0,1.0,0,0,0,0,0,1,1.0
2025-09-02,Houston Astros,New York Yankees,0,0,3.6,1,0,0,1.0,1,0,0,0,0,2,1.0
2025-09-05,Texas Rangers,Houston Astros,0,0,3.06,1,0,0,2.2,1,0,0,0,2,3,1.02
2025-09-09,Toronto Blue Jays,Houston Astros,0,0,2.57,1,0,0,3.1,0,0,0,0,1,4,0.9
2025-09-12,Atlanta Braves,Houston Astros,1,0,2.45,1,0,0,1.0,1,0,0,0,0,0,0.91
2025-09-16,Houston Astros,Texas Rangers,0,0,2.16,1,1,0,3.0,2,0,0,0,1,7,0.92
2025-09-21,Houston Astros,Seattle Mariners,0,0,1.93,1,0,0,3.0,0,0,0,0,0,1,0.82
2025-09-27,Los Angeles Angels,Houston Astros,0,0,1.69,1,1,0,4.0,1,0,0,0,4,2,0.88
