Date,Home Tm,Away Tm,W,L,ERA,G,GS,SV,IP,H,R,ER,HR,BB,SO,WHIP
2025-03-30,San Diego Padres,Atlanta Braves,0,1,4.5,1,1,0,4.0,6,2,2,0,3,4,2.25
2025-04-05,Atlanta Braves,Miami Marlins,0,1,5.19,1,1,0,4.2,7,3,3,1,3,6,2.19
2025-04-12,Tampa Bay Rays,Atlanta Braves,0,0,4.61,1,1,0,5.0,6,2,2,1,2,7,1.98
2025-04-29,Colorado Rockies,Atlanta Braves,1,0,4.26,1,1,0,5.1,4,2,2,1,1,5,1.68
2025-05-05,Atlanta Braves,Cincinnati Reds,1,0,3.0,1,1,0,8.0,1,0,0,0,4,5,1.37
2025-05-10,Pittsburgh Pirates,Atlanta Braves,0,0,2.76,1,1,0,5.2,5,1,1,0,2,7,1.35
2025-05-15,Atlanta Braves,Washington Nationals,1,0,2.33,1,1,0,6.0,2,1,0,0,2,6,1.24
2025-05-22,Washington Nationals,Atlanta Braves,0,0,3.67,1,1,0,3.0,8,7,7,0,3,1,1.42
2025-05-29,Philadelphia Phillies,Atlanta Braves,0,0,3.86,1,1,0,2.2,3,2,2,1,1,1,1.42
