Date,Home Tm,Away Tm,W,L,ERA,G,GS,SV,IP,H,R,ER,HR,BB,SO,WHIP
2025-03-30,St. Louis Cardinals,Minnesota Twins,1,0,3.6,1,1,0,5.0,4,2,2,1,2,3,1.2
2025-04-06,Boston Red Sox,St. Louis Cardinals,0,0,3.86,1,1,0,4.1,4,2,2,1,3,6,1.39
2025-04-11,St. Louis Cardinals,Philadelphia Phillies,1,0,2.2,1,1,0,7.0,2,0,0,0,2,4,1.04
2025-04-17,New York Mets,St. Louis Cardinals,0,1,3.22,1,1,0,6.0,7,4,4,1,0,2,1.07
2025-04-22,Atlanta Braves,St. Louis Cardinals,0,0,4.05,1,1,0,4.1,7,4,4,2,3,1,1.28
2025-04-28,Cincinnati Reds,St. Louis Cardinals,0,1,4.13,1,1,0,6.0,6,3,3,1,2,4,1.29
2025-05-04,St. Louis Cardinals,New York Mets,0,0,4.75,1,1,0,3.1,9,4,4,0,4,1,1.53
2025-05-10,Washington Nationals,St. Louis Cardinals,1,0,4.36,1,1,0,7.1,5,2,2,1,0,7,1.38
2025-05-16,Kansas City Royals,St. Louis Cardinals,1,0,4.11,1,1,0,7.0,7,2,2,1,0,4,1.33
2025-05-21,St. Louis Cardinals,Detroit Tigers,0,1,4.18,1,1,0,5.2,4,3,3,0,4,3,1.34
2025-05-27,Baltimore Orioles,St. Louis Cardinals,0,0,4.23,1,1,0,5.2,6,4,3,1,3,7,1.36
2025-06-03,St. Louis Cardinals,Kansas City Royals,0,0,4.91,1,1,0,4.1,7,7,7,2,0,2,1.38
2025-06-09,St. Louis Cardinals,Toronto Blue Jays,0,0,4.75,1,1,0,6.0,7,2,2,0,1,3,1.38
2025-06-14,Milwaukee Brewers,St. Louis Cardinals,0,0,4.83,1,1,0,4.1,4,4,3,0,2,7,1.38
2025-06-20,St. Louis Cardinals,Cincinnati Reds,1,0,4.48,1,1,0,6.0,3,0,0,0,1,4,1.32
2025-06-26,St. Louis Cardinals,Chicago Cubs,0,1,4.43,1,1,0,5.0,7,2,2,1,2,2,1.35
2025-07-01,Pittsburgh Pirates,St. Louis Cardinals,0,0,4.1,1,1,0,7.0,1,0,0,0,2,3,1.28
2025-07-09,St. Louis Cardinals,Washington Nationals,0,1,4.49,1,1,0,6.0,8,7,7,2,1,1,1.3
2025-07-18,Arizona Diamondbacks,St. Louis Cardinals,0,1,4.71,1,1,0,4.2,9,6,5,0,2,3,1.34
2025-07-23,Colorado Rockies,St. Louis Cardinals,0,1,4.91,1,1,0,5.0,8,5,5,0,2,5,1.37
2025-07-28,St. Louis Cardinals,Miami Marlins,1,0,4.62,1,1,0,7.0,1,0,0,0,1,4,1.31
2025-08-03,San Diego Padres,St. Louis Cardinals,0,1,4.57,1,1,0,5.0,5,2,2,1,3,4,1.32
2025-08-09,St. Louis Cardinals,Chicago Cubs,0,1,4.95,1,1,0,1.2,7,6,6,1,1,0,1.37
2025-08-15,St. Louis Cardinals,New York Yankees,0,1,5.04,1,1,0,5.0,6,4,4,1,3,8,1.38
2025-08-20,Miami Marlins,St. Louis Cardinals,0,1,5.17,1,1,0,5.1,8,5,5,1,3,4,1.41
2025-08-26,St. Louis Cardinals,Pittsburgh Pirates,0,1,5.44,1,1,0,5.0,8,8,7,1,1,3,1.42
2025-08-31,Cincinnati Reds,St. Louis Cardinals,0,1,5.38,1,1,0,5.0,6,5,2,1,4,6,1.44
2025-09-06,St. Louis Cardinals,San Francisco Giants,0,0,5.28,1,1,0,6.0,5,2,2,0,1,3,1.43
2025-09-12,Milwaukee Brewers,St. Louis Cardinals,0,1,5.23,1,1,0,5.0,3,5,2,0,4,0,1.43
2025-09-17,St. Louis Cardinals,Cincinnati Reds,0,1,5.29,1,1,0,5.0,6,4,4,1,3,3,1.44
2025-09-23,San Francisco Giants,St. Louis Cardinals,0,0,5.31,1,1,0,2.2,3,5,2,0,2,4,1.44
