Date,Home Tm,Away Tm,W,L,ERA,G,GS,SV,IP,H,R,ER,HR,BB,SO,WHIP
2025-04-12,Cincinnati Reds,Pittsburgh Pirates,1,0,1.8,1,1,0,5.0,2,1,1,1,2,5,0.8
2025-04-18,Baltimore Orioles,Cincinnati Reds,1,0,1.64,1,1,0,6.0,2,1,1,1,1,11,0.64
2025-04-25,Colorado Rockies,Cincinnati Reds,0,0,3.6,1,1,0,4.0,5,4,4,1,5,4,1.13
2025-05-01,Cincinnati Reds,St. Louis Cardinals,0,0,2.84,1,1,0,4.0,3,1,0,0,4,3,1.26
2025-05-06,Atlanta Braves,Cincinnati Reds,0,0,2.25,1,1,0,5.0,4,0,0,0,0,8,1.17
2025-05-13,Cincinnati Reds,Chicago White Sox,0,0,2.1,1,1,0,6.0,4,1,1,0,0,7,1.07
2025-05-18,Cincinnati Reds,Cleveland Guardians,1,0,1.8,1,1,0,5.0,4,0,0,0,3,5,1.11
2025-05-24,Cincinnati Reds,Chicago Cubs,1,0,1.77,1,1,0,5.2,6,1,1,1,2,2,1.16
2025-05-30,Chicago Cubs,Cincinnati Reds,1,0,1.51,1,1,0,7.0,1,0,0,0,1,8,1.03
2025-06-04,Cincinnati Reds,Milwaukee Brewers,0,1,2.18,1,1,0,6.0,7,5,5,2,1,6,1.06
2025-06-10,Cleveland Guardians,Cincinnati Reds,1,0,1.87,1,1,0,9.0,3,0,0,0,1,5,0.97
2025-06-17,Cincinnati Reds,Minnesota Twins,0,0,1.84,1,1,0,5.2,8,5,1,2,0,5,1.01
2025-06-22,St. Louis Cardinals,Cincinnati Reds,1,0,1.79,1,1,0,7.0,4,1,1,0,0,3,0.97
2025-06-28,Cincinnati Reds,San Diego Padres,0,0,1.79,1,1,0,5.0,7,1,1,1,2,4,1.02
2025-07-04,Philadelphia Phillies,Cincinnati Reds,0,0,2.15,1,1,0,3.1,9,4,4,1,0,2,1.09
2025-07-09,Cincinnati Reds,Miami Marlins,1,0,2.07,1,1,0,7.2,6,1,1,0,2,5,1.08
2025-07-20,New York Mets,Cincinnati Reds,0,0,2.13,1,1,0,6.0,6,2,2,0,1,5,1.09
2025-07-26,Cincinnati Reds,Tampa Bay Rays,0,0,2.09,1,1,0,6.0,2,1,1,1,3,7,1.07
2025-07-31,Cincinnati Reds,Atlanta Braves,0,0,2.15,1,1,0,5.1,5,3,2,0,5,1,1.11
2025-08-06,Chicago Cubs,Cincinnati Reds,0,1,2.34,1,1,0,6.2,7,4,4,2,2,3,1.13
2025-08-11,Cincinnati Reds,Philadelphia Phillies,0,1,2.41,1,1,0,7.2,6,3,3,0,0,6,1.11
2025-08-17,Cincinnati Reds,Milwaukee Brewers,0,0,2.28,1,1,0,7.0,4,0,0,0,0,7,1.08
2025-08-23,Arizona Diamondbacks,Cincinnati Reds,0,1,2.62,1,1,0,4.0,8,7,6,2,0,6,1.1
2025-08-30,Cincinnati Reds,St. Louis Cardinals,0,1,2.65,1,1,0,5.0,3,2,2,0,4,7,1.12
2025-09-05,Cincinnati Reds,New York Mets,0,1,2.88,1,1,0,4.2,9,5,5,1,1,5,1.15
2025-09-10,San Diego Padres,Cincinnati Reds,1,0,2.79,1,1,0,8.0,5,1,1,1,2,6,1.13
2025-09-16,St. Louis Cardinals,Cincinnati Reds,0,1,2.88,1,1,0,4.2,8,3,3,1,0,7,1.15
2025-09-21,Cincinnati Reds,Chicago Cubs,0,0,2.8,1,1,0,4.2,5,0,0,0,1,2,1.16
2025-09-27,Milwaukee Brewers,Cincinnati Reds,1,0,2.87,1,1,0,5.1,5,3,3,1,0,4,1.15
