Date,Home Tm,Away Tm,W,L,ERA,G,GS,SV,IP,H,R,ER,HR,BB,SO,WHIP
2025-03-30,Miami Marlins,Pittsburgh Pirates,0,0,1.8,1,1,0,5.0,4,1,1,0,1,2,1.0
2025-04-06,Pittsburgh Pirates,New York Yankees,0,0,1.5,1,1,0,7.0,5,1,1,0,1,10,0.92
2025-04-12,Cincinnati Reds,Pittsburgh Pirates,0,1,3.0,1,1,0,6.0,3,4,4,1,2,6,0.89
2025-04-17,Pittsburgh Pirates,Washington Nationals,1,0,2.13,1,1,0,7.1,5,0,0,0,2,4,0.91
2025-04-23,Los Angeles Angels,Pittsburgh Pirates,1,0,1.72,1,1,0,6.0,1,0,0,0,0,9,0.77
2025-04-29,Pittsburgh Pirates,Chicago Cubs,0,1,2.5,1,1,0,4.2,5,4,4,2,3,0,0.89
2025-05-04,Pittsburgh Pirates,San Diego Padres,0,1,3.18,1,1,0,3.2,8,4,4,1,4,3,1.11
2025-05-10,Pittsburgh Pirates,Atlanta Braves,0,0,3.15,1,1,0,6.0,4,2,2,1,3,2,1.12
2025-05-16,Philadelphia Phillies,Pittsburgh Pirates,0,0,3.02,1,1,0,5.0,4,1,1,0,3,2,1.14
2025-05-21,Pittsburgh Pirates,Cincinnati Reds,1,0,2.91,1,1,0,5.0,3,1,1,0,2,4,1.13
2025-05-26,Arizona Diamondbacks,Pittsburgh Pirates,0,1,3.41,1,1,0,5.0,8,5,5,2,3,2,1.22
2025-06-01,San Diego Padres,Pittsburgh Pirates,0,0,3.39,1,1,0,5.2,5,2,2,1,0,3,1.19
2025-06-07,Pittsburgh Pirates,Philadelphia Phillies,0,0,3.24,1,1,0,6.0,4,1,1,1,0,5,1.15
2025-06-12,Chicago Cubs,Pittsburgh Pirates,0,1,3.33,1,1,0,6.0,4,3,3,2,0,7,1.11
2025-06-19,Detroit Tigers,Pittsburgh Pirates,0,1,3.94,1,1,0,4.0,8,7,7,0,3,2,1.19
2025-06-24,Milwaukee Brewers,Pittsburgh Pirates,0,1,4.48,1,1,0,4.0,7,7,7,3,3,3,1.25
2025-06-30,Pittsburgh Pirates,St. Louis Cardinals,1,0,4.16,1,1,0,6.2,3,0,0,0,1,7,1.2
2025-07-07,Kansas City Royals,Pittsburgh Pirates,0,1,4.41,1,1,0,3.0,6,4,4,1,1,2,1.24
2025-07-12,Minnesota Twins,Pittsburgh Pirates,0,0,4.59,1,0,0,2.0,3,3,3,3,1,0,1.26
2025-07-20,Pittsburgh Pirates,Chicago White Sox,0,1,5.03,1,1,0,4.0,9,7,7,2,2,1,1.31
2025-07-26,Pittsburgh Pirates,Arizona Diamondbacks,1,0,4.79,1,1,0,5.0,2,0,0,0,0,4,1.27
2025-08-01,Colorado Rockies,Pittsburgh Pirates,0,0,4.89,1,1,0,3.1,7,4,3,1,1,1,1.31
2025-08-06,Pittsburgh Pirates,San Francisco Giants,0,0,4.77,1,1,0,4.2,2,1,1,1,0,1,1.27
2025-08-11,Milwaukee Brewers,Pittsburgh Pirates,0,1,4.99,1,1,0,4.0,9,6,5,2,2,3,1.32
2025-08-17,Chicago Cubs,Pittsburgh Pirates,0,0,5.04,1,0,0,0.2,1,1,1,0,1,0,1.33
2025-08-25,St. Louis Cardinals,Pittsburgh Pirates,0,0,5.39,1,0,0,0.2,5,5,5,0,0,1,1.36
2025-09-27,Seattle Mariners,Los Angeles Dodgers,0,0,5.52,1,0,0,2.0,4,3,3,1,1,2,1.38
