Date,Home Tm,Away Tm,W,L,ERA,G,GS,SV,IP,H,R,ER,HR,BB,SO,WHIP
2025-03-27,Kansas City Royals,Cleveland Guardians,0,0,6.75,1,0,0,1.1,3,1,1,1,0,0,2.25
2025-03-31,Milwaukee Brewers,Kansas City Royals,0,0,7.71,1,0,0,1.0,2,1,1,0,0,1,2.14
2025-04-02,Milwaukee Brewers,Kansas City Royals,0,0,6.75,1,0,0,0.1,1,0,0,0,1,0,2.63
2025-04-08,Kansas City Royals,Minnesota Twins,0,0,4.91,1,0,0,1.0,1,0,0,0,0,0,2.18
2025-04-12,Cleveland Guardians,Kansas City Royals,0,0,4.15,1,0,0,0.2,0,0,0,0,1,1,2.08
2025-04-15,New York Yankees,Kansas City Royals,0,0,5.4,1,0,0,0.2,1,1,1,0,1,1,2.2
2025-04-16,New York Yankees,Kansas City Royals,0,0,4.5,1,0,0,1.0,0,0,0,0,0,2,1.83
2025-04-18,Detroit Tigers,Kansas City Royals,0,0,5.68,1,0,0,0.1,2,1,1,0,0,1,2.05
2025-04-24,Kansas City Royals,Colorado Rockies,1,0,4.32,1,0,0,2.0,1,0,0,0,1,1,1.8
2025-04-27,Kansas City Royals,Houston Astros,0,0,4.82,1,0,0,1.0,1,1,1,1,0,1,1.71
2025-04-29,Tampa Bay Rays,Kansas City Royals,0,0,4.35,1,0,0,1.0,1,0,0,0,0,2,1.65
2025-05-01,Tampa Bay Rays,Kansas City Royals,0,0,3.97,1,0,0,1.0,2,0,0,0,0,0,1.68
2025-05-04,Baltimore Orioles,Kansas City Royals,1,0,4.15,1,0,0,1.2,3,1,1,0,0,0,1.69
2025-05-06,Kansas City Royals,Chicago White Sox,0,0,4.5,1,0,0,1.0,3,1,1,0,0,2,1.79
2025-05-10,Kansas City Royals,Boston Red Sox,0,0,7.2,1,0,0,1.0,4,5,5,2,1,0,2.0
2025-05-16,Kansas City Royals,St. Louis Cardinals,0,0,6.75,1,0,0,1.0,1,0,0,0,0,0,1.94
2025-05-17,Kansas City Royals,St. Louis Cardinals,0,0,6.35,1,0,0,1.0,0,0,0,0,0,0,1.82
2025-05-20,San Francisco Giants,Kansas City Royals,0,0,6.23,1,0,0,0.1,0,0,0,0,0,0,1.79
2025-05-21,San Francisco Giants,Kansas City Royals,0,0,5.89,1,0,0,1.0,1,0,0,0,0,1,1.75
2025-05-24,Minnesota Twins,Kansas City Royals,0,0,5.59,1,0,0,1.0,0,0,0,0,0,1,1.66
2025-05-26,Kansas City Royals,Cincinnati Reds,0,0,5.31,1,0,0,1.0,1,0,0,0,0,0,1.62
2025-05-27,Kansas City Royals,Cincinnati Reds,0,0,5.14,1,0,0,0.2,0,0,0,0,0,0,1.57
2025-05-28,Kansas City Royals,Cincinnati Reds,0,0,5.4,1,0,0,0.2,2,1,1,0,0,0,1.62
2025-06-01,Kansas City Royals,Detroit Tigers,0,0,5.01,1,0,0,1.2,0,0,0,0,0,0,1.5
2025-06-03,St. Louis Cardinals,Kansas City Royals,0,0,4.88,1,0,0,0.2,1,0,0,0,1,0,1.54
2025-06-05,St. Louis Cardinals,Kansas City Royals,1,0,4.33,1,0,0,3.0,1,0,0,0,1,4,1.44
2025-06-08,Chicago White Sox,Kansas City Royals,0,0,4.18,1,0,0,1.0,0,0,0,0,0,2,1.39
2025-06-11,Kansas City Royals,New York Yankees,0,0,4.03,1,0,0,1.0,0,0,0,0,0,2,1.34
2025-06-12,Kansas City Royals,New York Yankees,0,0,3.86,1,0,0,1.1,0,0,0,0,0,2,1.29
2025-06-15,Kansas City Royals,Athletics,0,0,3.73,1,0,0,1.0,1,0,0,0,1,2,1.31
2025-06-19,Texas Rangers,Kansas City Royals,0,0,3.62,1,0,0,1.0,1,0,0,0,0,1,1.3
2025-06-20,San Diego Padres,Kansas City Royals,0,0,3.55,1,0,0,0.2,2,0,0,0,0,0,1.33
2025-06-22,San Diego Padres,Kansas City Royals,0,0,3.78,1,0,0,0.1,0,1,1,0,2,0,1.38
2025-06-26,Kansas City Royals,Tampa Bay Rays,0,0,3.74,1,0,0,0.1,0,0,0,0,0,1,1.37
2025-06-27,Kansas City Royals,Los Angeles Dodgers,0,0,3.63,1,0,0,1.0,0,0,0,0,0,3,1.33
2025-06-29,Kansas City Royals,Los Angeles Dodgers,0,0,3.79,1,0,0,1.0,2,1,1,0,0,1,1.35
2025-07-01,Seattle Mariners,Kansas City Royals,0,0,3.72,1,0,0,0.2,0,0,0,0,2,0,1.38
2025-07-02,Seattle Mariners,Kansas City Royals,0,1,4.14,1,0,0,0.2,1,2,2,0,0,0,1.38
2025-07-08,Kansas City Royals,Pittsburgh Pirates,0,0,4.03,1,0,0,1.0,0,0,0,0,0,2,1.34
2025-07-11,Kansas City Royals,New York Mets,0,0,3.89,1,0,0,1.1,0,0,0,0,1,3,1.32
2025-07-12,Kansas City Royals,New York Mets,0,0,3.79,1,1,0,1.0,0,0,0,0,0,1,1.29
2025-07-18,Miami Marlins,Kansas City Royals,0,0,3.7,1,0,0,1.0,0,0,0,0,1,1,1.28
2025-07-26,Kansas City Royals,Cleveland Guardians,0,0,3.64,1,0,0,0.2,1,0,0,0,0,1,1.29
2025-07-27,Kansas City Royals,Cleveland Guardians,0,0,3.77,1,0,0,1.0,2,1,1,1,0,2,1.3
2025-07-29,Kansas City Royals,Atlanta Braves,0,0,4.15,1,0,0,0.1,2,2,2,0,1,0,1.36
2025-07-30,Kansas City Royals,Atlanta Braves,0,0,4.06,1,1,0,1.0,1,0,0,0,0,0,1.35
2025-08-04,Boston Red Sox,Kansas City Royals,0,0,3.94,1,0,0,1.1,0,0,0,0,0,1,1.31
2025-08-05,Boston Red Sox,Kansas City Royals,0,0,4.11,1,0,0,0.1,3,1,1,0,0,0,1.37
2025-08-09,Minnesota Twins,Kansas City Royals,0,0,4.08,1,0,0,0.1,0,0,0,0,0,1,1.36
2025-08-10,Minnesota Twins,Kansas City Royals,0,0,3.97,1,0,0,1.1,0,0,0,0,0,2,1.32
2025-08-11,Kansas City Royals,Washington Nationals,0,0,3.88,1,0,0,1.0,1,0,0,0,0,1,1.32
2025-08-15,Kansas City Royals,Chicago White Sox,0,0,3.81,1,0,0,1.0,0,0,0,0,0,2,1.29
2025-08-17,Kansas City Royals,Chicago White Sox,0,0,3.75,1,0,0,0.2,0,0,0,0,1,2,1.29
2025-08-19,Kansas City Royals,Texas Rangers,1,0,3.63,1,0,0,1.2,1,0,0,0,1,0,1.29
2025-08-21,Kansas City Royals,Texas Rangers,1,0,3.52,1,0,0,1.2,0,0,0,0,0,1,1.25
2025-08-22,Detroit Tigers,Kansas City Royals,0,0,3.69,1,0,0,0.0,3,1,1,1,0,0,1.3
2025-08-24,Detroit Tigers,Kansas City Royals,0,0,3.83,1,0,0,0.1,2,1,1,0,0,0,1.33
2025-08-27,Chicago White Sox,Kansas City Royals,0,0,3.76,1,0,0,1.0,1,0,0,0,0,1,1.33
2025-08-29,Kansas City Royals,Detroit Tigers,0,0,3.7,1,0,0,1.0,1,0,0,0,0,1,1.32
2025-08-30,Kansas City Royals,Detroit Tigers,0,0,3.67,1,0,0,0.1,0,0,0,0,0,0,1.31
2025-09-05,Kansas City Royals,Minnesota Twins,0,0,3.61,1,0,0,1.0,0,0,0,0,1,0,1.31
2025-09-07,Kansas City Royals,Minnesota Twins,0,0,3.57,1,0,0,0.2,1,0,0,0,0,0,1.31
2025-09-09,Cleveland Guardians,Kansas City Royals,0,0,3.55,1,0,0,0.1,1,0,0,0,1,1,1.34
2025-09-10,Cleveland Guardians,Kansas City Royals,0,0,3.6,1,0,0,1.2,1,1,1,0,2,1,1.35
2025-09-13,Philadelphia Phillies,Kansas City Royals,0,1,3.98,1,0,0,1.0,3,3,3,1,1,1,1.39
2025-09-17,Kansas City Royals,Seattle Mariners,0,0,4.06,1,0,0,1.0,1,1,1,0,0,0,1.39
2025-09-21,Kansas City Royals,Toronto Blue Jays,0,0,4.16,1,0,0,0.2,1,1,1,0,0,0,1.39
2025-09-26,Athletics,Kansas City Royals,0,0,4.08,1,0,0,1.1,0,0,0,0,0,1,1.36
2025-09-27,Athletics,Kansas City Royals,0,0,4.18,1,0,0,0.2,2,1,1,0,0,0,1.38
