Date,Home Tm,Away Tm,W,L,ERA,G,GS,SV,IP,H,R,ER,HR,BB,SO,WHIP
2025-05-14,Texas Rangers,Colorado Rockies,0,0,0.0,1,0,0,1.0,0,0,0,0,0,1,0.0
2025-06-14,Atlanta Braves,Colorado Rockies,0,0,0.0,1,0,0,2.0,1,0,0,0,0,2,0.33
2025-06-17,Washington Nationals,Colorado Rockies,0,0,9.64,1,0,0,1.2,6,5,5,2,0,0,1.5
2025-06-20,Colorado Rockies,Arizona Diamondbacks,0,0,8.1,1,0,0,2.0,4,1,1,0,0,1,1.65
2025-06-25,Colorado Rockies,Los Angeles Dodgers,0,0,7.27,1,0,0,2.0,2,1,1,1,0,2,1.5
2025-08-05,Colorado Rockies,Toronto Blue Jays,0,1,9.22,1,1,0,5.0,9,7,7,5,1,2,1.68
2025-08-14,Colorado Rockies,Arizona Diamondbacks,0,0,8.44,1,0,0,2.1,2,1,1,0,1,3,1.63
2025-08-17,Colorado Rockies,Arizona Diamondbacks,1,0,7.94,1,0,0,1.0,1,0,0,0,1,2,1.65
2025-08-19,Colorado Rockies,Los Angeles Dodgers,0,0,7.52,1,0,0,3.1,5,2,2,0,1,0,1.67
2025-08-22,Pittsburgh Pirates,Colorado Rockies,0,0,8.31,1,0,0,1.1,4,3,3,2,0,0,1.75
2025-09-01,Colorado Rockies,San Francisco Giants,0,0,8.14,1,0,0,2.2,3,2,2,1,1,3,1.73
2025-09-06,Colorado Rockies,San Diego Padres,0,0,7.71,1,0,0,1.1,1,0,0,0,0,3,1.68
2025-09-07,Colorado Rockies,San Diego Padres,0,0,7.43,1,0,0,1.0,1,0,0,0,0,1,1.65
2025-09-10,Los Angeles Dodgers,Colorado Rockies,0,0,7.94,1,0,0,1.2,4,4,3,1,0,0,1.69
2025-09-16,Colorado Rockies,Miami Marlins,0,0,7.42,1,0,0,2.0,1,0,0,0,0,2,1.62
2025-09-18,Colorado Rockies,Miami Marlins,0,0,7.52,1,0,0,2.0,5,3,2,0,0,0,1.67
2025-09-25,Seattle Mariners,Colorado Rockies,0,0,7.27,1,0,0,2.1,3,1,1,0,1,2,1.67
