Date,Home Tm,Away Tm,W,L,ERA,G,GS,SV,IP,H,R,ER,HR,BB,SO,WHIP
2025-06-15,Arizona Diamondbacks,San Diego Padres,0,0,7.71,1,0,0,2.1,3,2,2,1,0,2,1.29
2025-06-19,Toronto Blue Jays,Arizona Diamondbacks,0,0,10.38,1,0,0,2.0,5,4,3,2,0,1,1.85
2025-06-23,Chicago White Sox,Arizona Diamondbacks,0,0,6.14,1,0,1,3.0,0,0,0,0,2,4,1.36
2025-07-01,Arizona Diamondbacks,San Francisco Giants,0,0,4.82,1,0,0,2.0,1,0,0,0,0,2,1.18
2025-07-06,Arizona Diamondbacks,Kansas City Royals,0,1,6.08,1,1,0,4.0,4,4,4,2,0,6,1.13
2025-07-11,Los Angeles Angels,Arizona Diamondbacks,0,0,4.96,1,0,0,3.0,2,0,0,0,2,2,1.16
2025-07-20,Arizona Diamondbacks,St. Louis Cardinals,0,0,4.66,1,0,1,3.0,4,1,1,0,0,4,1.19
2025-07-25,Pittsburgh Pirates,Arizona Diamondbacks,1,0,3.86,1,0,0,4.0,0,0,0,0,2,3,1.07
2025-08-01,Athletics,Arizona Diamondbacks,0,1,4.91,1,1,0,2.1,5,4,4,1,3,0,1.29
2025-08-06,Arizona Diamondbacks,San Diego Padres,0,0,4.2,1,1,0,4.1,3,0,0,0,0,4,1.2
2025-08-12,Texas Rangers,Arizona Diamondbacks,0,0,4.36,1,1,0,3.0,3,2,2,0,2,3,1.24
2025-09-08,San Francisco Giants,Arizona Diamondbacks,0,0,5.0,1,0,0,3.0,4,4,4,3,0,2,1.25
2025-09-14,Minnesota Twins,Arizona Diamondbacks,0,0,5.12,1,0,0,2.2,3,2,2,2,1,3,1.27
