Date,Home Tm,Away Tm,W,L,ERA,G,GS,SV,IP,H,R,ER,HR,BB,SO,WHIP
2025-03-28,Miami Marlins,Pittsburgh Pirates,0,0,0.0,1,0,0,1.0,0,0,0,0,0,1,0.0
2025-03-29,Miami Marlins,Pittsburgh Pirates,0,0,5.4,1,0,0,0.2,0,1,1,0,1,1,0.6
2025-04-01,Miami Marlins,New York Mets,0,0,4.5,1,0,0,0.1,1,0,0,0,1,0,1.5
2025-04-02,Miami Marlins,New York Mets,0,0,3.0,1,0,0,1.0,0,0,0,0,0,1,1.0
2025-04-05,Atlanta Braves,Miami Marlins,0,0,2.45,1,0,0,0.2,2,0,0,0,0,2,1.36
2025-04-07,New York Mets,Miami Marlins,0,0,2.25,1,0,0,0.1,2,0,0,0,0,0,1.75
2025-04-11,Miami Marlins,Washington Nationals,0,0,6.23,1,0,0,0.1,1,2,2,0,1,0,2.08
2025-04-12,Miami Marlins,Washington Nationals,0,0,5.4,1,0,0,0.2,1,0,0,0,0,0,2.0
2025-04-16,Miami Marlins,Arizona Diamondbacks,0,0,4.26,1,0,0,1.1,1,0,0,0,1,0,1.89
2025-04-18,Philadelphia Phillies,Miami Marlins,0,0,4.15,1,0,0,2.1,4,1,1,1,0,2,1.85
2025-04-22,Miami Marlins,Cincinnati Reds,0,0,3.72,1,0,0,1.0,0,0,0,0,1,1,1.76
2025-04-23,Miami Marlins,Cincinnati Reds,0,0,4.5,1,0,0,0.1,1,1,1,0,1,0,1.9
2025-04-26,Seattle Mariners,Miami Marlins,0,0,4.09,1,0,0,1.0,0,0,0,0,0,0,1.73
2025-04-28,Los Angeles Dodgers,Miami Marlins,0,0,3.75,1,0,0,1.0,0,0,0,0,1,0,1.67
2025-04-30,Los Angeles Dodgers,Miami Marlins,0,0,3.46,1,0,0,1.0,0,0,0,0,0,0,1.54
2025-05-03,Miami Marlins,Athletics,0,0,3.21,1,0,0,1.0,0,0,0,0,0,2,1.43
2025-05-04,Miami Marlins,Athletics,0,0,3.14,1,0,0,0.1,0,0,0,0,0,1,1.4
2025-05-06,Miami Marlins,Los Angeles Dodgers,0,0,4.2,1,0,0,0.2,3,2,2,2,1,1,1.6
2025-05-11,Chicago White Sox,Miami Marlins,0,0,3.94,1,0,0,1.0,0,0,0,0,0,1,1.5
2025-05-12,Chicago Cubs,Miami Marlins,0,0,4.86,1,0,0,0.2,2,2,2,1,0,2,1.56
2025-06-06,Tampa Bay Rays,Miami Marlins,0,0,4.58,1,0,0,1.0,0,0,0,0,1,2,1.53
2025-06-08,Tampa Bay Rays,Miami Marlins,0,0,4.12,1,1,0,2.0,3,0,0,0,0,2,1.53
2025-06-13,Washington Nationals,Miami Marlins,0,0,4.87,1,0,0,0.2,3,2,2,0,0,0,1.62
2025-06-14,Washington Nationals,Miami Marlins,0,0,4.71,1,0,0,0.2,1,0,0,0,1,1,1.67
2025-08-20,Miami Marlins,St. Louis Cardinals,0,0,4.5,1,0,0,1.0,1,0,0,0,0,1,1.64
2025-08-22,Tampa Bay Rays,St. Louis Cardinals,0,0,4.68,1,0,0,3.0,2,2,2,0,1,4,1.56
