Date,Home Tm,Away Tm,W,L,ERA,G,GS,SV,IP,H,R,ER,HR,BB,SO,WHIP
2025-03-18,Chicago Cubs,Los Angeles Dodgers,0,0,0.0,1,0,0,1.0,0,0,0,0,0,1,0.0
2025-03-28,Los Angeles Dodgers,Detroit Tigers,0,0,0.0,1,0,0,1.0,0,0,0,0,0,2,0.0
2025-03-29,Los Angeles Dodgers,Detroit Tigers,1,0,0.0,1,0,0,1.0,0,0,0,0,0,2,0.0
2025-04-01,Los Angeles Dodgers,Atlanta Braves,1,0,0.0,1,0,0,1.0,1,0,0,0,1,1,0.5
2025-04-05,Philadelphia Phillies,Los Angeles Dodgers,1,0,0.0,1,0,0,1.0,0,0,0,0,0,0,0.4
2025-04-07,Washington Nationals,Los Angeles Dodgers,0,0,3.38,1,0,0,0.1,3,2,2,1,0,0,0.94
2025-04-09,Washington Nationals,Los Angeles Dodgers,0,0,2.84,1,0,0,1.0,0,0,0,0,0,0,0.79
2025-04-14,Los Angeles Dodgers,Colorado Rockies,0,0,4.91,1,0,0,1.0,2,2,2,1,1,1,1.09
2025-04-16,Los Angeles Dodgers,Colorado Rockies,0,0,4.32,1,0,0,1.0,0,0,0,0,0,1,0.96
2025-04-20,Texas Rangers,Los Angeles Dodgers,0,0,4.0,1,0,0,0.2,1,0,0,0,0,1,1.0
2025-04-22,Chicago Cubs,Los Angeles Dodgers,0,0,3.6,1,0,0,1.0,2,0,0,0,0,0,1.1
2025-04-23,Chicago Cubs,Los Angeles Dodgers,0,0,3.38,1,0,0,0.2,1,0,0,0,1,0,1.22
2025-04-28,Los Angeles Dodgers,Miami Marlins,0,0,4.38,1,0,0,1.2,1,2,2,1,1,0,1.22
2025-04-30,Los Angeles Dodgers,Miami Marlins,0,0,4.05,1,0,0,1.0,0,0,0,0,0,0,1.13
2025-05-03,Atlanta Braves,Los Angeles Dodgers,0,0,3.68,1,0,0,1.1,0,0,0,0,0,1,1.02
2025-05-04,Atlanta Braves,Los Angeles Dodgers,0,0,3.38,1,0,0,1.1,1,0,0,0,0,0,1.0
2025-05-06,Miami Marlins,Los Angeles Dodgers,0,0,3.18,1,0,0,1.0,2,0,0,0,1,1,1.12
2025-05-09,Arizona Diamondbacks,Los Angeles Dodgers,0,0,4.82,1,0,0,1.2,3,4,4,1,3,2,1.34
2025-05-13,Los Angeles Dodgers,Athletics,0,0,4.58,1,0,0,1.0,1,0,0,0,0,1,1.32
2025-05-15,Los Angeles Dodgers,Athletics,0,0,4.35,1,0,0,1.0,0,0,0,0,1,1,1.31
2025-05-18,Los Angeles Dodgers,Los Angeles Angels,0,1,4.37,1,0,0,2.0,2,1,1,1,0,2,1.28
2025-05-20,Los Angeles Dodgers,Arizona Diamondbacks,1,0,4.3,1,0,0,0.1,0,0,0,0,0,0,1.26
2025-05-23,New York Mets,Los Angeles Dodgers,0,0,4.18,1,0,0,0.2,0,0,0,0,2,1,1.31
2025-05-24,New York Mets,Los Angeles Dodgers,0,0,4.01,1,0,0,1.0,1,0,0,0,1,0,1.34
2025-05-31,Los Angeles Dodgers,New York Yankees,0,0,3.86,1,0,0,1.0,0,0,0,0,1,2,1.32
2025-06-01,Los Angeles Dodgers,New York Yankees,0,0,4.44,1,0,0,0.2,0,2,2,0,2,1,1.37
2025-06-03,Los Angeles Dodgers,New York Mets,0,0,4.39,1,0,0,0.1,0,0,0,0,0,0,1.35
2025-06-04,Los Angeles Dodgers,New York Mets,0,0,4.23,1,0,0,1.0,0,0,0,0,0,0,1.3
2025-06-06,St. Louis Cardinals,Los Angeles Dodgers,0,0,4.08,1,0,0,1.0,0,0,0,0,0,0,1.26
2025-06-09,San Diego Padres,Los Angeles Dodgers,0,0,3.82,1,0,0,2.0,0,0,0,0,0,1,1.17
2025-06-11,San Diego Padres,Los Angeles Dodgers,0,0,3.73,1,0,0,0.2,0,0,0,0,0,0,1.15
2025-06-14,Los Angeles Dodgers,San Francisco Giants,0,0,3.69,1,0,0,0.1,0,0,0,0,0,0,1.14
2025-06-16,Los Angeles Dodgers,San Diego Padres,0,0,3.62,1,0,0,0.2,0,0,0,0,1,2,1.14
2025-06-17,Los Angeles Dodgers,San Diego Padres,0,0,3.51,1,0,0,1.0,2,0,0,0,1,2,1.2
2025-06-22,Los Angeles Dodgers,Washington Nationals,0,0,3.41,1,0,0,1.0,1,0,0,0,1,0,1.22
2025-06-24,Colorado Rockies,Los Angeles Dodgers,0,0,4.11,1,0,0,0.2,2,3,3,0,1,1,1.29
2025-06-27,Kansas City Royals,Los Angeles Dodgers,0,0,4.08,1,0,0,0.1,1,0,0,0,1,1,1.33
2025-06-28,Kansas City Royals,Los Angeles Dodgers,0,0,4.0,1,0,0,0.2,0,0,0,0,0,1,1.31
2025-07-01,Los Angeles Dodgers,Chicago White Sox,0,0,3.89,1,0,0,1.0,0,0,0,0,0,3,1.27
2025-07-04,Los Angeles Dodgers,Houston Astros,0,0,3.92,1,0,0,2.0,2,1,1,0,1,0,1.28
2025-07-06,Los Angeles Dodgers,Houston Astros,0,0,4.05,1,0,0,1.0,1,1,1,1,0,0,1.28
2025-07-07,Milwaukee Brewers,Los Angeles Dodgers,0,0,3.95,1,0,0,1.0,0,0,0,0,0,1,1.24
2025-07-11,San Francisco Giants,Los Angeles Dodgers,0,0,4.14,1,0,0,0.1,2,1,1,0,1,0,1.31
2025-07-18,Los Angeles Dodgers,Milwaukee Brewers,0,0,4.07,1,0,0,0.2,0,0,0,0,0,0,1.29
2025-07-19,Los Angeles Dodgers,Milwaukee Brewers,0,0,4.01,1,0,0,0.2,1,0,0,0,0,2,1.29
2025-07-20,Los Angeles Dodgers,Milwaukee Brewers,0,0,3.92,1,0,0,1.0,2,0,0,0,0,0,1.31
2025-07-23,Los Angeles Dodgers,Minnesota Twins,1,0,3.83,1,0,0,1.0,1,0,0,0,0,3,1.3
2025-07-25,Boston Red Sox,Los Angeles Dodgers,0,0,3.69,1,0,0,1.2,1,0,0,0,0,1,1.27
2025-07-29,Cincinnati Reds,Los Angeles Dodgers,0,0,3.64,1,0,0,0.2,1,0,0,0,0,0,1.28
2025-07-30,Cincinnati Reds,Los Angeles Dodgers,0,0,3.56,1,0,0,1.0,0,0,0,0,0,2,1.25
2025-08-02,Tampa Bay Rays,Los Angeles Dodgers,0,0,3.49,1,0,0,1.0,0,0,0,0,0,2,1.22
2025-08-04,Los Angeles Dodgers,St. Louis Cardinals,0,0,3.6,1,0,0,1.0,1,1,1,1,0,1,1.22
2025-08-05,Los Angeles Dodgers,St. Louis Cardinals,0,0,3.55,1,0,0,0.2,0,0,0,0,1,1,1.22
2025-08-08,Los Angeles Dodgers,Toronto Blue Jays,0,0,3.51,1,0,0,0.2,1,0,0,0,0,1,1.23
2025-08-10,Los Angeles Dodgers,Toronto Blue Jays,0,0,3.48,1,0,0,0.1,0,0,0,0,0,0,1.22
2025-08-11,Los Angeles Angels,Los Angeles Dodgers,0,0,3.42,1,0,0,1.0,1,0,0,0,1,1,1.23
2025-08-13,Los Angeles Angels,Los Angeles Dodgers,0,0,3.38,1,0,0,0.2,0,0,0,0,2,1,1.26
2025-08-16,Los Angeles Dodgers,San Diego Padres,0,0,3.33,1,0,0,0.2,0,0,0,0,0,1,1.24
2025-08-17,Los Angeles Dodgers,San Diego Padres,0,0,3.48,1,0,0,0.1,2,1,1,0,0,1,1.27
2025-08-19,Colorado Rockies,Los Angeles Dodgers,0,0,3.42,1,0,0,1.0,0,0,0,0,0,0,1.25
2025-08-25,Los Angeles Dodgers,Cincinnati Reds,0,0,3.36,1,0,0,1.0,0,0,0,0,2,1,1.26
2025-08-29,Los Angeles Dodgers,Arizona Diamondbacks,0,0,3.32,1,0,0,0.2,0,0,0,0,0,1,1.25
2025-09-02,Pittsburgh Pirates,Los Angeles Dodgers,0,0,3.28,1,0,0,0.2,0,0,0,0,0,0,1.23
2025-09-05,Baltimore Orioles,Los Angeles Dodgers,0,0,3.39,1,0,0,0.2,0,1,1,0,2,0,1.25
2025-09-10,Los Angeles Dodgers,Colorado Rockies,0,0,3.34,1,0,0,1.0,0,0,0,0,1,3,1.25
2025-09-15,Los Angeles Dodgers,Philadelphia Phillies,0,0,3.47,1,1,0,0.1,1,1,1,1,1,1,1.27
2025-09-16,Los Angeles Dodgers,Philadelphia Phillies,0,0,3.41,1,0,0,1.0,0,0,0,0,1,0,1.27
2025-09-18,Los Angeles Dodgers,San Francisco Giants,0,0,3.36,1,0,0,1.0,0,0,0,0,0,1,1.25
2025-09-20,Los Angeles Dodgers,San Francisco Giants,0,0,3.3,1,0,0,1.0,1,0,0,0,0,1,1.24
2025-09-25,Arizona Diamondbacks,Los Angeles Dodgers,0,0,3.25,1,0,0,1.0,0,0,0,0,0,2,1.23
2025-09-26,Seattle Mariners,Los Angeles Dodgers,0,0,3.18,1,0,0,1.1,0,0,0,0,1,1,1.22
