Date,Home Tm,Away Tm,W,L,ERA,G,GS,SV,IP,H,R,ER,HR,BB,SO,WHIP
2025-03-29,Tampa Bay Rays,Colorado Rockies,0,0,0.0,1,1,0,4.1,9,0,0,0,2,0,2.54
2025-04-03,Philadelphia Phillies,Colorado Rockies,0,1,0.0,1,1,0,5.1,10,1,0,0,0,3,2.17
2025-04-09,Colorado Rockies,Milwaukee Brewers,0,1,5.14,1,1,0,4.1,8,9,8,2,1,3,2.14
2025-04-14,Los Angeles Dodgers,Colorado Rockies,0,1,5.89,1,1,0,4.1,9,4,4,2,1,1,2.18
2025-04-20,Colorado Rockies,Washington Nationals,1,0,4.81,1,1,0,6.0,6,1,1,0,1,2,1.93
2025-04-26,Colorado Rockies,Cincinnati Reds,0,1,5.22,1,1,0,5.0,8,4,4,3,0,4,1.88
2025-05-02,San Francisco Giants,Colorado Rockies,0,1,5.5,1,1,0,5.0,7,4,4,1,2,4,1.86
2025-05-09,Colorado Rockies,San Diego Padres,0,1,5.77,1,1,0,4.2,9,8,4,0,2,2,1.92
2025-05-14,Texas Rangers,Colorado Rockies,0,1,6.39,1,1,0,4.2,8,6,6,1,4,3,1.99
2025-05-20,Colorado Rockies,Philadelphia Phillies,0,1,6.34,1,1,0,6.0,10,4,4,0,1,3,1.97
2025-05-25,Colorado Rockies,New York Yankees,0,1,6.5,1,1,0,4.1,6,4,4,0,1,4,1.94
2025-05-31,New York Mets,Colorado Rockies,0,1,7.14,1,1,0,4.0,8,7,7,2,2,2,1.98
2025-06-06,Colorado Rockies,New York Mets,0,0,6.68,1,0,0,4.0,3,0,0,0,4,2,1.97
2025-06-12,Colorado Rockies,San Francisco Giants,0,0,7.23,1,1,0,4.0,9,7,7,1,3,2,2.03
2025-06-17,Washington Nationals,Colorado Rockies,1,0,6.72,1,1,0,5.0,3,1,0,0,3,0,1.97
2025-06-22,Colorado Rockies,Arizona Diamondbacks,1,0,6.48,1,1,0,5.1,4,2,2,0,1,5,1.9
2025-06-28,Milwaukee Brewers,Colorado Rockies,0,1,6.69,1,1,0,4.1,8,5,5,1,3,2,1.93
2025-07-04,Colorado Rockies,Chicago White Sox,0,1,6.57,1,1,0,5.2,7,3,3,1,1,4,1.9
2025-07-09,Boston Red Sox,Colorado Rockies,0,1,6.6,1,1,0,5.0,8,4,4,2,1,3,1.89
2025-07-19,Colorado Rockies,Minnesota Twins,1,0,6.41,1,1,0,7.0,6,3,3,0,1,3,1.83
2025-07-26,Baltimore Orioles,Colorado Rockies,0,1,6.68,1,1,0,4.0,6,6,6,2,2,3,1.84
2025-08-01,Colorado Rockies,Pittsburgh Pirates,0,0,7.34,1,1,0,0.2,7,8,8,1,2,0,1.91
2025-08-17,Colorado Rockies,Arizona Diamondbacks,0,0,7.0,1,1,0,5.0,4,0,0,0,1,2,1.87
2025-08-22,Pittsburgh Pirates,Colorado Rockies,0,1,7.15,1,1,0,4.0,8,5,5,0,3,4,1.9
2025-08-29,Colorado Rockies,Chicago Cubs,0,0,7.12,1,0,0,3.0,3,2,2,2,1,2,1.89
2025-09-02,Colorado Rockies,San Francisco Giants,0,0,6.92,1,0,0,4.2,5,1,1,1,0,1,1.86
2025-09-07,Colorado Rockies,San Diego Padres,0,0,6.71,1,0,0,3.2,4,0,0,0,2,3,1.85
2025-09-13,San Diego Padres,Colorado Rockies,0,0,6.84,1,0,0,3.0,5,4,4,0,1,2,1.85
2025-09-24,Seattle Mariners,Colorado Rockies,0,0,6.7,1,0,0,2.2,3,0,0,0,1,4,1.84
2025-09-28,San Francisco Giants,Colorado Rockies,0,0,6.65,1,0,0,1.0,1,0,0,0,0,0,1.84
