Date,Home Tm,Away Tm,W,L,ERA,G,GS,SV,IP,H,R,ER,HR,BB,SO,WHIP
2025-06-15,Atlanta Braves,Colorado Rockies,0,0,0.0,1,1,0,5.0,2,0,0,0,1,4,0.6
2025-06-20,Colorado Rockies,Arizona Diamondbacks,0,1,8.38,1,1,0,4.2,12,9,9,3,1,0,1.66
2025-06-26,Colorado Rockies,Los Angeles Dodgers,0,0,6.14,1,1,0,5.0,4,1,1,0,1,1,1.43
2025-07-02,Colorado Rockies,Houston Astros,0,0,5.49,1,1,0,5.0,8,2,2,1,1,1,1.53
2025-07-07,Boston Red Sox,Colorado Rockies,0,1,5.92,1,1,0,4.2,7,5,4,1,1,5,1.56
2025-07-13,Cincinnati Reds,Colorado Rockies,0,1,5.65,1,1,0,4.1,6,3,2,1,2,3,1.6
2025-07-21,Colorado Rockies,St. Louis Cardinals,0,1,6.03,1,1,0,5.2,11,5,5,1,0,6,1.66
2025-07-27,Baltimore Orioles,Colorado Rockies,0,1,6.28,1,1,0,4.1,4,4,4,1,3,2,1.66
2025-08-02,Colorado Rockies,Pittsburgh Pirates,0,0,6.18,1,1,0,5.0,5,4,3,2,1,5,1.6
2025-08-08,Arizona Diamondbacks,Colorado Rockies,0,1,6.52,1,1,0,6.0,5,6,6,2,3,3,1.57
2025-08-13,St. Louis Cardinals,Colorado Rockies,0,0,6.75,1,1,0,5.0,9,5,5,2,1,2,1.61
2025-08-19,Colorado Rockies,Los Angeles Dodgers,0,1,7.49,1,1,0,3.0,9,7,7,2,2,2,1.72
