Date,Home Tm,Away Tm,W,L,ERA,G,GS,SV,IP,H,R,ER,HR,BB,SO,WHIP
2025-06-22,Miami Marlins,Atlanta Braves,0,0,0.0,1,0,0,1.0,1,0,0,0,0,2,1.0
2025-06-25,New York Mets,Atlanta Braves,0,0,3.0,1,0,0,2.0,2,1,1,1,0,3,1.0
2025-07-03,Atlanta Braves,Los Angeles Angels,0,0,1.8,1,0,0,2.0,1,0,0,0,0,3,0.8
2025-07-05,Atlanta Braves,Baltimore Orioles,0,0,3.18,1,0,0,0.2,2,1,1,0,0,2,1.06
2025-07-08,Athletics,Atlanta Braves,0,0,2.57,1,0,0,1.1,1,0,0,0,0,1,1.0
2025-07-11,St. Louis Cardinals,Atlanta Braves,0,0,2.25,1,0,0,1.0,0,0,0,0,1,0,1.0
2025-08-02,Cincinnati Reds,Atlanta Braves,0,0,3.24,1,1,0,0.1,3,1,1,0,0,1,1.32
2025-08-05,Atlanta Braves,Milwaukee Brewers,0,0,3.38,1,0,0,2.1,1,1,1,0,2,1,1.31
2025-08-09,Atlanta Braves,Miami Marlins,0,0,3.09,1,0,0,1.0,0,0,0,0,0,2,1.2
2025-08-12,New York Mets,Atlanta Braves,0,0,5.65,1,0,0,2.2,6,5,5,3,1,2,1.47
2025-08-18,Atlanta Braves,Chicago White Sox,0,0,6.23,1,0,0,3.0,4,3,3,1,1,3,1.5
2025-08-23,Atlanta Braves,New York Mets,0,0,6.87,1,0,0,1.0,3,2,2,2,0,0,1.58
2025-08-28,Philadelphia Phillies,Atlanta Braves,0,0,8.86,1,0,0,3.0,6,7,7,2,2,2,1.73
