Date,Home Tm,Away Tm,W,L,ERA,G,GS,SV,IP,H,R,ER,HR,BB,SO,WHIP
2025-03-30,St. Louis Cardinals,Minnesota Twins,0,1,27.0,1,1,0,2.2,8,8,8,2,3,3,4.13
2025-04-05,Minnesota Twins,Houston Astros,0,0,12.15,1,1,0,4.0,3,1,1,1,2,5,2.4
2025-04-10,Kansas City Royals,Minnesota Twins,0,0,7.11,1,1,0,6.0,5,1,1,0,1,4,1.74
2025-04-15,Minnesota Twins,New York Mets,1,0,6.16,1,1,0,6.1,5,3,3,2,0,5,1.42
2025-04-22,Minnesota Twins,Chicago White Sox,1,0,5.04,1,1,0,6.0,8,1,1,0,1,6,1.44
2025-04-28,Cleveland Guardians,Minnesota Twins,1,0,4.13,1,1,0,7.2,8,1,1,0,0,2,1.35
2025-05-03,Boston Red Sox,Minnesota Twins,1,0,3.72,1,1,0,6.0,7,1,1,0,1,6,1.34
2025-05-08,Minnesota Twins,Baltimore Orioles,0,0,3.5,1,1,0,5.0,8,2,1,0,1,6,1.4
2025-05-14,Baltimore Orioles,Minnesota Twins,0,0,3.72,1,1,0,4.2,2,3,3,1,3,3,1.37
2025-05-19,Minnesota Twins,Cleveland Guardians,0,0,3.68,1,1,0,3.0,3,1,1,0,0,3,1.34
2025-05-25,Minnesota Twins,Kansas City Royals,0,0,3.41,1,1,0,6.2,7,1,1,0,1,3,1.33
2025-05-31,Seattle Mariners,Minnesota Twins,0,0,3.48,1,1,0,4.0,6,2,2,1,1,4,1.35
2025-06-06,Minnesota Twins,Toronto Blue Jays,0,1,3.78,1,1,0,7.0,5,5,5,2,1,4,1.3
2025-06-12,Minnesota Twins,Texas Rangers,0,1,4.4,1,1,0,4.2,6,7,7,4,6,3,1.38
2025-06-18,Cincinnati Reds,Minnesota Twins,0,1,4.54,1,1,0,5.2,9,4,4,1,0,5,1.4
2025-06-23,Minnesota Twins,Seattle Mariners,0,1,4.9,1,1,0,7.0,7,7,7,3,0,7,1.37
2025-06-28,Detroit Tigers,Minnesota Twins,0,1,5.28,1,1,0,5.2,11,7,7,4,1,5,1.41
2025-08-02,Cleveland Guardians,Minnesota Twins,0,0,5.38,1,1,0,5.0,6,4,4,2,1,4,1.41
2025-08-09,Minnesota Twins,Kansas City Royals,0,1,5.16,1,1,0,6.0,4,1,1,0,1,4,1.38
2025-08-14,Minnesota Twins,Detroit Tigers,0,0,5.15,1,1,0,5.1,4,3,3,1,0,4,1.35
2025-08-20,Minnesota Twins,Athletics,0,0,5.05,1,1,0,5.2,3,2,2,1,1,7,1.32
2025-08-26,Toronto Blue Jays,Minnesota Twins,0,0,5.14,1,1,0,5.0,10,4,4,2,0,3,1.34
2025-09-01,Minnesota Twins,Chicago White Sox,0,0,5.23,1,1,0,5.0,6,4,4,2,2,3,1.35
2025-09-07,Kansas City Royals,Minnesota Twins,1,0,5.08,1,1,0,5.1,4,1,1,0,1,6,1.34
2025-09-14,Minnesota Twins,Arizona Diamondbacks,0,1,5.12,1,1,0,6.0,4,4,4,1,0,9,1.31
2025-09-20,Minnesota Twins,Cleveland Guardians,0,1,5.32,1,1,0,5.0,8,6,6,0,2,1,1.33
2025-09-25,Texas Rangers,Minnesota Twins,1,0,5.1,1,1,0,6.0,2,0,0,0,1,5,1.3
