Date,Home Tm,Away Tm,W,L,ERA,G,GS,SV,IP,H,R,ER,HR,BB,SO,WHIP
2025-03-29,Miami Marlins,Pittsburgh Pirates,0,0,3.0,1,1,0,6.0,7,2,2,0,0,4,1.17
2025-04-05,Pittsburgh Pirates,New York Yankees,0,1,8.1,1,1,0,4.0,7,7,7,2,1,5,1.5
2025-04-11,Cincinnati Reds,Pittsburgh Pirates,0,1,7.2,1,1,0,5.0,3,5,3,1,5,4,1.53
2025-04-16,Pittsburgh Pirates,Washington Nationals,1,0,4.91,1,1,0,7.0,2,0,0,0,1,2,1.18
2025-04-22,Los Angeles Angels,Pittsburgh Pirates,0,0,5.19,1,1,0,4.0,5,3,3,1,0,5,1.19
2025-04-27,Los Angeles Dodgers,Pittsburgh Pirates,0,1,5.93,1,1,0,4.1,8,7,5,1,2,2,1.35
2025-05-03,Pittsburgh Pirates,San Diego Padres,0,0,5.06,1,1,0,7.0,2,1,1,1,2,6,1.21
2025-05-09,Pittsburgh Pirates,Atlanta Braves,1,0,4.36,1,1,0,6.0,2,0,0,0,2,3,1.13
2025-05-14,New York Mets,Pittsburgh Pirates,0,0,4.02,1,1,0,3.2,3,0,0,0,5,3,1.21
2025-05-20,Pittsburgh Pirates,Cincinnati Reds,1,0,3.5,1,1,0,7.0,4,0,0,0,0,5,1.13
2025-05-25,Pittsburgh Pirates,Milwaukee Brewers,0,0,3.47,1,1,0,5.2,4,3,2,0,3,1,1.14
2025-05-31,San Diego Padres,Pittsburgh Pirates,1,0,3.14,1,1,0,6.1,2,0,0,0,1,1,1.08
2025-06-06,Pittsburgh Pirates,Philadelphia Phillies,0,0,3.49,1,1,0,3.2,5,4,4,0,2,2,1.12
2025-06-11,Pittsburgh Pirates,Miami Marlins,1,0,3.36,1,1,0,5.1,5,1,1,1,1,3,1.12
2025-06-17,Detroit Tigers,Pittsburgh Pirates,0,0,3.49,1,1,0,5.0,5,3,3,2,1,4,1.13
2025-06-22,Pittsburgh Pirates,Texas Rangers,1,0,3.59,1,1,0,5.1,6,3,3,0,5,1,1.18
2025-06-28,Pittsburgh Pirates,New York Mets,0,0,3.62,1,1,0,1.2,4,1,1,0,1,1,1.22
2025-07-04,Seattle Mariners,Pittsburgh Pirates,0,1,3.69,1,1,0,5.2,3,4,3,3,0,4,1.18
2025-07-09,Kansas City Royals,Pittsburgh Pirates,0,0,3.79,1,1,0,4.2,6,3,3,2,2,3,1.2
2025-07-18,Pittsburgh Pirates,Chicago White Sox,0,1,4.0,1,1,0,4.0,6,4,4,2,1,2,1.22
2025-07-23,Pittsburgh Pirates,Detroit Tigers,1,0,3.82,1,1,0,7.0,4,1,1,0,0,8,1.18
2025-07-29,San Francisco Giants,Pittsburgh Pirates,0,0,3.73,1,1,0,5.0,2,1,1,1,4,1,1.18
2025-08-04,Boston Red Sox,Kansas City Royals,0,1,4.14,1,1,0,4.0,8,7,7,1,2,2,1.23
2025-08-11,Kansas City Royals,Washington Nationals,0,0,4.15,1,1,0,4.0,3,2,2,1,3,5,1.24
2025-08-16,Kansas City Royals,Chicago White Sox,0,0,4.23,1,0,0,2.0,3,2,2,0,1,2,1.25
2025-08-22,Detroit Tigers,Kansas City Royals,0,1,4.45,1,0,0,2.0,6,4,4,0,1,2,1.28
