Date,Home Tm,Away Tm,W,L,ERA,G,GS,SV,IP,H,R,ER,HR,BB,SO,WHIP
2025-03-27,Los Angeles Dodgers,Detroit Tigers,0,0,0.0,1,0,0,1.0,0,0,0,0,0,1,0.0
2025-03-28,Los Angeles Dodgers,Detroit Tigers,0,1,27.0,1,0,0,0.1,4,5,4,1,0,0,3.0
2025-04-01,Seattle Mariners,Detroit Tigers,0,0,16.88,1,0,0,1.1,0,1,1,0,1,1,1.88
2025-04-05,Detroit Tigers,Chicago White Sox,0,0,12.27,1,0,0,1.0,1,0,0,0,0,0,1.64
2025-04-07,Detroit Tigers,New York Yankees,0,0,9.64,1,0,0,1.0,2,1,0,0,0,0,1.71
2025-04-11,Minnesota Twins,Detroit Tigers,0,0,8.53,1,0,0,1.2,1,1,1,1,1,1,1.58
2025-04-17,Detroit Tigers,Kansas City Royals,0,0,8.59,1,0,0,1.0,2,1,1,0,1,1,1.77
2025-05-03,Los Angeles Angels,Detroit Tigers,0,0,8.22,1,0,0,0.1,1,0,0,0,0,0,1.83
2025-05-04,Los Angeles Angels,Detroit Tigers,0,0,7.27,1,0,0,1.0,0,0,0,0,0,2,1.62
2025-05-08,Colorado Rockies,Detroit Tigers,0,0,6.52,1,0,0,1.0,0,0,0,0,1,2,1.55
2025-05-11,Detroit Tigers,Texas Rangers,0,0,6.94,1,0,0,2.0,3,2,2,1,0,0,1.54
2025-05-13,Detroit Tigers,Boston Red Sox,1,0,7.11,1,0,0,1.0,1,2,1,1,0,2,1.5
2025-05-16,Toronto Blue Jays,Detroit Tigers,0,0,6.59,1,0,1,1.0,2,0,0,0,0,0,1.54
2025-05-17,Toronto Blue Jays,Detroit Tigers,0,0,6.43,1,0,0,0.1,0,0,0,0,2,0,1.64
2025-05-21,St. Louis Cardinals,Detroit Tigers,0,0,5.63,1,0,0,2.0,0,0,0,0,0,2,1.44
2025-05-23,Detroit Tigers,Cleveland Guardians,0,0,5.29,1,0,0,1.0,1,0,0,0,1,0,1.47
2025-05-26,Detroit Tigers,San Francisco Giants,0,0,5.0,1,0,0,1.0,0,0,0,0,1,0,1.44
2025-05-30,Kansas City Royals,Detroit Tigers,0,0,4.74,1,0,0,1.0,0,0,0,0,0,2,1.37
2025-05-31,Kansas City Royals,Detroit Tigers,0,1,4.95,1,0,0,1.0,2,1,1,0,0,0,1.4
2025-06-03,Chicago White Sox,Detroit Tigers,0,0,4.64,1,1,0,1.1,0,0,0,0,1,2,1.36
2025-06-05,Chicago White Sox,Detroit Tigers,0,1,4.57,1,0,0,0.1,1,1,0,0,1,0,1.43
2025-06-11,Baltimore Orioles,Detroit Tigers,0,0,6.55,1,0,0,0.1,3,5,5,1,2,0,1.64
