Date,Home Tm,Away Tm,W,L,ERA,G,GS,SV,IP,H,R,ER,HR,BB,SO,WHIP
2025-03-18,Chicago Cubs,Los Angeles Dodgers,0,1,6.75,1,0,0,2.2,4,3,2,0,3,5,2.63
2025-03-31,Athletics,Chicago Cubs,1,0,5.87,1,1,0,5.0,6,3,3,1,2,5,1.96
2025-04-06,Chicago Cubs,San Diego Padres,0,0,7.71,1,1,0,4.0,7,5,5,1,4,5,2.23
2025-04-12,Los Angeles Dodgers,Chicago Cubs,1,0,5.09,1,1,0,6.0,5,0,0,0,0,5,1.75
2025-04-19,Chicago Cubs,Arizona Diamondbacks,0,0,4.57,1,1,0,4.0,3,1,1,1,4,6,1.75
2025-04-26,Chicago Cubs,Philadelphia Phillies,0,1,6.04,1,1,0,3.2,9,6,6,0,1,5,1.89
2025-05-02,Milwaukee Brewers,Chicago Cubs,1,0,4.88,1,1,0,6.0,4,0,0,0,0,4,1.66
2025-05-07,Chicago Cubs,San Francisco Giants,0,1,4.95,1,1,0,5.0,6,3,3,0,2,9,1.65
2025-05-13,Chicago Cubs,Miami Marlins,0,0,4.75,1,1,0,5.1,5,2,2,1,0,6,1.56
2025-05-19,Miami Marlins,Chicago Cubs,0,0,5.44,1,1,0,4.2,7,6,6,2,0,8,1.55
2025-05-25,Cincinnati Reds,Chicago Cubs,0,0,6.39,1,1,0,4.1,7,8,8,0,2,4,1.6
2025-05-31,Chicago Cubs,Cincinnati Reds,0,0,5.72,1,0,0,6.0,1,0,0,0,1,9,1.46
2025-06-06,Detroit Tigers,Chicago Cubs,0,1,5.37,1,1,0,7.0,7,2,2,1,1,7,1.43
2025-06-11,Philadelphia Phillies,Chicago Cubs,0,1,5.71,1,1,0,5.2,8,6,6,1,3,5,1.47
2025-06-17,Chicago Cubs,Milwaukee Brewers,1,0,5.57,1,1,0,5.0,6,2,2,1,2,5,1.48
2025-06-23,St. Louis Cardinals,Chicago Cubs,0,1,6.13,1,1,0,5.0,9,8,8,4,2,3,1.53
2025-07-21,Chicago Cubs,Kansas City Royals,0,1,6.48,1,0,0,4.0,7,7,6,2,0,4,1.54
2025-07-27,Chicago White Sox,Chicago Cubs,1,0,6.22,1,1,0,5.0,3,1,1,1,0,4,1.48
2025-08-04,Chicago Cubs,Cincinnati Reds,0,0,6.04,1,0,0,4.0,2,1,1,0,0,5,1.44
2025-08-12,Toronto Blue Jays,Chicago Cubs,0,0,5.89,1,0,0,4.0,4,1,1,1,1,0,1.43
2025-08-17,Chicago Cubs,Pittsburgh Pirates,0,0,5.91,1,0,0,2.2,4,2,2,0,2,4,1.45
2025-08-23,Los Angeles Angels,Chicago Cubs,0,0,5.82,1,0,1,3.0,2,1,1,1,0,3,1.43
2025-08-29,Colorado Rockies,Chicago Cubs,0,0,5.88,1,0,0,2.0,4,3,2,0,0,5,1.44
2025-09-03,Chicago Cubs,Atlanta Braves,0,1,5.98,1,0,0,1.1,1,2,2,0,2,3,1.45
2025-09-09,Atlanta Braves,Chicago Cubs,0,0,5.92,1,0,0,1.0,0,0,0,0,0,2,1.44
