Date,Home Tm,Away Tm,W,L,ERA,G,GS,SV,IP,H,R,ER,HR,BB,SO,WHIP
2025-03-18,Chicago Cubs,Los Angeles Dodgers,0,0,0.0,1,0,0,1.0,0,0,0,0,0,1,0.0
2025-03-27,Los Angeles Dodgers,Detroit Tigers,0,0,0.0,1,0,0,1.0,1,0,0,0,1,1,1.0
2025-03-29,Los Angeles Dodgers,Detroit Tigers,0,0,0.0,1,0,0,1.0,0,0,0,0,0,1,0.67
2025-04-02,Los Angeles Dodgers,Atlanta Braves,0,0,0.0,1,0,0,2.0,2,0,0,0,1,3,1.0
2025-04-05,Philadelphia Phillies,Los Angeles Dodgers,0,0,0.0,1,0,0,2.0,0,0,0,0,0,1,0.71
2025-04-08,Washington Nationals,Los Angeles Dodgers,0,0,0.0,1,0,0,2.0,2,0,0,0,0,2,0.78
2025-04-12,Los Angeles Dodgers,Chicago Cubs,0,0,5.06,1,0,0,1.2,7,6,6,1,1,1,1.41
2025-04-16,Los Angeles Dodgers,Colorado Rockies,1,0,4.61,1,0,0,3.0,2,1,1,0,0,3,1.24
2025-04-20,Texas Rangers,Los Angeles Dodgers,1,0,4.11,1,0,0,1.2,0,0,0,0,0,1,1.11
2025-04-23,Chicago Cubs,Los Angeles Dodgers,0,0,3.5,1,1,0,2.2,1,0,0,0,0,4,1.0
2025-04-27,Los Angeles Dodgers,Pittsburgh Pirates,1,0,2.91,1,0,0,3.2,2,0,0,0,0,5,0.92
2025-05-05,Miami Marlins,Los Angeles Dodgers,1,0,2.81,1,0,0,4.0,5,1,1,0,2,5,1.05
2025-05-11,Arizona Diamondbacks,Los Angeles Dodgers,0,0,3.0,1,0,0,1.1,2,1,1,0,0,1,1.07
2025-05-14,Los Angeles Dodgers,Athletics,0,0,2.89,1,0,0,1.0,0,0,0,0,0,0,1.04
2025-05-17,Los Angeles Dodgers,Los Angeles Angels,0,0,3.26,1,0,0,2.1,3,2,2,0,0,2,1.05
2025-05-20,Los Angeles Dodgers,Arizona Diamondbacks,0,0,3.23,1,0,0,0.1,0,0,0,0,0,1,1.04
2025-05-23,New York Mets,Los Angeles Dodgers,0,0,2.94,1,0,0,3.0,0,0,0,0,1,6,0.98
2025-05-27,Cleveland Guardians,Los Angeles Dodgers,0,0,2.8,1,0,0,1.2,0,0,0,0,0,3,0.93
2025-05-30,Los Angeles Dodgers,New York Yankees,0,0,2.72,1,0,0,1.0,1,0,0,0,1,1,0.96
2025-06-03,Los Angeles Dodgers,New York Mets,0,0,2.54,1,0,0,2.2,0,0,0,0,0,2,0.9
2025-06-07,St. Louis Cardinals,Los Angeles Dodgers,0,1,2.93,1,0,0,1.0,5,2,2,0,0,0,1.0
2025-06-11,San Diego Padres,Los Angeles Dodgers,0,0,2.86,1,1,0,4.0,3,1,1,0,2,2,1.02
2025-06-16,Los Angeles Dodgers,San Diego Padres,1,0,3.02,1,0,0,3.2,3,2,2,1,1,2,1.03
2025-06-22,Los Angeles Dodgers,Washington Nationals,1,0,3.25,1,0,0,5.0,5,3,3,1,1,2,1.04
2025-06-28,Kansas City Royals,Los Angeles Dodgers,0,1,3.97,1,0,0,4.0,8,6,6,1,1,4,1.13
2025-07-04,Los Angeles Dodgers,Houston Astros,0,1,4.68,1,1,0,3.0,9,6,6,3,0,3,1.22
2025-07-09,Milwaukee Brewers,Los Angeles Dodgers,0,0,4.55,1,0,0,1.2,1,0,0,0,0,1,1.21
2025-07-13,San Francisco Giants,Los Angeles Dodgers,1,0,4.45,1,0,0,1.1,0,0,0,0,0,1,1.18
2025-07-19,Los Angeles Dodgers,Milwaukee Brewers,0,0,4.64,1,0,0,1.1,3,2,2,0,1,1,1.22
2025-07-22,Los Angeles Dodgers,Minnesota Twins,0,1,5.06,1,0,0,0.0,1,3,3,0,3,0,1.28
2025-07-25,Boston Red Sox,Los Angeles Dodgers,0,0,4.98,1,0,1,1.0,1,0,0,0,0,0,1.28
2025-07-29,Cincinnati Reds,Los Angeles Dodgers,0,0,4.88,1,0,0,1.1,0,0,0,0,0,1,1.25
2025-08-03,Tampa Bay Rays,Los Angeles Dodgers,0,0,4.86,1,0,1,0.1,0,0,0,0,0,0,1.25
2025-08-05,Los Angeles Dodgers,St. Louis Cardinals,0,0,4.92,1,0,0,1.0,3,1,1,0,0,0,1.27
2025-08-08,Los Angeles Dodgers,Toronto Blue Jays,0,0,4.83,1,0,0,1.1,1,0,0,0,0,2,1.26
2025-08-10,Los Angeles Dodgers,Toronto Blue Jays,0,0,4.8,1,0,0,0.1,0,0,0,0,0,0,1.25
2025-08-12,Los Angeles Angels,Los Angeles Dodgers,0,1,4.78,1,0,0,0.1,2,1,0,0,0,1,1.28
2025-08-15,Los Angeles Dodgers,San Diego Padres,0,0,4.71,1,0,0,1.0,1,0,0,0,0,0,1.27
2025-08-17,Los Angeles Dodgers,San Diego Padres,0,0,4.67,1,0,0,0.2,0,0,0,0,0,1,1.26
2025-08-19,Colorado Rockies,Los Angeles Dodgers,0,0,4.6,1,0,0,1.0,1,0,0,0,0,1,1.26
2025-08-21,Colorado Rockies,Los Angeles Dodgers,0,0,4.58,1,0,0,0.1,0,0,0,0,1,0,1.27
2025-08-23,San Diego Padres,Los Angeles Dodgers,0,0,4.52,1,0,0,1.0,0,0,0,0,0,0,1.25
2025-08-26,Los Angeles Dodgers,Cincinnati Reds,0,0,4.7,1,0,0,1.0,1,2,2,1,1,3,1.26
2025-08-29,Los Angeles Dodgers,Arizona Diamondbacks,0,0,4.64,1,0,0,1.0,0,0,0,0,2,2,1.27
2025-09-03,Pittsburgh Pirates,Los Angeles Dodgers,0,0,4.68,1,0,0,1.1,2,1,1,0,0,0,1.27
2025-09-05,Baltimore Orioles,Los Angeles Dodgers,0,0,4.64,1,0,0,0.2,0,0,0,0,1,0,1.27
