Date,Home Tm,Away Tm,W,L,ERA,G,GS,SV,IP,H,R,ER,HR,BB,SO,WHIP
2025-03-27,Kansas City Royals,Cleveland Guardians,0,0,5.4,1,1,0,5.0,4,3,3,1,0,3,0.8
2025-04-02,San Diego Padres,Cleveland Guardians,0,1,6.75,1,1,0,4.1,7,4,4,1,2,4,1.39
2025-04-08,Cleveland Guardians,Chicago White Sox,0,0,4.4,1,1,0,5.0,2,0,0,0,3,4,1.26
2025-04-13,Cleveland Guardians,Kansas City Royals,0,1,4.87,1,1,0,6.0,7,4,4,1,2,5,1.33
2025-04-19,Pittsburgh Pirates,Cleveland Guardians,1,0,3.86,1,1,0,5.1,4,0,0,0,1,3,1.25
2025-04-26,Cleveland Guardians,Boston Red Sox,0,0,4.4,1,1,0,5.0,6,4,4,2,3,4,1.34
2025-05-01,Cleveland Guardians,Minnesota Twins,0,0,3.72,1,1,0,5.2,5,0,0,0,0,2,1.27
2025-05-06,Washington Nationals,Cleveland Guardians,1,0,3.46,1,1,0,5.1,2,1,1,1,2,3,1.2
2025-05-12,Cleveland Guardians,Milwaukee Brewers,0,0,3.22,1,1,0,3.0,1,0,0,0,2,1,1.19
