Date,Home Tm,Away Tm,W,L,ERA,G,GS,SV,IP,H,R,ER,HR,BB,SO,WHIP
2025-03-27,Los Angeles Dodgers,Detroit Tigers,1,0,3.6,1,1,0,5.0,5,2,2,0,4,2,1.8
2025-04-02,Los Angeles Dodgers,Atlanta Braves,0,0,2.0,1,1,0,4.0,5,5,0,0,4,2,2.0
2025-08-02,Tampa Bay Rays,Los Angeles Dodgers,0,1,3.21,1,1,0,5.0,5,3,3,2,0,8,1.64
2025-08-09,Los Angeles Dodgers,Toronto Blue Jays,1,0,2.37,1,1,0,5.0,3,0,0,0,3,10,1.53
2025-08-16,Los Angeles Dodgers,San Diego Padres,1,0,1.8,1,1,0,6.0,5,0,0,0,2,3,1.44
2025-08-22,San Diego Padres,Los Angeles Dodgers,0,1,1.97,1,1,0,7.0,6,2,2,0,2,5,1.38
2025-08-29,Los Angeles Dodgers,Arizona Diamondbacks,0,1,2.41,1,1,0,5.1,4,3,3,1,3,8,1.37
2025-09-04,Pittsburgh Pirates,Los Angeles Dodgers,0,1,3.19,1,1,0,5.0,9,5,5,0,3,6,1.49
2025-09-10,Los Angeles Dodgers,Colorado Rockies,1,0,2.79,1,1,0,6.0,2,0,0,0,2,11,1.39
2025-09-17,Los Angeles Dodgers,Philadelphia Phillies,1,0,2.44,1,1,0,7.0,2,0,0,0,2,12,1.28
2025-09-24,Arizona Diamondbacks,Los Angeles Dodgers,0,0,2.35,1,1,0,6.0,5,1,1,0,1,5,1.26
