Date,Home Tm,Away Tm,W,L,ERA,G,GS,SV,IP,H,R,ER,HR,BB,SO,WHIP
2025-03-31,Toronto Blue Jays,Washington Nationals,1,0,3.0,1,1,0,6.0,2,2,2,2,3,4,0.83
2025-04-06,New York Mets,Toronto Blue Jays,0,1,3.18,1,1,0,5.1,6,2,2,0,2,6,1.15
2025-04-12,Baltimore Orioles,Toronto Blue Jays,0,1,3.71,1,1,0,5.2,3,5,3,2,2,5,1.06
2025-04-18,Toronto Blue Jays,Seattle Mariners,1,0,3.13,1,1,0,6.0,5,1,1,1,1,5,1.04
2025-04-23,Houston Astros,Toronto Blue Jays,0,1,3.58,1,1,0,4.2,8,3,3,1,1,2,1.19
2025-04-29,Toronto Blue Jays,Boston Red Sox,0,1,5.28,1,1,0,3.0,8,7,7,5,0,1,1.34
2025-05-04,Toronto Blue Jays,Cleveland Guardians,0,1,5.66,1,1,0,4.1,6,4,4,0,1,2,1.37
2025-05-10,Seattle Mariners,Toronto Blue Jays,0,0,5.4,1,1,0,6.2,6,3,3,1,1,5,1.32
2025-05-16,Toronto Blue Jays,Detroit Tigers,0,1,5.63,1,1,0,4.2,8,4,4,2,2,6,1.4
2025-05-22,Toronto Blue Jays,San Diego Padres,0,0,5.54,1,1,0,4.0,3,2,2,1,3,4,1.41
2025-05-27,Texas Rangers,Toronto Blue Jays,0,0,5.04,1,1,0,5.0,3,0,0,0,1,6,1.36
2025-06-03,Toronto Blue Jays,Philadelphia Phillies,0,1,5.84,1,1,0,1.2,7,7,6,2,2,2,1.47
2025-06-08,Minnesota Twins,Toronto Blue Jays,0,1,6.12,1,1,0,3.1,5,4,4,2,5,2,1.56
2025-06-14,Philadelphia Phillies,Toronto Blue Jays,0,0,6.05,1,1,0,3.2,1,2,2,0,3,4,1.53
