Date,Home Tm,Away Tm,W,L,ERA,G,GS,SV,IP,H,R,ER,HR,BB,SO,WHIP
2025-03-31,Cincinnati Reds,Texas Rangers,1,0,0.0,1,1,0,7.0,1,0,0,0,2,8,0.43
2025-04-05,Milwaukee Brewers,Cincinnati Reds,1,0,2.25,1,1,0,5.0,9,5,3,0,1,7,1.08
2025-04-11,Cincinnati Reds,Pittsburgh Pirates,1,0,3.18,1,1,0,5.0,2,3,3,1,3,3,1.06
2025-04-17,Cincinnati Reds,Seattle Mariners,0,0,3.8,1,1,0,4.1,6,4,3,1,3,6,1.27
2025-04-23,Miami Marlins,Cincinnati Reds,1,0,3.62,1,1,0,6.0,4,2,2,1,0,8,1.13
2025-04-30,Cincinnati Reds,St. Louis Cardinals,0,1,3.24,1,1,0,6.0,2,1,1,1,3,4,1.08
2025-05-05,Atlanta Braves,Cincinnati Reds,0,1,3.66,1,1,0,6.0,7,4,4,1,2,2,1.14
2025-05-10,Houston Astros,Cincinnati Reds,0,0,4.97,1,1,0,2.1,9,7,7,1,1,1,1.32
2025-05-16,Cincinnati Reds,Cleveland Guardians,1,0,5.01,1,1,0,5.0,3,3,3,1,3,4,1.31
2025-05-21,Pittsburgh Pirates,Cincinnati Reds,0,1,4.88,1,1,0,5.0,5,2,2,0,4,3,1.35
2025-05-27,Kansas City Royals,Cincinnati Reds,1,0,4.6,1,1,0,7.0,7,2,2,0,1,3,1.33
2025-06-02,Cincinnati Reds,Milwaukee Brewers,0,1,4.66,1,1,0,5.0,4,3,3,1,3,4,1.34
2025-06-08,Cincinnati Reds,Arizona Diamondbacks,0,0,4.59,1,1,0,5.0,5,2,2,1,3,3,1.35
2025-06-14,Detroit Tigers,Cincinnati Reds,1,0,4.34,1,1,0,6.0,4,1,1,0,3,4,1.34
2025-06-20,St. Louis Cardinals,Cincinnati Reds,0,1,4.13,1,1,0,6.0,4,1,1,0,1,7,1.3
2025-06-25,Cincinnati Reds,New York Yankees,0,1,4.31,1,1,0,5.0,6,4,4,1,3,9,1.33
2025-07-01,Boston Red Sox,Cincinnati Reds,0,0,4.36,1,1,0,3.0,3,2,2,0,2,4,1.34
2025-07-07,Cincinnati Reds,Miami Marlins,0,1,4.32,1,1,0,5.0,7,2,2,0,1,3,1.36
2025-07-12,Cincinnati Reds,Colorado Rockies,0,0,4.32,1,1,0,6.1,7,3,3,1,1,9,1.35
2025-07-21,Washington Nationals,Cincinnati Reds,0,1,4.84,1,1,0,2.1,5,7,7,1,2,1,1.39
2025-07-27,Cincinnati Reds,Tampa Bay Rays,1,0,4.6,1,1,0,7.1,3,1,1,1,1,8,1.33
2025-08-01,Cincinnati Reds,Atlanta Braves,1,0,4.36,1,1,0,6.0,4,0,0,0,1,10,1.31
2025-08-07,Pittsburgh Pirates,Cincinnati Reds,0,1,4.53,1,1,0,3.2,6,4,4,1,4,2,1.35
2025-08-12,Cincinnati Reds,Philadelphia Phillies,1,0,4.31,1,1,0,6.0,3,0,0,0,0,6,1.31
2025-08-18,Los Angeles Angels,Cincinnati Reds,1,0,4.18,1,1,0,6.0,6,1,1,0,1,4,1.3
2025-08-24,Arizona Diamondbacks,Cincinnati Reds,0,0,4.06,1,1,0,6.0,1,1,1,0,3,9,1.27
2025-08-31,Cincinnati Reds,St. Louis Cardinals,1,0,4.08,1,1,0,6.0,5,3,3,0,0,8,1.26
2025-09-06,Cincinnati Reds,New York Mets,1,0,3.98,1,1,0,6.0,4,1,1,0,4,5,1.26
2025-09-12,Athletics,Cincinnati Reds,0,1,3.94,1,1,0,6.0,3,2,2,2,1,4,1.24
2025-09-17,St. Louis Cardinals,Cincinnati Reds,1,0,3.86,1,1,0,5.2,3,2,1,1,2,6,1.22
2025-09-23,Cincinnati Reds,Pittsburgh Pirates,0,1,3.95,1,1,0,5.1,7,4,4,1,0,3,1.23
2025-09-28,Milwaukee Brewers,Cincinnati Reds,0,1,4.03,1,1,0,3.1,5,3,3,1,1,5,1.24
