Date,Home Tm,Away Tm,W,L,ERA,G,GS,SV,IP,H,R,ER,HR,BB,SO,WHIP
2025-03-31,Philadelphia Phillies,Colorado Rockies,0,0,18.0,1,0,0,1.0,3,2,2,2,0,1,3.0
2025-04-05,Colorado Rockies,Athletics,0,0,6.0,1,0,0,2.0,2,0,0,0,0,1,1.67
2025-04-27,Colorado Rockies,Cincinnati Reds,0,1,10.29,1,1,0,4.0,7,6,6,0,2,1,2.0
2025-05-03,San Francisco Giants,Colorado Rockies,0,0,8.03,1,1,0,5.1,2,3,3,1,2,4,1.46
2025-05-10,Colorado Rockies,San Diego Padres,0,1,12.94,1,1,0,3.2,13,12,12,3,2,1,2.06
2025-07-12,Cincinnati Reds,Colorado Rockies,0,0,9.97,1,1,0,5.2,6,1,1,0,0,1,1.8
2025-07-22,Colorado Rockies,St. Louis Cardinals,1,0,8.67,1,1,0,5.1,8,2,2,0,1,0,1.78
2025-07-28,Cleveland Guardians,Colorado Rockies,0,0,7.09,1,1,0,6.0,6,0,0,0,0,7,1.64
2025-08-03,Colorado Rockies,Pittsburgh Pirates,0,1,7.68,1,1,0,5.2,6,7,7,2,4,2,1.66
2025-08-09,Arizona Diamondbacks,Colorado Rockies,0,0,7.89,1,1,0,4.2,7,5,5,1,3,4,1.71
2025-08-14,Colorado Rockies,Arizona Diamondbacks,0,1,8.62,1,1,0,3.2,6,7,7,2,4,0,1.79
2025-09-13,San Diego Padres,Colorado Rockies,0,1,9.0,1,1,0,3.0,5,5,5,3,2,0,1.82
2025-09-19,Colorado Rockies,Los Angeles Angels,1,0,9.16,1,1,0,5.0,8,6,6,2,1,4,1.82
2025-09-25,Seattle Mariners,Colorado Rockies,0,1,9.36,1,1,0,3.2,6,5,5,1,2,1,1.84
