Date,Home Tm,Away Tm,W,L,ERA,G,GS,SV,IP,H,R,ER,HR,BB,SO,WHIP
2025-03-28,Arizona Diamondbacks,Chicago Cubs,0,0,9.0,1,0,0,2.0,4,2,2,0,0,3,2.0
2025-04-02,Athletics,Chicago Cubs,0,0,6.0,1,0,0,1.0,0,0,0,0,1,0,1.67
2025-04-05,Chicago Cubs,San Diego Padres,0,0,4.5,1,0,0,1.0,0,0,0,0,0,1,1.25
2025-04-06,Chicago Cubs,San Diego Padres,0,0,3.6,1,0,0,1.0,1,0,0,0,0,2,1.2
2025-04-13,Los Angeles Dodgers,Chicago Cubs,0,0,2.84,1,0,0,1.1,1,0,0,0,1,1,1.26
2025-04-14,San Diego Padres,Chicago Cubs,0,0,3.86,1,0,0,0.2,3,1,1,0,1,2,1.71
2025-04-18,Chicago Cubs,Arizona Diamondbacks,0,0,3.38,1,0,0,1.0,0,0,0,0,0,2,1.5
2025-04-19,Chicago Cubs,Arizona Diamondbacks,0,0,3.0,1,0,0,1.0,0,0,0,0,0,1,1.33
2025-04-22,Chicago Cubs,Los Angeles Dodgers,0,0,6.75,1,0,0,0.1,2,5,4,0,2,0,1.71
2025-04-25,Chicago Cubs,Philadelphia Phillies,0,0,6.1,1,0,0,1.0,1,0,0,0,1,1,1.74
2025-04-26,Chicago Cubs,Philadelphia Phillies,0,0,5.56,1,0,0,1.0,0,0,0,0,0,2,1.59
2025-04-30,Pittsburgh Pirates,Chicago Cubs,0,0,4.97,1,0,0,1.1,1,1,0,0,0,1,1.5
2025-05-03,Milwaukee Brewers,Chicago Cubs,0,0,4.3,1,0,0,2.0,1,0,0,0,0,1,1.36
2025-05-06,Chicago Cubs,San Francisco Giants,0,0,4.02,1,0,0,1.0,1,0,0,0,0,0,1.34
2025-05-07,Chicago Cubs,San Francisco Giants,0,0,3.78,1,0,0,1.0,0,0,0,0,0,1,1.26
2025-05-10,New York Mets,Chicago Cubs,0,0,3.57,1,1,0,1.0,0,0,0,0,0,2,1.19
2025-05-11,New York Mets,Chicago Cubs,0,0,3.38,1,0,0,1.0,1,0,0,0,0,1,1.18
2025-05-14,Chicago Cubs,Miami Marlins,0,0,3.2,1,0,0,1.0,1,0,0,0,0,1,1.17
2025-05-17,Chicago Cubs,Chicago White Sox,0,0,3.05,1,0,0,1.0,0,0,0,0,1,1,1.16
2025-05-18,Chicago Cubs,Chicago White Sox,0,0,2.91,1,0,0,1.0,0,0,0,0,0,1,1.11
2025-05-21,Miami Marlins,Chicago Cubs,1,0,2.7,1,0,0,1.2,0,0,0,0,0,0,1.03
2025-05-23,Cincinnati Reds,Chicago Cubs,0,0,2.59,1,0,0,1.0,1,0,0,0,1,1,1.07
2025-05-25,Cincinnati Reds,Chicago Cubs,0,0,2.49,1,0,0,1.0,2,0,0,0,0,2,1.11
2025-05-27,Chicago Cubs,Colorado Rockies,0,0,2.39,1,0,0,1.0,0,0,0,0,0,0,1.06
2025-05-28,Chicago Cubs,Colorado Rockies,0,0,2.3,1,0,0,1.0,1,0,0,0,0,1,1.06
2025-05-31,Chicago Cubs,Cincinnati Reds,1,0,2.22,1,0,0,1.0,0,0,0,0,0,0,1.02
2025-06-05,Washington Nationals,Chicago Cubs,0,0,2.15,1,0,0,1.0,0,0,0,0,0,0,0.99
2025-06-09,Philadelphia Phillies,Chicago Cubs,0,0,2.05,1,0,0,1.1,3,0,0,0,0,0,1.04
2025-06-10,Philadelphia Phillies,Chicago Cubs,0,0,1.99,1,0,0,1.0,0,0,0,0,0,1,1.01
2025-06-12,Chicago Cubs,Pittsburgh Pirates,0,0,1.95,1,0,0,0.2,0,0,0,0,1,2,1.02
2025-06-13,Chicago Cubs,Pittsburgh Pirates,0,0,2.16,1,0,0,1.0,1,1,1,0,0,1,1.02
2025-06-17,Chicago Cubs,Milwaukee Brewers,0,0,2.1,1,0,0,1.0,0,0,0,0,1,1,1.02
2025-06-21,Chicago Cubs,Seattle Mariners,1,0,2.0,1,0,0,1.2,1,0,0,0,0,3,1.0
2025-06-26,St. Louis Cardinals,Chicago Cubs,0,0,1.96,1,0,0,0.2,0,0,0,0,2,0,1.04
2025-06-29,Houston Astros,Chicago Cubs,0,0,1.91,1,0,0,1.0,1,0,0,0,0,0,1.04
2025-07-01,Chicago Cubs,Cleveland Guardians,0,0,1.86,1,0,0,1.0,0,0,0,0,1,1,1.03
2025-07-02,Chicago Cubs,Cleveland Guardians,0,0,1.82,1,0,0,1.0,2,0,0,0,0,0,1.06
2025-07-05,Chicago Cubs,St. Louis Cardinals,0,1,2.88,1,0,0,1.0,5,5,5,2,0,1,1.16
2025-07-10,Minnesota Twins,Chicago Cubs,0,0,2.81,1,0,0,1.0,1,0,0,0,1,2,1.18
2025-07-12,New York Yankees,Chicago Cubs,0,0,3.21,1,0,0,0.1,2,2,2,1,0,0,1.21
2025-07-18,Chicago Cubs,Boston Red Sox,0,0,3.14,1,0,0,1.0,0,0,0,0,0,1,1.19
2025-07-19,Chicago Cubs,Boston Red Sox,0,0,3.07,1,0,0,1.0,0,0,0,0,0,3,1.16
2025-07-26,Chicago White Sox,Chicago Cubs,0,0,3.0,1,0,0,1.0,0,0,0,0,0,0,1.13
2025-07-30,Milwaukee Brewers,Chicago Cubs,0,0,2.87,1,0,0,2.0,1,0,0,0,0,1,1.11
2025-08-01,Chicago Cubs,Baltimore Orioles,0,0,2.81,1,0,0,1.0,0,0,0,0,1,2,1.1
2025-08-03,Chicago Cubs,Baltimore Orioles,0,0,2.76,1,0,0,1.0,0,0,0,0,1,2,1.1
2025-08-06,Chicago Cubs,Cincinnati Reds,0,0,2.7,1,0,0,1.0,0,0,0,0,0,0,1.08
2025-08-10,St. Louis Cardinals,Chicago Cubs,0,0,2.63,1,0,0,1.1,0,0,0,0,0,2,1.05
2025-08-13,Toronto Blue Jays,Chicago Cubs,0,0,2.58,1,0,0,1.0,0,0,0,0,0,0,1.03
2025-08-15,Chicago Cubs,Pittsburgh Pirates,0,0,2.53,1,0,0,1.0,0,0,0,0,0,1,1.01
2025-08-16,Chicago Cubs,Pittsburgh Pirates,0,0,2.48,1,0,1,1.0,1,0,0,0,0,3,1.01
2025-08-19,Chicago Cubs,Milwaukee Brewers,0,0,2.45,1,0,0,0.2,1,0,0,0,2,2,1.05
2025-08-20,Chicago Cubs,Milwaukee Brewers,0,0,2.41,1,0,0,1.0,0,0,0,0,0,1,1.04
2025-08-22,Los Angeles Angels,Chicago Cubs,1,0,2.37,1,0,0,1.0,0,0,0,0,0,0,1.02
2025-08-24,Los Angeles Angels,Chicago Cubs,0,0,2.33,1,0,0,1.0,0,0,0,0,0,1,1.0
2025-08-28,San Francisco Giants,Chicago Cubs,0,0,2.29,1,0,0,1.0,0,0,0,0,0,1,0.98
2025-08-29,Colorado Rockies,Chicago Cubs,0,0,2.28,1,0,0,0.1,0,0,0,0,0,1,0.98
2025-08-30,Colorado Rockies,Chicago Cubs,0,0,2.24,1,0,0,1.0,0,0,0,0,0,0,0.96
2025-09-01,Chicago Cubs,Atlanta Braves,0,0,2.2,1,0,0,1.0,0,0,0,0,2,2,0.98
2025-09-07,Chicago Cubs,Washington Nationals,0,0,2.17,1,0,0,1.0,0,0,0,0,0,2,0.96
2025-09-10,Atlanta Braves,Chicago Cubs,0,0,2.13,1,0,0,1.0,1,0,0,0,0,1,0.96
2025-09-12,Chicago Cubs,Tampa Bay Rays,0,0,2.1,1,0,0,1.0,0,0,0,0,0,2,0.95
2025-09-13,Chicago Cubs,Tampa Bay Rays,0,1,2.2,1,0,0,1.0,2,1,1,1,1,0,0.98
2025-09-15,Pittsburgh Pirates,Chicago Cubs,0,0,2.19,1,0,1,0.1,0,0,0,0,0,1,0.97
2025-09-16,Pittsburgh Pirates,Chicago Cubs,0,0,2.16,1,0,1,1.0,0,0,0,0,0,2,0.96
2025-09-21,Cincinnati Reds,Chicago Cubs,0,0,2.13,1,0,0,1.0,0,0,0,0,0,1,0.95
2025-09-26,Chicago Cubs,St. Louis Cardinals,0,0,2.1,1,0,0,1.0,0,0,0,0,0,2,0.93
2025-09-27,Chicago Cubs,St. Louis Cardinals,0,0,2.07,1,0,0,1.0,2,0,0,0,1,1,0.96
