Date,Home Tm,Away Tm,W,L,ERA,G,GS,SV,IP,H,R,ER,HR,BB,SO,WHIP
2025-03-30,Washington Nationals,Philadelphia Phillies,0,0,-.--,1,0,0,0.0,1,1,1,0,2,0,-.--
2025-03-31,Toronto Blue Jays,Washington Nationals,0,0,9.00,1,0,0,1.0,1,0,0,0,0,0,4.00
2025-04-02,Toronto Blue Jays,Washington Nationals,0,0,4.50,1,0,0,1.0,1,1,0,0,0,0,2.50
2025-04-08,Washington Nationals,Los Angeles Dodgers,0,0,1.80,1,1,0,3.0,2,0,0,0,2,4,1.80
2025-04-14,Pittsburgh Pirates,Washington Nationals,0,1,4.82,1,1,0,4.1,6,4,4,0,3,1,1.93
2025-04-20,Colorado Rockies,Washington Nationals,0,1,4.73,1,1,0,4.0,5,2,2,0,2,5,1.88
2025-04-26,Washington Nationals,New York Mets,0,1,4.67,1,1,0,4.0,5,2,2,1,0,3,1.73
2025-05-01,Philadelphia Phillies,Washington Nationals,1,0,4.43,1,1,0,5.0,6,2,2,0,1,4,1.66
2025-05-06,Washington Nationals,Cleveland Guardians,0,1,4.45,1,1,0,6.0,3,3,3,1,1,4,1.45
2025-05-11,Washington Nationals,St. Louis Cardinals,0,0,4.91,1,0,0,1.0,3,2,2,1,1,2,1.53
2025-05-13,Atlanta Braves,Washington Nationals,0,1,5.17,1,0,0,2.0,5,2,2,0,1,4,1.63
2025-05-15,Atlanta Braves,Washington Nationals,0,0,4.91,1,0,0,1.2,1,0,0,0,0,1,1.58
2025-05-18,Baltimore Orioles,Washington Nationals,0,0,5.03,1,0,0,1.0,1,1,1,1,0,0,1.56
2025-05-22,Washington Nationals,Atlanta Braves,0,0,4.84,1,0,0,1.1,1,0,0,0,1,3,1.56
2025-05-25,Washington Nationals,San Francisco Giants,0,0,4.58,1,0,0,2.0,0,0,0,0,1,2,1.50
2025-05-28,Seattle Mariners,Washington Nationals,0,0,4.46,1,0,0,1.0,2,0,0,0,0,2,1.51
2025-05-30,Arizona Diamondbacks,Washington Nationals,0,0,4.24,1,0,0,2.0,1,0,0,0,2,3,1.51
2025-06-01,Arizona Diamondbacks,Washington Nationals,0,0,4.14,1,0,0,1.0,0,0,0,0,0,1,1.48
2025-06-04,Washington Nationals,Chicago Cubs,0,0,4.04,1,0,0,1.0,0,0,0,0,1,0,1.46
2025-06-06,Washington Nationals,Texas Rangers,0,0,3.95,1,0,0,1.0,0,0,0,0,0,0,1.43
2025-06-08,Washington Nationals,Texas Rangers,0,0,3.86,1,0,0,1.0,2,0,0,0,2,1,1.49
2025-06-10,New York Mets,Washington Nationals,0,0,3.77,1,0,0,1.0,0,0,0,0,0,0,1.46
2025-06-13,Washington Nationals,Miami Marlins,0,0,3.61,1,0,0,2.0,1,0,0,0,0,2,1.42
2025-06-14,Washington Nationals,Miami Marlins,0,0,3.72,1,0,0,1.0,3,1,1,1,0,0,1.45
2025-06-16,Washington Nationals,Colorado Rockies,0,0,3.58,1,0,0,2.0,0,0,0,0,0,2,1.39
2025-06-18,Washington Nationals,Colorado Rockies,0,0,3.68,1,0,0,1.0,1,1,1,0,0,1,1.38
2025-06-21,Los Angeles Dodgers,Washington Nationals,0,0,3.61,1,0,0,1.0,0,0,0,0,0,2,1.36
2025-06-23,San Diego Padres,Washington Nationals,0,0,3.48,1,0,0,2.0,0,0,0,0,0,1,1.31
2025-06-25,San Diego Padres,Washington Nationals,0,0,3.38,1,0,0,1.2,1,0,0,0,1,1,1.30
2025-06-27,Los Angeles Angels,Washington Nationals,1,0,3.28,1,0,0,1.2,1,0,0,0,1,1,1.30
2025-07-02,Washington Nationals,Detroit Tigers,0,0,3.38,1,0,0,1.0,2,1,1,0,0,2,1.31
2025-07-03,Washington Nationals,Detroit Tigers,0,0,3.62,1,0,0,1.0,1,2,2,0,1,1,1.32
2025-07-06,Washington Nationals,Boston Red Sox,0,0,3.65,1,0,0,2.0,2,1,1,0,0,1,1.31
2025-07-11,Milwaukee Brewers,Washington Nationals,0,0,3.59,1,0,0,1.0,0,0,0,0,0,2,1.29
2025-07-12,Milwaukee Brewers,Washington Nationals,0,0,3.46,1,0,0,2.1,0,0,0,0,0,0,1.25
2025-07-22,Washington Nationals,Cincinnati Reds,0,0,3.39,1,1,0,4.0,6,1,1,0,0,1,1.26
2025-07-28,Houston Astros,Washington Nationals,0,0,3.27,1,1,0,5.1,1,1,1,0,1,2,1.20
2025-08-03,Washington Nationals,Milwaukee Brewers,0,1,3.42,1,1,0,4.2,6,3,3,1,2,6,1.23
2025-08-09,San Francisco Giants,Washington Nationals,1,0,3.28,1,1,0,6.0,4,1,1,1,2,5,1.21
2025-08-14,Washington Nationals,Philadelphia Phillies,0,0,3.26,1,1,0,6.0,7,2,2,0,1,3,1.22
2025-08-20,Washington Nationals,New York Mets,1,0,3.46,1,1,0,5.1,7,4,4,1,2,4,1.25
2025-08-25,New York Yankees,Washington Nationals,0,1,3.84,1,1,0,4.1,8,7,6,2,2,5,1.29
2025-08-31,Washington Nationals,Tampa Bay Rays,0,1,4.34,1,1,0,3.0,5,7,7,1,2,3,1.32
2025-09-06,Chicago Cubs,Washington Nationals,1,0,4.20,1,1,0,5.2,2,1,1,0,4,7,1.31
2025-09-12,Washington Nationals,Pittsburgh Pirates,0,0,4.21,1,1,0,6.0,7,3,3,1,0,4,1.30
2025-09-17,Washington Nationals,Atlanta Braves,0,0,4.18,1,1,0,5.1,6,2,2,0,1,4,1.30
2025-09-23,Atlanta Braves,Washington Nationals,0,1,4.12,1,1,0,6.0,4,2,2,2,1,4,1.28
2025-09-28,Washington Nationals,Chicago White Sox,0,1,4.34,1,1,0,4.0,5,5,5,3,2,4,1.29
