Date,Home Tm,Away Tm,W,L,ERA,G,GS,SV,IP,H,R,ER,HR,BB,SO,WHIP
2025-08-27,Athletics,Detroit Tigers,0,0,0.0,1,0,0,1.0,0,0,0,0,1,0,1.0
2025-08-29,Athletics,Texas Rangers,0,0,0.0,1,0,0,1.0,0,0,0,0,1,2,1.0
2025-09-06,Los Angeles Angels,Athletics,0,0,0.0,1,0,0,1.0,3,1,0,0,0,0,1.67
2025-09-08,Athletics,Boston Red Sox,0,0,0.0,1,0,0,2.1,1,0,0,0,0,4,1.13
2025-09-13,Athletics,Cincinnati Reds,1,0,0.0,1,0,0,1.0,0,0,0,0,0,0,0.95
2025-09-14,Athletics,Cincinnati Reds,0,0,0.0,1,0,0,0.2,0,0,0,0,1,0,1.0
2025-09-17,Boston Red Sox,Athletics,0,0,0.0,1,0,0,0.1,1,0,0,0,0,0,1.09
2025-09-19,Pittsburgh Pirates,Athletics,0,0,0.0,1,0,0,1.0,1,0,0,0,1,1,1.2
2025-09-20,Pittsburgh Pirates,Athletics,0,0,0.0,1,0,0,1.0,0,0,0,0,0,0,1.07
2025-09-25,Athletics,Houston Astros,0,0,1.74,1,0,0,1.0,3,2,2,0,3,1,1.55
2025-09-28,Athletics,Kansas City Royals,0,1,2.31,1,1,0,1.1,3,1,1,0,2,0,1.8
