Date,Home Tm,Away Tm,W,L,ERA,G,GS,SV,IP,H,R,ER,HR,BB,SO,WHIP
2025-07-06,Miami Marlins,Milwaukee Brewers,1,0,1.5,1,1,0,6.0,2,1,1,1,0,8,0.33
2025-07-12,Milwaukee Brewers,Washington Nationals,0,0,2.61,1,1,0,4.1,5,2,2,2,0,10,0.68
2025-07-21,Seattle Mariners,Milwaukee Brewers,1,0,1.65,1,1,0,6.0,2,0,0,0,0,5,0.55
2025-07-27,Milwaukee Brewers,Miami Marlins,0,0,2.01,1,1,0,6.0,4,2,2,1,3,6,0.72
2025-08-02,Washington Nationals,Milwaukee Brewers,1,0,2.22,1,1,0,6.0,1,2,2,1,1,8,0.64
2025-08-08,Milwaukee Brewers,New York Mets,1,0,2.29,1,1,0,7.0,3,2,2,2,2,8,0.65
2025-08-13,Milwaukee Brewers,Pittsburgh Pirates,0,0,2.06,1,1,0,4.0,4,0,0,0,2,4,0.74
2025-08-19,Chicago Cubs,Milwaukee Brewers,0,1,2.47,1,1,0,4.1,5,3,3,0,3,6,0.85
2025-08-25,Milwaukee Brewers,Arizona Diamondbacks,1,0,3.1,1,1,0,5.2,5,5,5,1,1,8,0.87
2025-08-31,Toronto Blue Jays,Milwaukee Brewers,0,1,3.69,1,1,0,4.1,10,8,5,0,2,3,1.02
2025-09-06,Pittsburgh Pirates,Milwaukee Brewers,1,0,3.32,1,1,0,6.0,2,0,0,0,0,8,0.96
2025-09-17,Milwaukee Brewers,Los Angeles Angels,1,0,3.2,1,1,0,5.0,2,1,1,1,0,9,0.91
