Date,Home Tm,Away Tm,W,L,ERA,G,GS,SV,IP,H,R,ER,HR,BB,SO,WHIP
2025-04-30,New York Mets,Arizona Diamondbacks,0,0,0.0,1,0,0,4.1,3,0,0,0,0,4,0.69
2025-05-28,New York Mets,Chicago White Sox,0,0,3.86,1,0,0,5.0,7,4,4,1,1,3,1.18
2025-06-03,Los Angeles Dodgers,New York Mets,0,0,3.48,1,0,0,1.0,0,0,0,0,1,0,1.16
2025-06-05,Los Angeles Dodgers,New York Mets,0,0,3.38,1,0,0,0.1,0,0,0,0,0,0,1.13
2025-06-25,New York Mets,Atlanta Braves,0,0,3.09,1,0,0,1.0,0,0,0,0,1,0,1.11
2025-06-28,Pittsburgh Pirates,New York Mets,0,0,2.45,1,0,0,3.0,1,0,0,0,0,3,0.95
2025-07-02,New York Mets,Milwaukee Brewers,0,0,2.55,1,0,0,3.0,4,1,1,1,2,2,1.13
2025-07-06,New York Mets,New York Yankees,0,0,3.1,1,0,0,2.2,3,2,2,1,0,2,1.13
2025-07-10,Baltimore Orioles,New York Mets,0,0,3.86,1,1,0,3.0,4,3,3,1,1,2,1.2
2025-07-18,New York Mets,Cincinnati Reds,0,0,4.0,1,0,0,3.2,4,2,2,0,3,2,1.3
2025-08-31,New York Mets,Miami Marlins,0,0,3.45,1,0,0,4.1,3,0,0,0,2,4,1.28
