Date,Home Tm,Away Tm,W,L,ERA,G,GS,SV,IP,H,R,ER,HR,BB,SO,WHIP
2025-05-20,Tampa Bay Rays,Houston Astros,0,0,0.0,1,1,0,5.0,3,0,0,0,1,5,0.8
2025-06-08,Cleveland Guardians,Houston Astros,0,0,1.64,1,1,0,6.0,6,2,2,1,0,5,0.91
2025-06-15,Houston Astros,Minnesota Twins,0,0,1.53,1,1,0,6.2,6,1,1,1,0,9,0.91
2025-06-21,Los Angeles Angels,Houston Astros,0,1,3.8,1,1,0,6.0,9,7,7,2,1,6,1.1
2025-06-27,Houston Astros,Chicago Cubs,1,0,3.34,1,1,0,6.0,5,1,1,1,0,5,1.04
2025-07-03,Colorado Rockies,Houston Astros,0,0,4.15,1,1,0,5.0,8,5,5,1,0,3,1.13
2025-07-09,Houston Astros,Cleveland Guardians,0,1,3.98,1,1,0,6.0,2,2,2,2,0,7,1.01
2025-07-18,Seattle Mariners,Houston Astros,0,1,3.66,1,1,0,6.0,3,1,1,1,1,7,0.96
2025-07-23,Arizona Diamondbacks,Houston Astros,0,0,3.35,1,1,0,7.0,4,1,1,1,1,5,0.93
