Date,Home Tm,Away Tm,W,L,ERA,G,GS,SV,IP,H,R,ER,HR,BB,SO,WHIP
2025-03-29,Los Angeles Dodgers,Detroit Tigers,0,0,6.75,1,0,0,1.1,1,1,1,1,0,1,0.75
2025-03-31,Seattle Mariners,Detroit Tigers,0,0,6.23,1,0,1,3.0,3,2,2,1,0,2,0.92
2025-04-08,Detroit Tigers,New York Yankees,0,0,3.68,1,0,1,3.0,2,0,0,0,1,3,0.95
2025-04-13,Minnesota Twins,Detroit Tigers,0,0,4.0,1,0,0,1.2,2,1,1,0,0,0,1.0
2025-04-16,Milwaukee Brewers,Detroit Tigers,0,0,3.27,1,0,0,2.0,0,0,0,0,1,1,0.91
2025-04-20,Detroit Tigers,Kansas City Royals,0,0,2.77,1,0,0,2.0,1,0,0,0,0,3,0.85
2025-04-21,Detroit Tigers,San Diego Padres,0,0,2.45,1,0,0,1.2,1,0,0,0,0,1,0.82
2025-04-26,Detroit Tigers,Baltimore Orioles,1,0,2.65,1,0,0,2.1,1,1,1,0,2,0,0.88
2025-05-03,Los Angeles Angels,Detroit Tigers,0,0,2.5,1,0,0,1.0,0,0,0,0,0,2,0.83
2025-05-07,Colorado Rockies,Detroit Tigers,0,0,2.21,1,0,0,2.1,2,0,0,0,0,2,0.84
2025-05-11,Detroit Tigers,Texas Rangers,0,0,2.53,1,0,0,1.0,2,1,1,1,1,2,0.94
2025-05-13,Detroit Tigers,Boston Red Sox,0,0,2.38,1,0,0,1.1,2,0,0,0,0,3,0.97
2025-05-18,Toronto Blue Jays,Detroit Tigers,0,0,2.35,1,0,0,0.1,0,0,0,0,0,1,0.96
2025-05-21,St. Louis Cardinals,Detroit Tigers,0,0,2.08,1,1,0,3.0,1,0,0,0,1,2,0.92
2025-05-24,Detroit Tigers,Cleveland Guardians,0,0,1.95,1,0,0,1.2,1,0,0,0,0,2,0.9
2025-05-30,Kansas City Royals,Detroit Tigers,1,0,1.84,1,0,0,1.2,0,0,0,0,2,2,0.92
2025-06-03,Chicago White Sox,Detroit Tigers,0,1,1.72,1,0,0,2.0,1,1,0,0,1,4,0.93
2025-06-05,Chicago White Sox,Detroit Tigers,0,0,1.62,1,0,0,2.0,3,0,0,0,0,0,0.96
2025-06-10,Baltimore Orioles,Detroit Tigers,0,0,1.75,1,1,0,2.2,2,1,1,0,0,3,0.94
2025-06-13,Detroit Tigers,Cincinnati Reds,0,0,1.72,1,1,0,0.2,1,0,0,0,1,1,0.98
2025-06-15,Detroit Tigers,Cincinnati Reds,0,0,1.67,1,0,0,1.0,2,1,0,0,0,0,1.01
2025-06-19,Detroit Tigers,Pittsburgh Pirates,0,1,2.33,1,0,0,1.0,4,4,3,0,1,2,1.11
2025-06-21,Tampa Bay Rays,Detroit Tigers,0,1,2.29,1,1,0,0.2,2,4,0,0,2,2,1.19
2025-06-22,Tampa Bay Rays,Detroit Tigers,0,0,2.75,1,0,0,0.0,0,2,2,0,2,0,1.25
2025-06-27,Detroit Tigers,Minnesota Twins,0,0,2.75,1,0,0,0.0,1,0,0,0,1,0,1.3
2025-07-02,Washington Nationals,Detroit Tigers,0,0,2.79,1,0,0,2.2,4,1,1,0,1,5,1.33
2025-07-05,Cleveland Guardians,Detroit Tigers,0,0,2.72,1,0,0,1.0,0,0,0,0,0,1,1.3
2025-07-09,Detroit Tigers,Tampa Bay Rays,0,0,2.89,1,0,0,0.2,1,1,1,0,0,1,1.31
2025-07-11,Detroit Tigers,Seattle Mariners,0,0,3.27,1,0,0,0.1,2,3,2,1,2,1,1.39
2025-07-19,Texas Rangers,Detroit Tigers,0,0,3.13,1,0,0,2.0,0,0,0,0,1,3,1.35
2025-07-22,Pittsburgh Pirates,Detroit Tigers,0,0,2.98,1,0,0,2.1,2,0,0,0,3,2,1.39
2025-07-25,Detroit Tigers,Toronto Blue Jays,0,0,2.86,1,0,0,2.0,1,0,0,0,0,3,1.35
2025-07-29,Detroit Tigers,Arizona Diamondbacks,1,0,2.68,1,0,0,3.1,1,0,0,0,0,3,1.29
2025-08-01,Philadelphia Phillies,Detroit Tigers,0,0,2.67,1,0,0,0.1,1,0,0,0,0,1,1.3
2025-08-04,Detroit Tigers,Minnesota Twins,0,0,2.6,1,0,0,1.1,1,0,0,0,0,1,1.28
2025-08-06,Detroit Tigers,Minnesota Twins,0,0,2.53,1,0,0,1.2,0,0,0,0,0,1,1.25
2025-08-12,Chicago White Sox,Detroit Tigers,0,0,2.5,1,0,0,0.2,1,1,0,0,3,0,1.3
2025-08-15,Minnesota Twins,Detroit Tigers,0,0,2.45,1,0,0,1.0,0,0,0,0,1,1,1.3
2025-09-17,Detroit Tigers,Cleveland Guardians,0,0,2.58,1,0,0,0.2,1,1,1,0,0,1,1.3
2025-09-21,Detroit Tigers,Atlanta Braves,0,0,2.55,1,0,0,0.2,4,0,0,0,0,1,1.35
2025-09-23,Cleveland Guardians,Detroit Tigers,0,0,2.52,1,0,0,0.2,1,0,0,0,0,0,1.35
2025-09-25,Cleveland Guardians,Detroit Tigers,1,0,2.47,1,0,0,1.1,1,0,0,0,0,2,1.34
2025-09-27,Boston Red Sox,Detroit Tigers,0,0,2.43,1,0,0,1.0,1,0,0,0,0,2,1.33
