Date,Home Tm,Away Tm,W,L,ERA,G,GS,SV,IP,H,R,ER,HR,BB,SO,WHIP
2025-04-19,Baltimore Orioles,Cincinnati Reds,0,0,6.75,1,1,0,4.0,7,3,3,1,3,3,2.5
2025-04-26,Detroit Tigers,Baltimore Orioles,0,1,6.23,1,1,0,4.2,4,3,3,0,5,6,2.19
2025-06-25,Baltimore Orioles,Texas Rangers,0,1,7.11,1,1,0,4.0,5,4,4,1,1,2,1.97
2025-07-01,Texas Rangers,Baltimore Orioles,0,1,7.02,1,1,0,4.0,6,3,3,0,2,4,1.98
2025-07-08,Baltimore Orioles,New York Mets,0,0,6.14,1,1,0,5.1,5,2,2,1,0,6,1.73
2025-07-13,Baltimore Orioles,Miami Marlins,0,1,7.52,1,1,0,4.1,9,7,7,4,0,4,1.78
2025-07-22,Cleveland Guardians,Baltimore Orioles,0,1,7.34,1,1,0,4.1,4,3,3,1,3,3,1.76
2025-07-29,Baltimore Orioles,Toronto Blue Jays,0,0,6.63,1,1,0,6.0,6,2,2,0,2,6,1.69
2025-08-03,Chicago Cubs,Baltimore Orioles,0,0,5.88,1,1,0,4.2,5,2,0,0,2,4,1.67
2025-08-09,Baltimore Orioles,Athletics,0,1,6.7,1,1,0,3.0,6,6,6,2,2,2,1.74
2025-08-15,Houston Astros,Baltimore Orioles,1,0,5.68,1,1,0,8.0,1,0,0,0,0,6,1.49
2025-08-21,Baltimore Orioles,Houston Astros,0,1,6.24,1,1,0,5.1,9,7,7,2,2,1,1.54
