Date,Home Tm,Away Tm,W,L,ERA,G,GS,SV,IP,H,R,ER,HR,BB,SO,WHIP
2025-03-31,Chicago White Sox,Minnesota Twins,0,0,0.0,1,0,0,1.0,0,0,0,0,1,3,1.0
2025-04-01,Chicago White Sox,Minnesota Twins,0,0,5.4,1,0,0,0.2,1,1,1,0,0,1,1.2
2025-04-04,Detroit Tigers,Chicago White Sox,0,0,12.0,1,0,0,1.1,5,3,3,1,0,1,2.33
2025-04-11,Chicago White Sox,Boston Red Sox,0,0,9.0,1,0,0,1.0,0,0,0,0,0,2,1.75
2025-04-15,Chicago White Sox,Athletics,0,0,6.35,1,0,0,1.2,1,0,0,0,0,2,1.41
2025-04-17,Chicago White Sox,Athletics,0,0,5.87,1,0,0,2.0,2,1,1,1,0,3,1.3
2025-04-20,Boston Red Sox,Chicago White Sox,1,0,4.82,1,0,0,1.2,1,0,0,0,0,1,1.18
2025-04-23,Minnesota Twins,Chicago White Sox,0,0,5.23,1,0,0,1.0,3,1,1,0,0,1,1.35
2025-04-24,Minnesota Twins,Chicago White Sox,0,0,4.76,1,0,1,1.0,1,0,0,0,0,1,1.32
2025-04-27,Athletics,Chicago White Sox,0,0,5.11,1,1,0,1.0,2,1,1,0,0,0,1.38
2025-04-29,Chicago White Sox,Milwaukee Brewers,0,0,5.54,1,0,0,0.2,2,1,1,0,1,1,1.54
2025-05-01,Chicago White Sox,Milwaukee Brewers,0,0,5.14,1,0,0,1.0,0,0,0,0,0,2,1.43
2025-05-05,Kansas City Royals,Chicago White Sox,0,0,4.8,1,0,0,1.0,0,0,0,0,1,0,1.4
2025-05-09,Chicago White Sox,Miami Marlins,0,0,4.5,1,0,0,1.0,0,0,0,0,1,1,1.38
2025-05-10,Chicago White Sox,Miami Marlins,0,0,4.96,1,0,0,0.1,1,1,1,0,1,0,1.47
2025-05-13,Cincinnati Reds,Chicago White Sox,0,0,4.67,1,1,0,1.0,0,0,0,0,0,1,1.38
2025-05-14,Cincinnati Reds,Chicago White Sox,0,0,5.0,1,0,0,0.2,2,1,1,0,0,0,1.44
2025-05-16,Chicago Cubs,Chicago White Sox,0,0,5.4,1,0,0,0.1,2,1,1,0,0,0,1.53
2025-05-18,Chicago Cubs,Chicago White Sox,0,0,5.68,1,0,0,0.2,3,1,1,0,0,2,1.63
2025-05-20,Chicago White Sox,Seattle Mariners,0,0,5.4,1,0,0,1.0,0,0,0,0,0,1,1.55
2025-05-21,Chicago White Sox,Seattle Mariners,0,0,5.66,1,0,0,0.2,2,1,1,1,0,2,1.6
2025-05-24,Chicago White Sox,Texas Rangers,0,0,5.4,1,0,0,1.0,0,0,0,0,0,2,1.52
2025-05-26,New York Mets,Chicago White Sox,0,0,5.16,1,0,0,1.0,0,0,0,0,1,1,1.5
2025-05-28,New York Mets,Chicago White Sox,1,0,4.88,1,0,0,1.1,0,0,0,0,0,2,1.42
2025-06-01,Baltimore Orioles,Chicago White Sox,0,0,4.62,1,0,0,1.1,0,0,0,0,0,2,1.34
2025-06-03,Chicago White Sox,Detroit Tigers,0,0,4.44,1,0,0,1.0,2,0,0,0,0,1,1.37
2025-06-04,Chicago White Sox,Detroit Tigers,0,1,4.61,1,0,0,1.0,1,1,1,0,0,1,1.35
2025-06-06,Chicago White Sox,Kansas City Royals,0,0,4.45,1,0,0,1.0,1,0,0,0,0,1,1.34
2025-06-10,Houston Astros,Chicago White Sox,0,0,4.3,1,0,1,1.0,0,0,0,0,0,1,1.3
2025-06-14,Texas Rangers,Chicago White Sox,0,0,4.55,1,0,0,0.1,2,1,1,0,0,0,1.35
2025-06-15,Texas Rangers,Chicago White Sox,0,0,4.5,1,0,0,0.1,0,0,0,0,0,0,1.33
2025-06-17,Chicago White Sox,St. Louis Cardinals,0,0,4.65,1,0,0,1.0,1,1,1,1,0,1,1.32
2025-06-19,Chicago White Sox,St. Louis Cardinals,0,0,4.55,1,0,0,0.2,0,0,0,0,2,1,1.36
2025-06-22,Toronto Blue Jays,Chicago White Sox,0,0,4.41,1,0,0,1.0,0,0,0,0,0,0,1.32
2025-06-24,Chicago White Sox,Arizona Diamondbacks,0,0,4.46,1,0,0,1.2,3,1,1,0,0,1,1.34
2025-06-29,Chicago White Sox,San Francisco Giants,0,0,4.33,1,0,0,1.0,1,0,0,0,0,2,1.33
2025-07-02,Los Angeles Dodgers,Chicago White Sox,0,0,4.46,1,1,0,1.0,1,1,1,1,0,0,1.32
2025-07-05,Colorado Rockies,Chicago White Sox,0,0,4.58,1,0,0,1.0,1,1,1,1,0,1,1.31
2025-07-07,Chicago White Sox,Toronto Blue Jays,0,0,4.93,1,0,0,1.0,2,2,2,0,2,0,1.38
2025-07-11,Chicago White Sox,Cleveland Guardians,0,0,4.81,1,0,0,1.0,0,0,0,0,0,1,1.35
2025-07-13,Chicago White Sox,Cleveland Guardians,0,1,4.69,1,0,0,1.0,1,1,0,0,0,1,1.34
2025-07-19,Pittsburgh Pirates,Chicago White Sox,0,0,4.57,1,0,0,1.0,0,0,0,0,0,0,1.31
2025-07-21,Tampa Bay Rays,Chicago White Sox,0,0,4.68,1,0,0,1.0,1,1,1,1,1,1,1.32
2025-07-23,Tampa Bay Rays,Chicago White Sox,0,0,4.81,1,0,0,0.2,2,1,1,0,0,1,1.35
2025-07-26,Chicago White Sox,Chicago Cubs,0,0,4.67,1,0,0,1.1,1,0,0,0,0,3,1.33
2025-07-27,Chicago White Sox,Chicago Cubs,0,0,4.57,1,0,0,1.0,0,0,0,0,1,1,1.32
2025-07-30,Chicago White Sox,Philadelphia Phillies,0,0,4.5,1,0,0,0.2,0,0,0,0,0,1,1.3
2025-08-02,Los Angeles Angels,Chicago White Sox,0,0,4.34,1,0,0,1.2,0,0,0,0,0,1,1.26
2025-08-06,Seattle Mariners,Chicago White Sox,0,0,4.22,1,0,0,1.1,1,0,0,0,1,3,1.27
2025-08-07,Seattle Mariners,Chicago White Sox,0,1,4.2,1,0,0,0.1,1,1,0,0,1,1,1.3
2025-08-10,Chicago White Sox,Cleveland Guardians,0,0,4.11,1,0,0,1.0,1,0,0,0,1,1,1.31
2025-08-11,Chicago White Sox,Detroit Tigers,0,1,4.24,1,0,0,0.2,2,1,1,1,1,1,1.35
2025-08-15,Kansas City Royals,Chicago White Sox,0,0,4.15,1,0,0,1.0,0,0,0,0,0,1,1.33
2025-08-18,Atlanta Braves,Chicago White Sox,0,0,4.08,1,0,0,1.0,0,0,0,0,0,1,1.3
2025-08-20,Atlanta Braves,Chicago White Sox,0,0,4.05,1,0,0,0.1,0,0,0,0,0,0,1.29
2025-08-22,Chicago White Sox,Minnesota Twins,0,1,4.31,1,0,0,1.0,3,2,2,0,1,0,1.34
2025-08-24,Chicago White Sox,Minnesota Twins,1,0,4.2,1,0,0,1.1,1,0,0,0,1,1,1.35
2025-08-29,Chicago White Sox,New York Yankees,0,0,4.13,1,0,0,1.0,0,0,0,0,0,2,1.32
2025-08-30,Chicago White Sox,New York Yankees,0,0,4.01,1,0,0,1.2,0,0,0,0,1,1,1.3
2025-09-01,Minnesota Twins,Chicago White Sox,0,0,4.22,1,0,0,1.1,3,2,2,1,0,0,1.32
2025-09-03,Minnesota Twins,Chicago White Sox,0,0,4.18,1,0,0,0.2,0,0,0,0,1,1,1.33
2025-09-07,Detroit Tigers,Chicago White Sox,0,0,4.11,1,0,0,1.0,2,0,0,0,0,1,1.34
2025-09-10,Chicago White Sox,Tampa Bay Rays,0,0,4.33,1,0,0,1.0,1,2,2,1,1,2,1.35
2025-09-11,Chicago White Sox,Tampa Bay Rays,0,0,4.26,1,0,0,1.0,1,0,0,0,0,0,1.34
2025-09-14,Cleveland Guardians,Chicago White Sox,0,1,4.29,1,0,0,1.2,4,1,1,1,0,1,1.37
2025-09-16,Chicago White Sox,Baltimore Orioles,0,0,4.23,1,0,0,1.0,0,0,0,0,0,1,1.35
2025-09-17,Chicago White Sox,Baltimore Orioles,0,0,4.16,1,0,0,1.0,1,0,0,0,1,1,1.36
2025-09-19,Chicago White Sox,San Diego Padres,0,0,4.14,1,0,0,0.1,0,0,0,0,0,1,1.35
2025-09-21,Chicago White Sox,San Diego Padres,0,0,4.12,1,0,0,0.1,1,0,0,0,0,1,1.36
2025-09-23,New York Yankees,Chicago White Sox,0,1,4.35,1,0,0,0.2,2,2,2,0,2,0,1.4
2025-09-26,Washington Nationals,Chicago White Sox,0,0,4.28,1,0,0,1.0,1,0,0,0,0,1,1.4
2025-09-27,Washington Nationals,Chicago White Sox,0,1,4.39,1,0,0,0.1,2,1,1,1,1,0,1.44
