Date,Home Tm,Away Tm,W,L,ERA,G,GS,SV,IP,H,R,ER,HR,BB,SO,WHIP
2025-03-29,Arizona Diamondbacks,Chicago Cubs,0,1,4.5,1,1,0,6.0,6,3,3,1,1,5,1.17
2025-04-04,Washington Nationals,Arizona Diamondbacks,1,0,5.25,1,1,0,6.0,6,4,4,3,0,4,1.08
2025-04-09,Arizona Diamondbacks,Baltimore Orioles,1,0,3.5,1,1,0,6.0,4,0,0,0,2,3,1.06
2025-04-16,Miami Marlins,Arizona Diamondbacks,1,0,3.04,1,1,0,5.2,5,1,1,1,2,6,1.1
2025-04-22,Arizona Diamondbacks,Tampa Bay Rays,1,0,2.73,1,1,0,6.0,4,1,1,0,0,5,1.01
2025-04-27,Arizona Diamondbacks,Atlanta Braves,1,0,2.78,1,1,0,6.0,9,3,2,0,1,6,1.12
2025-05-03,Philadelphia Phillies,Arizona Diamondbacks,0,1,3.79,1,1,0,4.2,9,7,6,2,1,6,1.24
2025-05-08,Arizona Diamondbacks,Los Angeles Dodgers,1,0,3.28,1,1,0,6.1,4,0,0,0,3,6,1.22
2025-05-13,San Francisco Giants,Arizona Diamondbacks,0,1,3.73,1,1,0,4.0,6,4,4,1,3,3,1.3
2025-05-19,Los Angeles Dodgers,Arizona Diamondbacks,1,0,3.81,1,1,0,6.0,3,3,3,3,1,0,1.24
2025-05-25,St. Louis Cardinals,Arizona Diamondbacks,0,0,3.9,1,1,0,5.2,5,3,3,1,1,5,1.22
2025-05-31,Arizona Diamondbacks,Washington Nationals,0,1,5.05,1,1,0,0.0,6,8,8,0,0,0,1.32
2025-06-05,Atlanta Braves,Arizona Diamondbacks,0,0,5.65,1,1,0,3.0,6,6,6,0,2,2,1.38
2025-06-10,Arizona Diamondbacks,Seattle Mariners,1,0,5.5,1,1,0,5.0,9,2,2,2,1,4,1.42
2025-06-17,Toronto Blue Jays,Arizona Diamondbacks,0,0,5.38,1,1,0,5.0,4,2,2,1,1,3,1.39
2025-06-22,Colorado Rockies,Arizona Diamondbacks,0,1,5.49,1,1,0,5.0,6,4,4,1,1,7,1.39
2025-06-28,Arizona Diamondbacks,Miami Marlins,0,0,5.38,1,1,0,5.0,5,3,2,0,1,7,1.38
2025-07-03,Arizona Diamondbacks,San Francisco Giants,0,1,5.42,1,1,0,6.0,6,4,4,0,2,8,1.38
2025-07-09,San Diego Padres,Arizona Diamondbacks,1,0,5.16,1,1,0,8.0,4,2,2,1,0,4,1.31
2025-07-18,Arizona Diamondbacks,St. Louis Cardinals,1,0,4.82,1,1,0,7.0,4,0,0,0,0,6,1.26
2025-07-23,Arizona Diamondbacks,Houston Astros,0,0,4.76,1,1,0,5.1,5,2,2,0,2,5,1.26
2025-07-29,Detroit Tigers,Arizona Diamondbacks,0,1,5.11,1,1,0,4.2,11,7,7,3,0,3,1.31
2025-08-04,Arizona Diamondbacks,San Diego Padres,1,0,5.02,1,1,0,5.2,5,2,2,0,3,4,1.31
2025-08-10,Arizona Diamondbacks,Colorado Rockies,1,0,5.03,1,1,0,5.0,11,3,3,0,0,2,1.35
2025-08-15,Colorado Rockies,Arizona Diamondbacks,0,1,5.08,1,1,0,6.0,8,4,4,1,2,4,1.36
2025-08-20,Arizona Diamondbacks,Cleveland Guardians,0,0,4.95,1,1,0,7.0,5,2,2,0,1,5,1.34
2025-08-26,Milwaukee Brewers,Arizona Diamondbacks,0,0,5.24,1,1,0,2.2,8,6,6,1,1,4,1.37
2025-08-31,Los Angeles Dodgers,Arizona Diamondbacks,0,0,5.33,1,1,0,4.1,8,4,4,0,1,5,1.39
2025-09-06,Arizona Diamondbacks,Boston Red Sox,1,0,5.18,1,1,0,6.0,6,1,1,0,0,7,1.38
2025-09-12,Minnesota Twins,Arizona Diamondbacks,0,0,5.31,1,1,0,4.2,9,5,5,2,1,2,1.4
2025-09-17,Arizona Diamondbacks,San Francisco Giants,0,0,5.02,1,1,0,9.0,1,0,0,0,1,7,1.34
2025-09-23,Arizona Diamondbacks,Los Angeles Dodgers,0,0,5.0,1,1,0,6.0,4,3,3,1,2,4,1.33
2025-09-28,San Diego Padres,Arizona Diamondbacks,0,1,5.25,1,1,0,4.0,6,8,7,1,0,5,1.33
