Date,Home Tm,Away Tm,W,L,ERA,G,GS,SV,IP,H,R,ER,HR,BB,SO,WHIP
2025-05-26,Arizona Diamondbacks,Pittsburgh Pirates,0,0,0.0,1,0,0,3.0,2,0,0,0,1,1,1.0
2025-06-01,San Diego Padres,Pittsburgh Pirates,0,0,0.0,1,0,0,1.0,0,0,0,0,0,2,0.75
2025-06-04,Pittsburgh Pirates,Houston Astros,0,0,0.0,1,0,0,2.0,1,0,0,0,0,3,0.67
2025-06-08,Pittsburgh Pirates,Philadelphia Phillies,1,0,0.0,1,0,0,1.1,1,0,0,0,2,0,0.95
2025-06-11,Pittsburgh Pirates,Miami Marlins,0,0,1.17,1,0,0,0.1,1,1,1,0,2,0,1.3
2025-06-14,Chicago Cubs,Pittsburgh Pirates,0,0,0.93,1,0,0,2.0,0,0,0,0,0,2,1.03
2025-06-20,Pittsburgh Pirates,Texas Rangers,0,0,1.54,1,0,0,2.0,4,1,1,0,1,2,1.29
2025-06-23,Milwaukee Brewers,Pittsburgh Pirates,0,0,1.23,1,1,0,3.0,1,0,0,0,0,2,1.09
2025-06-28,Pittsburgh Pirates,New York Mets,1,0,1.56,1,0,0,2.2,5,1,1,0,0,2,1.21
2025-07-04,Seattle Mariners,Pittsburgh Pirates,0,0,2.29,1,0,0,2.1,4,2,2,1,0,2,1.27
2025-07-09,Kansas City Royals,Pittsburgh Pirates,0,0,2.05,1,0,0,2.1,3,0,0,0,0,3,1.27
2025-07-18,Pittsburgh Pirates,Chicago White Sox,0,0,2.74,1,0,0,1.0,2,2,2,0,4,0,1.48
2025-07-21,Pittsburgh Pirates,Detroit Tigers,0,0,2.63,1,0,0,1.0,0,0,0,0,1,1,1.46
2025-07-25,Pittsburgh Pirates,Arizona Diamondbacks,0,1,2.42,1,0,0,2.0,0,1,0,0,1,2,1.38
2025-07-29,San Francisco Giants,Pittsburgh Pirates,1,0,2.17,1,0,0,3.0,0,0,0,0,0,1,1.24
2025-08-02,Colorado Rockies,Pittsburgh Pirates,0,1,2.9,1,0,0,2.0,5,3,3,0,0,2,1.32
2025-08-05,Pittsburgh Pirates,San Francisco Giants,0,0,3.24,1,0,0,2.1,5,2,2,0,0,3,1.38
2025-08-09,Pittsburgh Pirates,Cincinnati Reds,0,0,3.19,1,1,0,3.1,3,1,1,0,1,5,1.36
2025-08-15,Chicago Cubs,Pittsburgh Pirates,0,0,3.02,1,1,0,5.0,3,1,1,0,0,4,1.27
2025-08-22,Pittsburgh Pirates,Colorado Rockies,1,0,2.7,1,1,0,5.0,1,0,0,0,1,6,1.18
2025-08-28,St. Louis Cardinals,Pittsburgh Pirates,0,0,2.58,1,1,0,5.2,4,1,1,0,1,5,1.15
2025-09-03,Pittsburgh Pirates,Los Angeles Dodgers,0,0,2.44,1,1,0,3.0,2,0,0,0,4,4,1.19
2025-09-09,Baltimore Orioles,Pittsburgh Pirates,0,0,2.47,1,0,0,3.0,2,1,1,1,2,4,1.2
2025-09-15,Pittsburgh Pirates,Chicago Cubs,0,1,2.74,1,1,0,4.0,6,3,3,1,2,4,1.25
2025-09-20,Pittsburgh Pirates,Athletics,0,0,2.62,1,0,0,3.0,0,0,0,0,0,6,1.19
2025-09-25,Cincinnati Reds,Pittsburgh Pirates,0,1,2.71,1,1,0,4.1,8,2,2,0,1,5,1.25
