Date,Home Tm,Away Tm,W,L,ERA,G,GS,SV,IP,H,R,ER,HR,BB,SO,WHIP
2025-04-22,Boston Red Sox,Seattle Mariners,1,0,1.8,1,1,0,5.0,4,1,1,1,3,3,1.4
2025-04-27,Cleveland Guardians,Boston Red Sox,1,0,3.27,1,1,0,6.0,6,3,3,1,3,4,1.45
2025-05-02,Boston Red Sox,Minnesota Twins,0,0,2.55,1,1,0,6.2,4,1,1,1,1,5,1.19
2025-05-08,Boston Red Sox,Texas Rangers,0,0,2.01,1,1,0,4.2,4,0,0,0,5,1,1.34
2025-05-13,Detroit Tigers,Boston Red Sox,0,0,2.33,1,1,0,4.2,6,3,2,1,2,4,1.41
2025-05-18,Boston Red Sox,Atlanta Braves,0,1,4.02,1,1,0,4.1,10,7,7,0,5,3,1.69
2025-05-23,Boston Red Sox,Baltimore Orioles,0,0,4.08,1,1,0,4.0,6,2,2,0,1,7,1.7
2025-05-28,Milwaukee Brewers,Boston Red Sox,0,0,3.83,1,1,0,4.2,3,2,1,1,2,2,1.63
2025-06-03,Boston Red Sox,Los Angeles Angels,0,0,3.91,1,1,0,6.0,6,3,3,0,2,4,1.59
2025-06-09,Boston Red Sox,Tampa Bay Rays,0,0,3.96,1,1,0,6.1,7,4,3,0,1,4,1.55
2025-06-15,Boston Red Sox,New York Yankees,1,0,3.49,1,1,0,7.0,3,0,0,0,3,8,1.47
2025-06-21,San Francisco Giants,Boston Red Sox,0,1,3.31,1,1,0,6.0,4,3,1,2,1,6,1.41
2025-06-27,Boston Red Sox,Toronto Blue Jays,0,1,3.41,1,1,0,6.0,8,3,3,0,3,1,1.44
2025-07-01,Boston Red Sox,Cincinnati Reds,1,0,3.42,1,0,0,5.0,1,2,2,1,1,3,1.38
2025-07-08,Boston Red Sox,Colorado Rockies,1,0,3.27,1,1,0,9.0,5,2,2,1,1,10,1.3
2025-07-13,Boston Red Sox,Tampa Bay Rays,1,0,3.14,1,1,0,6.1,6,1,1,0,0,5,1.28
2025-07-19,Chicago Cubs,Boston Red Sox,0,1,3.23,1,1,0,6.0,6,3,3,2,1,4,1.27
2025-07-25,Boston Red Sox,Los Angeles Dodgers,0,1,3.32,1,1,0,5.1,6,3,3,0,2,5,1.28
2025-07-30,Minnesota Twins,Boston Red Sox,1,0,3.19,1,1,0,7.0,5,1,1,1,4,4,1.28
2025-08-04,Boston Red Sox,Kansas City Royals,1,0,3.03,1,1,0,6.0,6,1,0,0,1,5,1.28
2025-08-10,San Diego Padres,Boston Red Sox,0,1,3.25,1,1,0,5.2,6,5,5,0,3,7,1.29
2025-08-16,Boston Red Sox,Miami Marlins,1,0,3.23,1,1,0,6.1,4,2,2,2,0,2,1.26
2025-08-22,New York Yankees,Boston Red Sox,1,0,3.07,1,1,0,7.0,3,0,0,0,1,5,1.22
2025-08-27,Baltimore Orioles,Boston Red Sox,0,0,2.99,1,1,0,6.2,5,2,1,0,1,6,1.21
2025-09-01,Boston Red Sox,Cleveland Guardians,1,0,3.07,1,1,0,5.0,6,3,3,0,3,4,1.23
2025-09-07,Arizona Diamondbacks,Boston Red Sox,0,0,3.12,1,1,0,6.0,4,3,3,0,1,2,1.21
2025-09-13,Boston Red Sox,New York Yankees,0,1,3.25,1,1,0,5.0,5,4,4,1,3,4,1.22
2025-09-18,Boston Red Sox,Athletics,0,1,3.34,1,1,0,4.0,5,4,3,1,2,3,1.24
2025-09-25,Toronto Blue Jays,Boston Red Sox,0,1,3.35,1,1,0,5.0,3,3,2,0,3,3,1.24
