Date,Home Tm,Away Tm,W,L,ERA,G,GS,SV,IP,H,R,ER,HR,BB,SO,WHIP
2025-05-11,Seattle Mariners,Toronto Blue Jays,0,0,0.0,1,0,0,1.0,1,0,0,0,0,0,1.0
2025-05-13,Toronto Blue Jays,Tampa Bay Rays,0,0,0.0,1,0,0,0.2,0,0,0,0,0,1,0.6
2025-05-15,Toronto Blue Jays,Tampa Bay Rays,0,0,0.0,1,0,0,2.0,0,0,0,0,0,4,0.27
2025-05-18,Toronto Blue Jays,Detroit Tigers,0,0,0.0,1,0,0,1.1,2,0,0,0,0,1,0.6
2025-05-22,Toronto Blue Jays,San Diego Padres,1,0,0.0,1,0,0,0.1,0,0,0,0,0,0,0.56
2025-05-23,Tampa Bay Rays,Toronto Blue Jays,0,0,0.0,1,0,0,1.2,0,0,0,0,0,4,0.43
2025-05-28,Texas Rangers,Toronto Blue Jays,0,0,0.0,1,0,0,1.1,0,0,0,0,1,2,0.48
2025-05-31,Toronto Blue Jays,Athletics,0,0,4.66,1,1,0,1.1,4,5,5,2,1,1,0.93
2025-06-03,Toronto Blue Jays,Philadelphia Phillies,0,0,4.22,1,0,0,1.0,1,0,0,0,0,3,0.94
2025-06-07,Minnesota Twins,Toronto Blue Jays,0,0,3.86,1,0,0,1.0,0,0,0,0,0,1,0.86
2025-06-08,Minnesota Twins,Toronto Blue Jays,0,0,3.29,1,0,0,2.0,3,0,0,0,0,1,0.95
2025-06-11,St. Louis Cardinals,Toronto Blue Jays,0,0,3.14,1,0,0,0.2,0,0,0,0,0,1,0.91
2025-06-13,Philadelphia Phillies,Toronto Blue Jays,0,0,2.93,1,0,0,1.0,0,0,0,0,0,2,0.85
2025-06-14,Philadelphia Phillies,Toronto Blue Jays,0,0,2.76,1,0,0,1.0,0,0,0,0,1,1,0.86
2025-06-17,Toronto Blue Jays,Arizona Diamondbacks,0,0,2.7,1,0,0,0.1,1,0,0,0,0,0,0.9
2025-06-19,Toronto Blue Jays,Arizona Diamondbacks,0,0,2.65,1,0,0,0.1,0,0,0,0,0,1,0.88
2025-06-20,Toronto Blue Jays,Chicago White Sox,0,0,2.37,1,0,0,2.0,0,0,0,0,0,4,0.79
2025-06-22,Toronto Blue Jays,Chicago White Sox,0,0,2.33,1,0,0,0.1,0,0,0,0,0,0,0.78
2025-06-24,Cleveland Guardians,Toronto Blue Jays,0,0,2.25,1,0,0,0.2,0,0,0,0,0,1,0.75
2025-06-28,Boston Red Sox,Toronto Blue Jays,0,0,2.05,1,0,0,2.0,1,0,0,0,1,1,0.77
2025-06-30,Toronto Blue Jays,New York Yankees,0,0,1.96,1,0,0,1.0,0,0,0,0,1,3,0.78
2025-07-01,Toronto Blue Jays,New York Yankees,1,0,1.9,1,0,0,0.2,0,0,0,0,0,1,0.76
2025-07-03,Toronto Blue Jays,New York Yankees,0,0,2.59,1,0,0,0.2,3,2,2,0,0,1,0.86
2025-07-05,Toronto Blue Jays,Los Angeles Angels,1,0,2.39,1,0,0,2.0,0,0,0,0,2,1,0.87
2025-07-09,Chicago White Sox,Toronto Blue Jays,0,0,2.3,1,0,0,1.0,1,0,0,0,0,1,0.88
2025-07-11,Athletics,Toronto Blue Jays,0,0,2.28,1,0,0,0.1,2,0,0,0,0,0,0.94
2025-07-13,Athletics,Toronto Blue Jays,0,0,2.22,1,0,0,0.2,0,0,0,0,0,0,0.92
2025-07-20,Toronto Blue Jays,San Francisco Giants,0,0,2.86,1,0,0,0.0,2,2,2,0,1,0,1.02
2025-07-25,Detroit Tigers,Toronto Blue Jays,0,0,2.76,1,0,0,1.0,0,0,0,0,0,1,0.99
2025-07-26,Detroit Tigers,Toronto Blue Jays,1,0,2.67,1,0,0,1.0,0,0,0,0,0,0,0.96
2025-07-28,Baltimore Orioles,Toronto Blue Jays,0,0,2.59,1,0,0,1.0,0,0,0,0,0,0,0.93
2025-07-30,Baltimore Orioles,Toronto Blue Jays,0,0,2.53,1,0,0,0.2,0,0,0,0,0,2,0.91
2025-08-01,Toronto Blue Jays,Kansas City Royals,0,0,2.51,1,0,0,0.1,1,0,0,0,1,0,0.96
2025-08-04,Colorado Rockies,Toronto Blue Jays,0,0,2.43,1,0,0,1.0,1,0,0,0,0,3,0.96
2025-08-06,Colorado Rockies,Toronto Blue Jays,0,0,2.36,1,0,0,1.0,0,0,0,0,0,2,0.93
2025-08-09,Los Angeles Dodgers,Toronto Blue Jays,0,0,2.27,1,0,0,1.1,0,0,0,0,0,3,0.9
2025-08-10,Los Angeles Dodgers,Toronto Blue Jays,0,0,2.25,1,0,0,0.1,0,0,0,0,1,1,0.92
2025-08-13,Toronto Blue Jays,Chicago Cubs,0,0,2.72,1,0,0,0.1,2,2,2,0,1,0,0.99
2025-08-15,Toronto Blue Jays,Texas Rangers,0,0,2.65,1,0,0,1.0,0,0,0,0,1,0,0.99
2025-08-17,Toronto Blue Jays,Texas Rangers,0,0,3.05,1,0,0,1.0,2,2,2,1,0,1,1.02
2025-08-20,Pittsburgh Pirates,Toronto Blue Jays,0,0,3.03,1,0,0,0.1,0,0,0,0,0,1,1.01
2025-09-05,New York Yankees,Toronto Blue Jays,0,0,2.95,1,0,0,1.0,0,0,0,0,1,0,1.01
2025-09-07,New York Yankees,Toronto Blue Jays,0,0,2.88,1,0,0,1.0,0,0,0,0,0,3,0.98
2025-09-10,Toronto Blue Jays,Houston Astros,0,0,2.81,1,0,0,1.0,0,0,0,0,1,2,0.98
2025-09-12,Toronto Blue Jays,Baltimore Orioles,1,0,2.76,1,0,0,0.2,0,0,0,0,1,0,0.99
2025-09-13,Toronto Blue Jays,Baltimore Orioles,1,0,2.91,1,0,0,1.0,1,1,1,1,1,1,1.02
2025-09-15,Tampa Bay Rays,Toronto Blue Jays,1,0,2.78,1,0,0,2.0,1,0,0,0,0,4,0.99
2025-09-18,Tampa Bay Rays,Toronto Blue Jays,0,0,2.7,1,0,0,1.1,0,0,0,0,0,0,0.96
2025-09-19,Kansas City Royals,Toronto Blue Jays,0,0,2.63,1,0,0,1.1,1,0,0,0,0,0,0.96
2025-09-23,Toronto Blue Jays,Boston Red Sox,0,0,2.61,1,0,0,0.1,0,0,0,0,2,1,0.99
2025-09-25,Toronto Blue Jays,Boston Red Sox,0,0,2.76,1,0,0,0.2,2,1,1,0,1,0,1.04
2025-09-28,Toronto Blue Jays,Tampa Bay Rays,0,0,2.7,1,0,0,1.0,0,0,0,0,0,1,1.02
