Date,Home Tm,Away Tm,W,L,ERA,G,GS,SV,IP,H,R,ER,HR,BB,SO,WHIP
2025-03-28,Texas Rangers,Boston Red Sox,0,0,0.0,1,0,0,1.1,0,0,0,0,0,0,0.0
2025-04-04,Boston Red Sox,St. Louis Cardinals,0,0,0.0,1,0,0,1.0,0,0,0,0,0,3,0.0
2025-04-06,Boston Red Sox,St. Louis Cardinals,0,0,0.0,1,0,0,1.0,0,0,0,0,0,1,0.0
2025-04-10,Boston Red Sox,Toronto Blue Jays,1,0,0.0,1,0,0,1.0,0,1,0,0,0,0,0.0
2025-04-11,Chicago White Sox,Boston Red Sox,0,0,1.69,1,0,0,1.0,2,2,1,0,0,2,0.38
2025-04-14,Tampa Bay Rays,Boston Red Sox,0,0,2.84,1,0,0,1.0,1,1,1,1,0,1,0.47
2025-04-18,Boston Red Sox,Chicago White Sox,0,0,2.45,1,0,0,1.0,0,0,0,0,0,0,0.41
2025-04-20,Boston Red Sox,Chicago White Sox,0,0,2.16,1,0,0,1.0,1,1,0,0,1,0,0.6
2025-04-23,Boston Red Sox,Seattle Mariners,0,0,1.93,1,0,0,1.0,1,2,0,0,1,0,0.75
2025-04-26,Cleveland Guardians,Boston Red Sox,0,1,2.7,1,0,0,0.2,2,1,1,0,0,1,0.9
2025-04-29,Toronto Blue Jays,Boston Red Sox,0,0,2.45,1,0,0,1.0,0,0,0,0,0,2,0.82
2025-05-03,Boston Red Sox,Minnesota Twins,0,0,2.31,1,0,0,0.2,1,0,0,0,0,0,0.86
2025-05-06,Boston Red Sox,Texas Rangers,0,0,2.08,1,0,0,1.1,2,0,0,0,0,4,0.92
2025-05-07,Boston Red Sox,Texas Rangers,1,0,1.93,1,0,0,1.0,0,0,0,0,0,0,0.86
2025-05-09,Kansas City Royals,Boston Red Sox,0,0,1.88,1,0,0,0.1,0,0,0,0,0,0,0.84
2025-05-10,Kansas City Royals,Boston Red Sox,0,0,1.76,1,0,0,1.0,0,0,0,0,0,1,0.78
2025-05-13,Detroit Tigers,Boston Red Sox,0,0,1.65,1,0,0,1.0,1,0,0,0,1,1,0.86
2025-05-16,Boston Red Sox,Atlanta Braves,0,0,1.65,1,0,0,0.0,0,0,0,0,3,0,1.04
2025-05-17,Boston Red Sox,Atlanta Braves,0,0,1.56,1,0,0,1.0,0,0,0,0,0,1,0.98
2025-05-20,Boston Red Sox,New York Mets,0,0,1.42,1,0,0,1.2,1,0,0,0,0,0,0.95
2025-05-21,Boston Red Sox,New York Mets,0,0,1.35,1,0,0,1.0,1,0,0,0,1,0,1.0
2025-05-23,Boston Red Sox,Baltimore Orioles,0,0,1.29,1,0,0,1.0,0,0,0,0,0,0,0.95
2025-05-24,Boston Red Sox,Baltimore Orioles,0,1,1.66,1,0,0,0.2,0,1,1,0,1,0,0.97
2025-05-27,Milwaukee Brewers,Boston Red Sox,0,0,1.59,1,0,0,1.0,0,0,0,0,0,2,0.93
2025-05-28,Milwaukee Brewers,Boston Red Sox,0,0,1.57,1,0,0,0.1,0,0,0,0,0,1,0.91
2025-05-30,Atlanta Braves,Boston Red Sox,0,0,1.54,1,0,0,0.1,0,0,0,0,0,0,0.9
2025-05-31,Atlanta Braves,Boston Red Sox,0,0,1.52,1,0,0,0.1,0,0,0,0,0,0,0.89
2025-06-04,Boston Red Sox,Los Angeles Angels,0,0,1.82,1,0,0,1.0,2,1,1,0,0,0,0.93
2025-06-06,New York Yankees,Boston Red Sox,0,0,2.1,1,0,0,1.0,2,1,1,0,1,2,1.01
2025-06-08,New York Yankees,Boston Red Sox,0,0,2.73,1,0,0,0.2,1,2,2,0,2,1,1.1
2025-06-09,Boston Red Sox,Tampa Bay Rays,0,0,3.38,1,0,0,0.1,2,2,2,0,1,1,1.2
2025-06-15,Boston Red Sox,New York Yankees,0,0,3.33,1,0,0,0.1,2,0,0,0,0,1,1.26
2025-06-17,Seattle Mariners,Boston Red Sox,0,0,3.21,1,0,0,1.0,1,0,0,0,1,1,1.29
2025-06-20,San Francisco Giants,Boston Red Sox,1,0,3.1,1,0,0,1.0,1,0,0,0,0,0,1.28
2025-06-25,Los Angeles Angels,Boston Red Sox,0,0,3.34,1,0,0,0.2,2,1,1,0,0,0,1.31
2025-06-27,Boston Red Sox,Toronto Blue Jays,0,0,4.4,1,0,0,1.0,2,4,4,0,4,0,1.47
2025-06-29,Boston Red Sox,Toronto Blue Jays,0,0,4.26,1,0,0,1.0,0,0,0,0,0,0,1.42
2025-07-02,Boston Red Sox,Cincinnati Reds,0,0,4.05,1,1,0,1.2,1,0,0,0,1,2,1.41
2025-07-05,Washington Nationals,Boston Red Sox,0,0,3.82,1,0,0,2.0,0,0,0,0,0,1,1.33
2025-07-07,Boston Red Sox,Colorado Rockies,0,0,3.72,1,0,0,1.0,0,0,0,0,0,1,1.29
2025-07-11,Boston Red Sox,Tampa Bay Rays,0,0,3.49,1,0,0,2.1,1,0,0,0,1,2,1.27
2025-07-18,Chicago Cubs,Boston Red Sox,0,0,3.38,1,0,0,1.1,0,0,0,0,0,0,1.23
2025-07-22,Philadelphia Phillies,Boston Red Sox,0,0,3.24,1,0,0,1.2,1,0,0,0,1,2,1.22
2025-07-23,Philadelphia Phillies,Boston Red Sox,0,0,3.21,1,0,1,0.1,0,0,0,0,0,1,1.21
2025-07-25,Boston Red Sox,Los Angeles Dodgers,0,0,3.16,1,0,0,0.2,0,0,0,0,0,0,1.2
2025-07-27,Boston Red Sox,Los Angeles Dodgers,1,0,3.14,1,0,0,0.1,1,0,0,0,1,0,1.23
2025-07-28,Minnesota Twins,Boston Red Sox,0,0,3.09,1,0,0,0.2,1,0,0,0,1,1,1.26
2025-08-19,Boston Red Sox,Baltimore Orioles,0,0,3.02,1,0,0,1.0,0,0,0,0,0,0,1.23
2025-08-24,New York Yankees,Boston Red Sox,0,0,2.93,1,0,0,1.1,0,0,0,0,0,2,1.2
2025-08-25,Baltimore Orioles,Boston Red Sox,0,0,2.87,1,1,0,1.0,1,0,0,0,0,2,1.19
2025-08-29,Boston Red Sox,Pittsburgh Pirates,0,0,2.81,1,0,0,1.0,1,0,0,0,1,0,1.21
2025-08-30,Boston Red Sox,Pittsburgh Pirates,0,0,3.14,1,0,0,0.2,2,2,2,0,2,1,1.27
2025-09-02,Boston Red Sox,Cleveland Guardians,0,0,3.08,1,0,0,1.0,0,0,0,0,0,0,1.25
2025-09-03,Boston Red Sox,Cleveland Guardians,0,1,3.22,1,1,0,0.2,1,1,1,0,1,0,1.27
2025-09-06,Arizona Diamondbacks,Boston Red Sox,0,0,3.14,1,0,0,1.1,1,0,0,0,0,2,1.26
