Date,Home Tm,Away Tm,W,L,ERA,G,GS,SV,IP,H,R,ER,HR,BB,SO,WHIP
2025-03-30,Cincinnati Reds,San Francisco Giants,0,0,0.0,1,0,0,1.0,1,0,0,0,0,1,1.0
2025-03-31,Cincinnati Reds,Texas Rangers,0,0,9.0,1,0,0,1.0,3,2,2,1,0,1,2.0
2025-04-04,Milwaukee Brewers,Cincinnati Reds,0,0,6.0,1,0,0,1.0,0,0,0,0,0,1,1.33
2025-04-06,Milwaukee Brewers,Cincinnati Reds,0,0,3.6,1,0,0,2.0,0,0,0,0,1,0,1.0
2025-04-16,Cincinnati Reds,Seattle Mariners,0,0,2.84,1,0,0,1.1,0,0,0,0,0,0,0.79
2025-04-17,Cincinnati Reds,Seattle Mariners,0,0,2.7,1,0,0,0.1,0,0,0,0,0,0,0.75
2025-04-20,Baltimore Orioles,Cincinnati Reds,0,0,1.86,1,1,0,3.0,3,1,0,0,0,1,0.83
2025-04-27,Colorado Rockies,Cincinnati Reds,0,0,1.69,1,0,0,1.0,0,0,0,0,0,0,0.75
2025-04-30,Cincinnati Reds,St. Louis Cardinals,0,0,1.26,1,0,0,3.2,1,0,0,0,0,2,0.63
2025-05-03,Cincinnati Reds,Washington Nationals,0,0,2.3,1,0,0,1.1,3,2,2,0,1,1,0.83
2025-05-07,Atlanta Braves,Cincinnati Reds,1,0,2.55,1,0,0,2.0,1,1,1,1,0,3,0.79
2025-05-09,Houston Astros,Cincinnati Reds,0,0,2.29,1,0,0,2.0,3,0,0,0,1,2,0.92
2025-05-11,Houston Astros,Cincinnati Reds,0,0,2.18,1,0,0,1.0,0,0,0,0,0,1,0.87
2025-05-14,Cincinnati Reds,Chicago White Sox,0,0,2.08,1,0,0,1.0,1,0,0,0,1,0,0.92
2025-05-17,Cincinnati Reds,Cleveland Guardians,0,0,1.82,1,1,0,3.0,4,0,0,0,0,1,0.97
2025-05-19,Pittsburgh Pirates,Cincinnati Reds,0,0,1.75,1,0,0,1.0,0,0,0,0,0,0,0.94
2025-05-23,Cincinnati Reds,Chicago Cubs,0,0,2.63,1,0,0,1.2,2,3,3,1,1,2,0.99
2025-05-25,Cincinnati Reds,Chicago Cubs,0,0,2.54,1,0,0,1.0,0,0,0,0,0,1,0.95
2025-06-01,Chicago Cubs,Cincinnati Reds,0,0,2.43,1,0,0,1.1,2,0,0,0,0,1,0.98
2025-06-02,Cincinnati Reds,Milwaukee Brewers,0,0,2.35,1,0,0,1.0,1,0,0,0,0,1,0.98
2025-06-07,Cincinnati Reds,Arizona Diamondbacks,0,0,2.27,1,0,0,1.0,1,0,0,0,0,1,0.98
2025-06-13,Detroit Tigers,Cincinnati Reds,0,0,3.03,1,0,0,1.0,3,3,3,0,1,0,1.07
2025-06-19,Cincinnati Reds,Minnesota Twins,0,0,2.91,1,0,0,1.1,1,0,0,0,2,1,1.12
2025-06-21,St. Louis Cardinals,Cincinnati Reds,0,0,3.25,1,1,0,2.0,2,2,2,1,1,2,1.14
2025-06-24,Cincinnati Reds,New York Yankees,0,0,3.11,1,0,0,1.2,0,0,0,0,0,3,1.09
2025-06-25,Cincinnati Reds,New York Yankees,0,0,3.26,1,0,0,1.0,2,1,1,0,0,1,1.11
2025-06-28,Cincinnati Reds,San Diego Padres,0,0,3.15,1,0,0,1.1,1,0,0,0,0,0,1.1
2025-06-30,Boston Red Sox,Cincinnati Reds,0,0,2.95,1,0,0,2.2,1,0,0,0,1,1,1.08
2025-07-05,Philadelphia Phillies,Cincinnati Reds,0,0,3.09,1,0,0,1.0,1,2,1,1,0,2,1.08
2025-07-07,Cincinnati Reds,Miami Marlins,0,0,3.15,1,0,0,2.0,1,1,1,1,0,2,1.05
2025-07-20,New York Mets,Cincinnati Reds,0,1,3.26,1,0,0,1.1,1,1,1,0,2,1,1.09
2025-07-21,Washington Nationals,Cincinnati Reds,0,0,3.19,1,0,0,1.0,2,0,0,0,1,1,1.13
2025-07-28,Cincinnati Reds,Los Angeles Dodgers,0,0,3.12,1,0,0,1.0,0,0,0,0,0,1,1.1
2025-07-31,Cincinnati Reds,Atlanta Braves,0,0,3.02,1,0,0,1.2,0,0,0,0,0,2,1.07
2025-08-02,Cincinnati Reds,Atlanta Braves,0,1,3.38,1,0,0,2.2,4,3,3,1,0,2,1.09
2025-08-07,Pittsburgh Pirates,Cincinnati Reds,0,0,3.64,1,0,0,1.0,2,3,2,1,2,0,1.14
2025-08-10,Pittsburgh Pirates,Cincinnati Reds,0,0,3.58,1,0,0,1.0,2,0,0,0,0,1,1.16
2025-08-12,Cincinnati Reds,Philadelphia Phillies,0,0,3.51,1,0,0,1.0,1,0,0,0,0,0,1.15
2025-08-15,Cincinnati Reds,Milwaukee Brewers,0,0,3.55,1,0,0,2.0,4,2,1,0,1,2,1.2
2025-08-20,Los Angeles Angels,Cincinnati Reds,0,0,3.53,1,0,0,0.1,0,0,0,0,0,1,1.19
2025-08-22,Arizona Diamondbacks,Cincinnati Reds,0,0,3.47,1,0,0,1.0,0,0,0,0,1,0,1.19
2025-08-23,Arizona Diamondbacks,Cincinnati Reds,0,0,3.65,1,0,0,2.0,4,2,2,0,0,3,1.22
2025-08-26,Los Angeles Dodgers,Cincinnati Reds,0,0,3.92,1,0,0,0.1,3,2,2,0,0,0,1.26
2025-08-27,Los Angeles Dodgers,Cincinnati Reds,0,0,4.0,1,0,0,1.0,1,1,1,1,1,1,1.27
2025-08-30,Cincinnati Reds,St. Louis Cardinals,0,0,3.94,1,0,0,1.0,1,0,0,0,0,0,1.27
2025-09-02,Cincinnati Reds,Toronto Blue Jays,0,0,4.61,1,0,0,2.1,5,6,6,2,0,4,1.3
2025-09-08,San Diego Padres,Cincinnati Reds,0,0,4.59,1,0,0,0.1,1,0,0,0,0,1,1.31
2025-09-16,St. Louis Cardinals,Cincinnati Reds,0,0,4.52,1,0,0,1.0,0,0,0,0,0,1,1.29
