Date,Home Tm,Away Tm,W,L,ERA,G,GS,SV,IP,H,R,ER,HR,BB,SO,WHIP
2025-03-30,Chicago White Sox,Los Angeles Angels,0,0,0.0,1,0,0,1.0,1,0,0,0,0,1,1.0
2025-03-31,St. Louis Cardinals,Los Angeles Angels,1,0,0.0,1,0,0,1.0,1,0,0,0,1,1,1.5
2025-04-02,St. Louis Cardinals,Los Angeles Angels,0,0,13.5,1,0,0,0.2,2,4,4,1,2,1,2.63
2025-04-06,Los Angeles Angels,Cleveland Guardians,0,0,10.8,1,0,0,0.2,1,0,0,0,0,0,2.4
2025-04-08,Tampa Bay Rays,Los Angeles Angels,1,0,8.31,1,0,0,1.0,1,0,0,0,0,2,2.08
2025-04-12,Houston Astros,Los Angeles Angels,0,0,6.75,1,0,0,1.0,0,0,0,0,0,0,1.69
2025-04-16,Texas Rangers,Los Angeles Angels,0,0,5.4,1,0,0,1.1,1,0,0,0,0,3,1.5
2025-04-18,Los Angeles Angels,San Francisco Giants,0,0,4.7,1,0,0,1.0,1,0,0,0,0,0,1.43
2025-04-20,Los Angeles Angels,San Francisco Giants,0,0,6.48,1,0,0,0.2,2,2,2,1,1,1,1.68
2025-04-22,Los Angeles Angels,Pittsburgh Pirates,0,0,5.79,1,0,0,1.0,1,0,0,0,1,1,1.71
2025-04-27,Minnesota Twins,Los Angeles Angels,0,0,5.23,1,0,0,1.0,1,0,0,0,0,0,1.65
2025-05-01,Los Angeles Angels,Detroit Tigers,0,0,4.76,1,0,0,1.0,0,0,0,0,0,1,1.5
2025-05-03,Los Angeles Angels,Detroit Tigers,0,0,5.25,1,0,0,0.2,2,1,1,0,0,0,1.58
2025-05-07,Los Angeles Angels,Toronto Blue Jays,1,0,4.85,1,0,0,1.0,0,0,0,0,1,0,1.54
2025-05-08,Los Angeles Angels,Toronto Blue Jays,0,0,5.14,1,0,0,1.0,2,1,1,0,2,1,1.71
2025-05-10,Los Angeles Angels,Baltimore Orioles,0,0,5.4,1,0,0,1.0,1,1,1,1,0,0,1.67
2025-05-12,San Diego Padres,Los Angeles Angels,1,0,5.63,1,0,0,1.0,1,1,1,0,0,0,1.63
2025-05-14,San Diego Padres,Los Angeles Angels,0,0,5.51,1,0,0,0.1,0,0,0,0,1,0,1.65
2025-05-18,Los Angeles Dodgers,Los Angeles Angels,0,0,6.35,1,0,0,0.2,1,2,2,0,0,1,1.65
2025-05-20,Athletics,Los Angeles Angels,0,0,6.23,1,0,0,0.1,0,0,0,0,0,0,1.62
2025-05-21,Athletics,Los Angeles Angels,0,0,6.0,1,0,0,0.2,1,0,0,0,0,1,1.61
2025-05-24,Los Angeles Angels,Miami Marlins,0,0,5.59,1,0,0,1.1,1,0,0,0,0,1,1.55
2025-05-26,Los Angeles Angels,New York Yankees,0,0,5.49,1,0,0,0.1,0,0,0,0,0,0,1.53
2025-05-28,Los Angeles Angels,New York Yankees,0,0,5.23,1,0,0,1.0,1,0,0,0,0,2,1.5
2025-06-01,Cleveland Guardians,Los Angeles Angels,0,0,4.76,1,0,0,2.0,1,0,0,0,0,3,1.41
2025-06-03,Boston Red Sox,Los Angeles Angels,0,0,4.56,1,0,0,1.0,1,0,0,0,0,0,1.39
2025-06-04,Boston Red Sox,Los Angeles Angels,0,1,5.11,1,0,0,1.0,3,2,2,1,1,1,1.5
2025-06-07,Los Angeles Angels,Seattle Mariners,0,0,4.97,1,0,0,0.2,0,0,0,0,0,0,1.46
2025-06-08,Los Angeles Angels,Seattle Mariners,0,0,4.91,1,0,0,0.1,0,0,0,0,0,1,1.44
2025-06-11,Los Angeles Angels,Athletics,0,0,4.85,1,0,0,0.1,0,0,0,0,1,1,1.46
2025-06-13,Baltimore Orioles,Los Angeles Angels,0,0,4.73,1,0,0,0.2,1,0,0,0,3,0,1.58
2025-06-16,New York Yankees,Los Angeles Angels,0,0,4.61,1,0,0,0.2,1,0,0,0,1,0,1.61
2025-06-18,New York Yankees,Los Angeles Angels,0,0,4.45,1,0,0,1.0,1,0,0,0,0,0,1.59
2025-06-19,New York Yankees,Los Angeles Angels,0,0,4.3,1,0,0,1.0,1,0,0,0,0,1,1.57
2025-06-22,Los Angeles Angels,Houston Astros,0,0,4.15,1,0,0,1.0,2,0,0,0,0,2,1.58
2025-06-23,Los Angeles Angels,Boston Red Sox,0,0,4.11,1,0,0,0.1,2,0,0,0,0,0,1.63
2025-06-27,Los Angeles Angels,Washington Nationals,0,0,4.02,1,0,0,0.2,2,0,0,0,0,1,1.66
2025-06-29,Los Angeles Angels,Washington Nationals,0,0,3.9,1,0,0,1.0,0,0,0,0,0,1,1.61
2025-07-03,Atlanta Braves,Los Angeles Angels,0,0,4.05,1,0,0,1.0,1,1,1,1,0,2,1.59
2025-07-04,Toronto Blue Jays,Los Angeles Angels,0,0,3.93,1,0,0,1.0,0,0,0,0,0,1,1.54
2025-07-06,Toronto Blue Jays,Los Angeles Angels,0,0,3.82,1,0,0,1.0,0,0,0,0,0,0,1.5
2025-07-07,Los Angeles Angels,Texas Rangers,0,0,3.79,1,0,0,0.1,0,0,0,0,0,0,1.49
2025-07-09,Los Angeles Angels,Texas Rangers,0,0,3.75,1,0,0,0.1,0,0,0,0,0,0,1.47
2025-07-11,Los Angeles Angels,Arizona Diamondbacks,0,0,3.65,1,0,0,1.0,0,0,0,0,0,0,1.43
2025-07-18,Philadelphia Phillies,Los Angeles Angels,0,0,3.52,1,0,0,1.1,1,0,0,0,0,2,1.41
2025-07-20,Philadelphia Phillies,Los Angeles Angels,0,0,3.43,1,0,0,1.0,0,0,0,0,0,1,1.37
2025-07-21,New York Mets,Los Angeles Angels,0,0,3.38,1,0,0,0.2,0,0,0,0,0,0,1.35
2025-07-23,New York Mets,Los Angeles Angels,0,0,3.51,1,1,0,1.0,1,1,1,1,0,1,1.34
2025-07-25,Los Angeles Angels,Seattle Mariners,0,0,3.43,1,0,0,1.0,1,0,0,0,0,0,1.33
2025-07-27,Los Angeles Angels,Seattle Mariners,0,0,3.35,1,0,0,1.0,0,0,0,0,1,1,1.33
2025-07-29,Los Angeles Angels,Texas Rangers,1,0,3.3,1,0,0,0.2,1,0,0,0,0,0,1.33
2025-08-02,Los Angeles Angels,Chicago White Sox,0,0,3.22,1,0,0,1.0,1,0,0,0,1,1,1.34
2025-08-04,Los Angeles Angels,Tampa Bay Rays,0,0,3.15,1,0,0,1.0,1,0,0,0,0,1,1.34
2025-08-06,Los Angeles Angels,Tampa Bay Rays,0,0,3.09,1,0,0,1.0,1,0,0,0,0,2,1.33
2025-08-08,Detroit Tigers,Los Angeles Angels,0,0,3.0,1,0,0,1.1,0,0,0,0,0,0,1.29
2025-08-09,Detroit Tigers,Los Angeles Angels,0,0,2.94,1,0,0,1.0,0,0,0,0,1,1,1.29
2025-08-12,Los Angeles Angels,Los Angeles Dodgers,0,0,2.88,1,0,0,1.0,2,0,0,0,0,0,1.3
2025-08-13,Los Angeles Angels,Los Angeles Dodgers,1,0,2.82,1,0,0,1.0,0,0,0,0,0,2,1.27
2025-08-17,Athletics,Los Angeles Angels,0,0,2.81,1,0,0,0.1,1,0,0,0,0,0,1.29
2025-08-24,Los Angeles Angels,Chicago Cubs,0,0,2.75,1,0,0,1.0,0,0,0,0,0,0,1.26
2025-08-25,Texas Rangers,Los Angeles Angels,0,0,2.7,1,0,0,1.0,0,0,0,0,0,2,1.24
2025-09-01,Houston Astros,Los Angeles Angels,0,0,3.15,1,0,0,1.0,3,3,3,1,0,1,1.27
2025-09-03,Kansas City Royals,Los Angeles Angels,0,0,3.09,1,0,0,1.0,0,0,0,0,0,0,1.25
2025-09-06,Los Angeles Angels,Athletics,0,0,3.02,1,0,0,1.1,1,1,0,0,0,2,1.24
2025-09-09,Los Angeles Angels,Minnesota Twins,0,0,3.28,1,0,0,1.0,2,2,2,1,0,1,1.25
2025-09-11,Seattle Mariners,Los Angeles Angels,0,0,3.22,1,0,0,1.0,0,0,0,0,0,0,1.23
2025-09-19,Colorado Rockies,Los Angeles Angels,0,0,3.17,1,0,0,1.0,0,0,0,0,0,1,1.21
2025-09-23,Los Angeles Angels,Kansas City Royals,0,0,3.41,1,0,0,1.0,3,2,2,0,0,2,1.24
2025-09-26,Los Angeles Angels,Houston Astros,1,0,3.36,1,0,0,1.0,1,0,0,0,0,0,1.23
