Date,Home Tm,Away Tm,W,L,ERA,G,GS,SV,IP,H,R,ER,HR,BB,SO,WHIP
2025-03-30,Seattle Mariners,Athletics,1,0,1.5,1,1,0,6.0,3,1,1,1,2,5,0.83
2025-04-06,San Francisco Giants,Seattle Mariners,0,0,3.75,1,1,0,6.0,5,4,4,1,1,6,0.92
2025-04-12,Seattle Mariners,Texas Rangers,1,0,2.84,1,1,0,7.0,6,1,1,0,1,7,0.95
2025-04-18,Toronto Blue Jays,Seattle Mariners,0,1,3.12,1,1,0,7.0,7,3,3,0,2,4,1.04
2025-04-24,Boston Red Sox,Seattle Mariners,1,0,3.09,1,1,0,6.0,3,2,2,1,1,8,0.97
2025-05-02,Texas Rangers,Seattle Mariners,1,0,2.58,1,1,0,6.1,1,0,0,0,0,8,0.83
2025-05-07,Athletics,Seattle Mariners,0,0,3.25,1,1,0,6.0,8,5,5,1,1,6,0.92
2025-05-13,Seattle Mariners,New York Yankees,0,0,2.84,1,1,0,6.1,4,0,0,0,0,6,0.89
2025-05-18,San Diego Padres,Seattle Mariners,1,0,2.65,1,1,0,7.0,5,1,1,1,0,5,0.87
2025-05-24,Houston Astros,Seattle Mariners,0,1,2.69,1,1,0,6.0,10,2,2,0,0,5,0.94
2025-05-30,Seattle Mariners,Minnesota Twins,0,0,2.82,1,1,0,6.2,6,3,3,2,1,3,0.95
2025-06-05,Seattle Mariners,Baltimore Orioles,0,1,3.07,1,1,0,6.0,4,4,4,2,2,6,0.96
2025-06-11,Arizona Diamondbacks,Seattle Mariners,0,1,3.39,1,1,0,6.0,7,5,5,2,1,3,0.98
2025-06-17,Seattle Mariners,Boston Red Sox,1,0,3.12,1,1,0,7.0,1,0,0,0,2,6,0.94
2025-06-23,Minnesota Twins,Seattle Mariners,1,0,3.12,1,1,0,6.0,6,2,2,2,1,9,0.95
2025-06-28,Texas Rangers,Seattle Mariners,0,0,2.93,1,1,0,6.0,5,2,0,1,2,9,0.97
2025-07-04,Seattle Mariners,Pittsburgh Pirates,1,0,2.77,1,1,0,6.0,3,0,0,0,2,8,0.96
2025-07-10,New York Yankees,Seattle Mariners,0,0,2.75,1,1,0,7.1,2,2,2,0,2,5,0.93
2025-07-20,Seattle Mariners,Houston Astros,0,1,2.91,1,1,0,6.0,6,5,4,2,1,6,0.94
2025-07-25,Los Angeles Angels,Seattle Mariners,0,0,2.91,1,1,0,6.0,4,2,2,0,2,6,0.95
2025-07-30,Athletics,Seattle Mariners,0,1,3.11,1,1,0,6.1,8,5,5,4,1,6,0.97
2025-08-05,Seattle Mariners,Chicago White Sox,1,0,3.02,1,1,0,7.0,2,1,1,1,0,9,0.94
2025-08-10,Seattle Mariners,Tampa Bay Rays,1,0,3.08,1,1,0,6.0,7,3,3,1,1,9,0.95
2025-08-16,New York Mets,Seattle Mariners,0,1,3.02,1,1,0,6.0,6,1,1,0,2,8,0.97
2025-08-22,Seattle Mariners,Athletics,1,0,2.94,1,1,0,7.0,1,1,1,1,2,7,0.94
2025-08-27,Seattle Mariners,San Diego Padres,1,0,2.95,1,1,0,5.2,6,2,2,0,1,6,0.95
2025-09-02,Tampa Bay Rays,Seattle Mariners,0,0,3.02,1,1,0,5.0,4,3,3,1,3,3,0.97
2025-09-08,Seattle Mariners,St. Louis Cardinals,1,0,3.02,1,1,0,6.0,3,2,2,1,0,9,0.95
2025-09-13,Seattle Mariners,Los Angeles Angels,1,0,3.02,1,1,0,6.0,3,2,2,1,1,13,0.94
2025-09-19,Houston Astros,Seattle Mariners,1,0,2.94,1,1,0,5.0,1,0,0,0,1,7,0.93
