Date,Home Tm,Away Tm,W,L,ERA,G,GS,SV,IP,H,R,ER,HR,BB,SO,WHIP
2025-04-02,Los Angeles Dodgers,Atlanta Braves,0,0,6.75,1,1,0,4.0,3,3,3,2,2,3,1.25
2025-04-11,Tampa Bay Rays,Atlanta Braves,0,1,7.2,1,1,0,6.0,9,5,5,2,0,4,1.4
2025-04-18,Atlanta Braves,Minnesota Twins,0,0,7.2,1,1,0,5.0,6,4,4,1,3,3,1.53
2025-04-23,Atlanta Braves,St. Louis Cardinals,0,0,5.57,1,1,0,6.0,5,1,1,0,3,2,1.48
2025-04-28,Colorado Rockies,Atlanta Braves,1,0,5.33,1,1,0,6.0,5,3,3,1,2,4,1.41
2025-05-04,Atlanta Braves,Los Angeles Dodgers,1,0,5.06,1,1,0,5.0,4,2,2,0,2,6,1.38
2025-05-09,Pittsburgh Pirates,Atlanta Braves,0,1,4.97,1,1,0,6.0,5,3,3,2,0,8,1.29
2025-05-14,Atlanta Braves,Washington Nationals,0,0,4.5,1,1,0,6.0,5,1,1,0,1,3,1.25
2025-06-01,Atlanta Braves,Boston Red Sox,0,1,4.56,1,1,0,5.1,6,3,3,0,3,4,1.3
2025-06-07,San Francisco Giants,Atlanta Braves,0,0,4.08,1,1,0,8.0,3,1,1,1,0,12,1.17
2025-06-13,Atlanta Braves,Colorado Rockies,0,0,4.45,1,1,0,3.1,7,4,4,1,3,2,1.27
2025-06-22,Miami Marlins,Atlanta Braves,0,1,4.77,1,1,0,5.1,10,5,5,1,1,4,1.33
2025-06-27,Atlanta Braves,Philadelphia Phillies,0,1,5.82,1,1,0,2.0,8,10,9,3,4,2,1.47
2025-07-03,Atlanta Braves,Los Angeles Angels,0,1,5.92,1,1,0,5.0,8,4,4,2,3,5,1.52
2025-07-09,Athletics,Atlanta Braves,1,0,5.65,1,1,0,6.2,8,2,2,0,1,7,1.51
2025-07-21,Atlanta Braves,San Francisco Giants,1,0,5.63,1,1,0,5.0,8,3,3,0,3,1,1.55
2025-07-27,Texas Rangers,Atlanta Braves,0,1,6.29,1,1,0,2.2,6,8,8,1,4,3,1.61
2025-08-01,Cincinnati Reds,Atlanta Braves,0,1,6.03,1,1,0,6.2,4,2,2,0,2,5,1.56
2025-08-08,Atlanta Braves,Miami Marlins,0,1,6.12,1,1,0,6.0,7,5,5,1,2,3,1.56
2025-08-14,New York Mets,Atlanta Braves,1,0,5.89,1,1,0,7.0,5,3,2,1,2,6,1.52
2025-08-19,Atlanta Braves,Chicago White Sox,0,0,6.29,1,1,0,4.2,9,8,8,0,2,3,1.56
2025-08-24,Atlanta Braves,New York Mets,0,0,6.12,1,1,0,6.0,3,2,2,1,2,6,1.52
2025-08-29,Philadelphia Phillies,Atlanta Braves,0,0,5.85,1,1,0,7.0,3,1,1,0,2,3,1.48
2025-09-03,Chicago Cubs,Atlanta Braves,1,0,5.54,1,1,0,7.0,4,1,0,0,0,6,1.43
2025-09-08,Atlanta Braves,Chicago Cubs,1,0,5.35,1,1,0,6.1,5,1,1,0,1,6,1.41
2025-09-13,Atlanta Braves,Houston Astros,0,1,5.56,1,1,0,4.1,10,6,6,1,3,7,1.45
2025-09-19,Detroit Tigers,Atlanta Braves,1,0,5.36,1,1,0,7.0,5,1,1,1,0,6,1.42
2025-09-24,Atlanta Braves,Washington Nationals,0,1,5.3,1,1,0,7.0,6,3,3,2,0,7,1.39
