Date,Home Tm,Away Tm,W,L,ERA,G,GS,SV,IP,H,R,ER,HR,BB,SO,WHIP
2025-03-29,Seattle Mariners,Athletics,0,1,4.76,1,1,0,5.2,6,3,3,1,2,4,1.41
2025-04-05,San Francisco Giants,Seattle Mariners,0,1,5.73,1,1,0,5.1,7,4,4,0,3,4,1.64
2025-04-11,Seattle Mariners,Texas Rangers,0,0,4.5,1,1,0,5.0,2,1,1,0,3,5,1.44
2025-04-16,Cincinnati Reds,Seattle Mariners,1,0,3.43,1,1,0,5.0,3,0,0,0,2,8,1.33
2025-04-22,Boston Red Sox,Seattle Mariners,0,1,4.21,1,1,0,4.2,5,4,4,0,4,4,1.44
2025-04-29,Seattle Mariners,Los Angeles Angels,1,0,3.52,1,1,0,5.0,2,0,0,0,5,6,1.43
2025-05-05,Athletics,Seattle Mariners,0,0,4.15,1,1,0,4.0,7,4,4,1,0,1,1.47
2025-05-11,Seattle Mariners,Toronto Blue Jays,0,1,5.22,1,1,0,5.0,8,7,7,1,2,3,1.54
2025-05-31,Seattle Mariners,Minnesota Twins,0,0,5.36,1,1,0,4.0,5,3,3,1,1,2,1.53
2025-06-06,Los Angeles Angels,Seattle Mariners,0,1,5.73,1,1,0,5.0,7,5,5,1,1,2,1.54
2025-08-19,Philadelphia Phillies,Seattle Mariners,0,0,5.87,1,1,0,5.0,4,4,4,2,2,4,1.51
2025-08-25,Seattle Mariners,San Diego Padres,1,0,5.98,1,1,0,5.0,6,4,4,3,1,4,1.5
2025-08-31,Cleveland Guardians,Seattle Mariners,1,0,5.71,1,1,0,6.0,2,2,2,1,1,3,1.41
2025-09-06,Atlanta Braves,Seattle Mariners,0,0,5.53,1,1,0,5.1,5,2,2,1,2,3,1.4
2025-09-11,Seattle Mariners,Los Angeles Angels,0,0,5.59,1,1,0,5.2,6,4,4,2,0,11,1.37
2025-09-17,Kansas City Royals,Seattle Mariners,0,0,5.58,1,1,0,5.0,8,3,3,1,2,4,1.41
2025-09-23,Seattle Mariners,Colorado Rockies,0,0,5.53,1,1,0,5.2,5,3,3,0,1,4,1.39
2025-09-28,Seattle Mariners,Los Angeles Dodgers,0,1,5.68,1,1,0,4.0,5,4,4,2,2,2,1.41
