Date,Home Tm,Away Tm,W,L,ERA,G,GS,SV,IP,H,R,ER,HR,BB,SO,WHIP
2025-03-29,Chicago White Sox,Los Angeles Angels,0,0,0.0,1,0,0,1.0,2,0,0,0,0,1,2.0
2025-03-30,Chicago White Sox,Los Angeles Angels,0,0,0.0,1,0,0,1.0,0,0,0,0,0,1,1.0
2025-04-01,Chicago White Sox,Minnesota Twins,0,0,0.0,1,0,0,0.1,1,0,0,0,1,0,1.71
2025-04-04,Detroit Tigers,Chicago White Sox,0,0,1.69,1,0,0,3.0,2,1,1,1,2,5,1.5
2025-04-10,Cleveland Guardians,Chicago White Sox,0,0,1.29,1,0,0,1.2,2,0,0,0,0,0,1.43
2025-04-13,Chicago White Sox,Boston Red Sox,0,0,2.25,1,0,0,1.0,4,1,1,1,0,1,1.75
2025-04-15,Chicago White Sox,Athletics,0,0,1.8,1,0,0,2.0,0,0,0,0,0,0,1.4
2025-04-17,Chicago White Sox,Athletics,0,0,4.09,1,0,0,1.0,3,3,3,1,0,0,1.55
2025-04-18,Boston Red Sox,Chicago White Sox,0,0,4.5,1,0,0,1.0,2,1,1,1,0,0,1.58
2025-04-23,Minnesota Twins,Chicago White Sox,0,0,4.3,1,1,0,2.2,5,1,1,0,3,2,1.84
2025-04-29,Chicago White Sox,Milwaukee Brewers,0,1,5.0,1,0,0,3.1,2,3,3,0,3,1,1.78
2025-05-04,Chicago White Sox,Houston Astros,0,0,5.56,1,1,0,4.2,9,4,4,1,2,4,1.9
2025-05-09,Chicago White Sox,Miami Marlins,0,0,4.88,1,1,0,5.0,3,1,1,0,2,1,1.73
2025-05-15,Cincinnati Reds,Chicago White Sox,0,1,6.0,1,1,0,5.1,10,7,7,3,1,3,1.79
2025-05-24,Chicago White Sox,Texas Rangers,0,0,5.84,1,1,0,4.0,5,4,2,0,2,4,1.78
2025-05-28,New York Mets,Chicago White Sox,0,0,5.79,1,0,0,0.1,1,0,0,0,1,1,1.82
2025-06-02,Chicago White Sox,Detroit Tigers,0,0,6.8,1,0,0,5.0,12,8,8,2,1,2,1.91
2025-06-06,Chicago White Sox,Kansas City Royals,0,0,6.65,1,0,0,1.0,0,0,0,0,0,0,1.87
2025-06-08,Chicago White Sox,Kansas City Royals,0,0,6.95,1,0,0,2.0,4,3,3,1,1,1,1.9
2025-09-02,Minnesota Twins,Chicago White Sox,0,0,6.65,1,0,0,2.0,0,0,0,0,0,1,1.82
