Date,Home Tm,Away Tm,W,L,ERA,G,GS,SV,IP,H,R,ER,HR,BB,SO,WHIP
2025-08-22,Pittsburgh Pirates,Colorado Rockies,0,0,0.0,1,0,1,4.0,2,0,0,0,0,3,0.5
2025-08-27,St. Louis Cardinals,Pittsburgh Pirates,1,0,0.0,1,0,0,4.0,1,0,0,0,1,3,0.5
2025-09-02,Pittsburgh Pirates,Los Angeles Dodgers,1,0,2.25,1,0,0,4.0,6,3,3,2,0,3,0.83
2025-09-07,Pittsburgh Pirates,Milwaukee Brewers,0,1,7.36,1,1,0,2.2,9,9,9,0,3,3,1.5
2025-09-13,Washington Nationals,Pittsburgh Pirates,0,0,5.66,1,1,0,6.0,2,1,1,0,0,7,1.16
2025-09-20,Pittsburgh Pirates,Athletics,1,0,4.56,1,1,0,5.0,1,0,0,0,0,6,0.97
2025-09-27,Atlanta Braves,Pittsburgh Pirates,1,0,4.02,1,1,0,5.2,4,1,1,0,0,6,0.93
