Date,Home Tm,Away Tm,W,L,ERA,G,GS,SV,IP,H,R,ER,HR,BB,SO,WHIP
2025-04-20,Philadelphia Phillies,Miami Marlins,0,0,0.0,1,0,0,2.1,1,0,0,0,0,2,0.43
2025-05-07,Miami Marlins,Los Angeles Dodgers,0,1,2.7,1,0,0,1.0,2,1,1,0,1,0,1.2
2025-05-09,Chicago White Sox,Miami Marlins,0,0,2.08,1,0,0,1.0,1,1,0,0,0,1,1.15
2025-05-12,Chicago Cubs,Miami Marlins,0,0,1.23,1,0,0,3.0,2,0,0,0,1,1,1.09
2025-05-17,Miami Marlins,Tampa Bay Rays,0,0,0.87,1,0,0,3.0,4,0,0,0,0,2,1.16
2025-05-20,Miami Marlins,Chicago Cubs,0,0,0.73,1,0,0,2.0,2,0,0,0,1,1,1.22
2025-05-26,San Diego Padres,Miami Marlins,0,1,0.71,1,0,0,0.1,0,1,0,0,1,0,1.26
2025-05-27,San Diego Padres,Miami Marlins,0,1,1.29,1,0,0,1.1,1,1,1,0,1,1,1.29
2025-06-01,Miami Marlins,San Francisco Giants,0,0,1.2,1,0,0,1.0,1,0,0,0,0,0,1.27
2025-06-07,Tampa Bay Rays,Miami Marlins,1,0,1.06,1,0,0,2.0,0,0,0,0,0,1,1.12
2025-06-08,Tampa Bay Rays,Miami Marlins,0,0,1.0,1,0,0,1.0,0,0,0,0,0,1,1.06
2025-06-13,Washington Nationals,Miami Marlins,0,0,0.93,1,0,0,1.1,2,0,0,0,0,2,1.09
2025-06-14,Washington Nationals,Miami Marlins,0,0,1.33,1,1,0,1.0,1,1,1,0,1,0,1.13
2025-06-16,Miami Marlins,Philadelphia Phillies,0,0,2.11,1,0,0,1.0,2,2,2,0,1,0,1.22
2025-06-19,Miami Marlins,Philadelphia Phillies,0,0,2.01,1,0,0,1.0,1,0,0,0,0,0,1.21
2025-06-24,San Francisco Giants,Miami Marlins,1,0,1.9,1,0,0,1.1,0,0,0,0,0,2,1.14
2025-06-26,San Francisco Giants,Miami Marlins,0,0,1.8,1,0,0,1.1,0,0,0,0,0,3,1.08
2025-06-27,Arizona Diamondbacks,Miami Marlins,0,0,2.1,1,0,0,0.2,1,1,1,1,0,0,1.09
2025-07-03,Miami Marlins,Minnesota Twins,0,0,2.39,1,0,0,0.2,1,1,1,1,0,1,1.1
2025-07-04,Miami Marlins,Milwaukee Brewers,0,1,2.67,1,0,0,0.2,2,1,1,0,1,1,1.19
2025-07-08,Cincinnati Reds,Miami Marlins,0,0,2.57,1,0,0,1.0,0,0,0,0,0,1,1.14
2025-07-11,Baltimore Orioles,Miami Marlins,0,0,2.79,1,0,0,1.0,2,1,1,0,1,0,1.21
2025-07-20,Miami Marlins,Kansas City Royals,0,0,2.7,1,0,0,1.0,1,0,0,0,1,1,1.23
2025-07-22,Miami Marlins,San Diego Padres,0,0,2.59,1,0,0,1.1,0,0,0,0,0,1,1.18
2025-07-27,Milwaukee Brewers,Miami Marlins,0,1,2.84,1,0,0,0.1,3,1,1,0,1,1,1.29
2025-08-04,Miami Marlins,Houston Astros,0,0,3.21,1,0,0,2.0,2,2,2,0,0,2,1.28
2025-08-07,Atlanta Braves,Miami Marlins,0,0,3.38,1,0,0,1.0,2,1,1,0,0,1,1.3
2025-08-19,Miami Marlins,St. Louis Cardinals,0,0,3.29,1,0,0,3.2,0,1,1,0,0,2,1.17
2025-08-23,Miami Marlins,Toronto Blue Jays,0,0,3.26,1,0,0,0.1,0,0,0,0,2,0,1.22
2025-08-26,Miami Marlins,Atlanta Braves,0,0,3.2,1,0,0,0.2,1,0,0,0,0,1,1.22
2025-08-28,New York Mets,Miami Marlins,1,0,3.1,1,0,0,1.1,1,0,0,0,1,3,1.23
2025-08-30,New York Mets,Miami Marlins,0,0,3.48,1,0,0,0.2,2,2,2,1,1,0,1.28
2025-09-01,Washington Nationals,Miami Marlins,0,0,3.35,1,0,0,1.2,1,0,0,0,0,2,1.26
2025-09-06,Miami Marlins,Philadelphia Phillies,0,0,3.27,1,0,0,1.0,1,0,0,0,0,0,1.25
2025-09-07,Miami Marlins,Philadelphia Phillies,0,0,3.11,1,0,0,2.1,2,0,0,0,0,1,1.23
2025-09-10,Miami Marlins,Washington Nationals,0,0,3.06,1,0,0,0.2,0,0,0,0,0,2,1.21
2025-09-12,Miami Marlins,Detroit Tigers,0,0,3.0,1,0,0,1.0,0,0,0,0,1,1,1.21
2025-09-13,Miami Marlins,Detroit Tigers,0,0,2.94,1,0,0,1.0,1,0,0,0,1,0,1.22
2025-09-19,Texas Rangers,Miami Marlins,0,0,2.88,1,0,0,1.0,0,0,0,0,0,1,1.2
2025-09-20,Texas Rangers,Miami Marlins,1,0,2.77,1,0,0,2.0,0,0,0,0,1,2,1.17
2025-09-23,Philadelphia Phillies,Miami Marlins,0,0,2.72,1,0,0,1.0,0,0,0,0,1,0,1.17
2025-09-25,Philadelphia Phillies,Miami Marlins,0,0,2.7,1,0,0,0.1,0,0,0,0,1,1,1.18
2025-09-26,Miami Marlins,New York Mets,0,0,2.67,1,0,0,0.2,0,0,0,0,1,1,1.19
2025-09-28,Miami Marlins,New York Mets,0,0,2.63,1,0,0,0.2,1,0,0,0,0,0,1.19
