Date,Home Tm,Away Tm,W,L,ERA,G,GS,SV,IP,H,R,ER,HR,BB,SO,WHIP
2025-08-06,Washington Nationals,Athletics,0,0,0.0,1,1,0,4.1,3,0,0,0,1,6,0.92
2025-08-11,Kansas City Royals,Washington Nationals,0,0,3.86,1,1,0,5.0,7,4,4,1,3,3,1.5
2025-08-16,Washington Nationals,Philadelphia Phillies,1,0,2.2,1,1,0,7.0,7,0,0,0,0,5,1.29
2025-08-22,Philadelphia Phillies,Washington Nationals,0,0,2.82,1,1,0,6.0,7,3,3,1,2,4,1.34
2025-08-27,New York Yankees,Washington Nationals,0,1,5.11,1,1,0,2.1,8,8,7,4,1,4,1.58
2025-09-02,Washington Nationals,Miami Marlins,1,0,4.85,1,1,0,5.0,4,2,2,0,1,6,1.48
2025-09-08,Miami Marlins,Washington Nationals,1,0,4.67,1,1,0,5.0,6,2,2,0,1,1,1.47
2025-09-14,Washington Nationals,Pittsburgh Pirates,0,0,4.76,1,1,0,5.0,3,3,3,0,4,2,1.46
2025-09-20,New York Mets,Washington Nationals,0,0,4.23,1,1,0,5.0,5,0,0,0,1,3,1.43
2025-09-26,Washington Nationals,Chicago White Sox,0,0,4.25,1,1,0,4.0,7,6,2,1,1,6,1.48
