Date,Home Tm,Away Tm,W,L,ERA,G,GS,SV,IP,H,R,ER,HR,BB,SO,WHIP
2025-04-04,Los Angeles Angels,Cleveland Guardians,0,0,6.0,1,0,0,3.0,4,2,2,1,1,2,1.67
2025-05-24,Los Angeles Angels,Miami Marlins,0,0,7.5,1,0,0,3.0,3,3,3,1,4,4,2.0
2025-09-03,Kansas City Royals,Los Angeles Angels,0,0,4.91,1,1,0,5.0,2,2,1,0,1,4,1.36
2025-09-08,Los Angeles Angels,Minnesota Twins,0,1,6.32,1,1,0,4.2,5,5,5,2,5,9,1.6
2025-09-16,Milwaukee Brewers,Los Angeles Angels,0,1,7.45,1,1,0,3.2,8,5,5,1,3,4,1.86
2025-09-21,Colorado Rockies,Los Angeles Angels,0,1,6.39,1,1,0,6.0,3,2,2,1,3,5,1.66
2025-09-27,Los Angeles Angels,Houston Astros,0,1,6.4,1,1,0,7.0,5,5,5,3,1,5,1.48
