Date,Home Tm,Away Tm,W,L,ERA,G,GS,SV,IP,H,R,ER,HR,BB,SO,WHIP
2025-05-10,New York Mets,Chicago Cubs,1,0,6.75,1,0,0,4.0,4,3,3,1,0,5,1.0
2025-05-16,Chicago Cubs,Chicago White Sox,1,0,6.0,1,1,0,5.0,7,3,3,2,0,2,1.22
2025-05-21,Miami Marlins,Chicago Cubs,0,0,4.4,1,1,0,5.1,6,1,1,0,3,3,1.4
2025-05-27,Chicago Cubs,Colorado Rockies,0,0,3.98,1,1,0,6.0,4,2,2,1,1,6,1.23
2025-06-03,Washington Nationals,Chicago Cubs,1,0,3.51,1,1,0,5.1,5,3,1,0,1,3,1.21
2025-06-08,Detroit Tigers,Chicago Cubs,0,1,4.11,1,1,0,5.0,7,4,4,0,2,6,1.3
2025-06-13,Chicago Cubs,Pittsburgh Pirates,0,0,3.47,1,1,0,5.2,3,0,0,0,1,4,1.21
2025-06-21,Chicago Cubs,Seattle Mariners,0,0,3.73,1,1,0,4.2,7,6,3,0,2,2,1.29
2025-06-27,Houston Astros,Chicago Cubs,0,1,4.8,1,1,0,4.0,8,7,7,2,4,2,1.44
2025-07-03,Chicago Cubs,Cleveland Guardians,0,0,4.15,1,1,0,7.0,5,0,0,0,2,5,1.38
2025-07-09,Minnesota Twins,Chicago Cubs,0,1,4.45,1,1,0,4.2,6,4,4,1,2,5,1.41
2025-07-20,Chicago Cubs,Boston Red Sox,0,0,4.04,1,1,0,5.2,2,0,0,0,3,4,1.36
2025-07-26,Chicago White Sox,Chicago Cubs,1,0,3.67,1,1,0,6.1,4,0,0,0,1,3,1.31
2025-08-01,Chicago Cubs,Baltimore Orioles,1,0,3.42,1,1,0,5.0,2,0,0,0,3,3,1.29
2025-08-06,Chicago Cubs,Cincinnati Reds,1,0,3.18,1,1,0,5.2,2,0,0,0,0,6,1.22
2025-08-13,Toronto Blue Jays,Chicago Cubs,1,0,3.07,1,1,0,5.2,1,1,1,0,2,8,1.18
2025-08-18,Chicago Cubs,Milwaukee Brewers,0,1,3.08,1,1,0,2.2,4,1,1,1,1,3,1.2
2025-08-23,Los Angeles Angels,Chicago Cubs,1,0,2.88,1,1,0,6.0,3,0,0,0,1,7,1.16
2025-08-29,Colorado Rockies,Chicago Cubs,1,0,2.92,1,1,0,5.0,6,2,2,1,2,4,1.19
2025-09-03,Chicago Cubs,Atlanta Braves,0,0,2.78,1,1,0,5.0,0,0,0,0,1,6,1.14
2025-09-09,Atlanta Braves,Chicago Cubs,1,0,2.7,1,1,0,6.1,4,1,1,0,0,2,1.11
2025-09-16,Pittsburgh Pirates,Chicago Cubs,1,0,2.66,1,1,0,5.0,3,1,1,0,1,6,1.1
2025-09-23,Chicago Cubs,New York Mets,0,0,2.67,1,1,0,3.0,2,1,1,1,0,2,1.08
