Date,Home Tm,Away Tm,W,L,ERA,G,GS,SV,IP,H,R,ER,HR,BB,SO,WHIP
2025-03-31,Baltimore Orioles,Boston Red Sox,0,0,6.23,1,1,0,4.1,5,3,3,0,2,8,1.62
2025-04-06,Kansas City Royals,Baltimore Orioles,0,1,3.48,1,1,0,6.0,12,4,1,0,0,4,1.84
2025-04-13,Baltimore Orioles,Toronto Blue Jays,0,0,3.6,1,1,0,4.2,7,2,2,1,1,2,1.8
2025-04-18,Baltimore Orioles,Cincinnati Reds,0,1,6.38,1,1,0,3.1,6,7,7,3,5,4,2.07
2025-04-24,Washington Nationals,Baltimore Orioles,1,0,5.04,1,1,0,6.2,4,1,1,0,1,5,1.72
2025-04-30,Baltimore Orioles,New York Yankees,0,0,5.16,1,1,0,4.2,3,3,3,2,3,2,1.65
2025-05-06,Minnesota Twins,Baltimore Orioles,0,1,5.55,1,1,0,6.0,6,5,5,1,0,4,1.54
2025-05-16,Baltimore Orioles,Washington Nationals,0,0,5.23,1,1,0,5.2,3,2,2,1,2,9,1.45
2025-05-23,Boston Red Sox,Baltimore Orioles,0,0,4.86,1,1,0,5.0,4,1,1,0,3,6,1.45
2025-05-28,Baltimore Orioles,St. Louis Cardinals,0,1,5.29,1,1,0,4.2,8,5,5,1,3,9,1.53
2025-06-04,Seattle Mariners,Baltimore Orioles,0,0,5.11,1,1,0,5.1,4,2,2,0,1,5,1.47
2025-06-10,Baltimore Orioles,Detroit Tigers,0,1,5.46,1,1,0,4.2,9,5,5,1,1,6,1.52
2025-06-15,Baltimore Orioles,Los Angeles Angels,1,0,5.15,1,0,0,3.2,3,0,0,0,1,4,1.5
2025-08-04,Philadelphia Phillies,Baltimore Orioles,0,1,5.25,1,1,0,5.2,4,4,4,2,1,7,1.45
2025-08-10,Baltimore Orioles,Athletics,0,0,4.95,1,1,0,6.0,4,1,1,0,3,5,1.43
2025-08-16,Houston Astros,Baltimore Orioles,0,0,4.98,1,0,0,5.0,5,3,3,0,3,10,1.44
2025-08-22,Baltimore Orioles,Houston Astros,0,1,5.13,1,1,0,4.2,4,6,4,1,2,5,1.43
2025-08-28,Baltimore Orioles,Boston Red Sox,0,0,5.04,1,1,0,5.0,7,2,2,2,0,5,1.43
2025-09-03,San Diego Padres,Baltimore Orioles,1,0,5.16,1,1,0,5.0,7,4,4,1,3,3,1.46
2025-09-11,Baltimore Orioles,Pittsburgh Pirates,0,0,5.05,1,1,0,5.2,5,2,2,1,2,6,1.45
2025-09-18,Baltimore Orioles,New York Yankees,0,1,5.06,1,1,0,5.0,5,3,3,0,4,5,1.46
2025-09-25,Baltimore Orioles,Tampa Bay Rays,0,0,5.21,1,1,0,5.2,10,5,5,0,2,4,1.5
