Date,Home Tm,Away Tm,W,L,ERA,G,GS,SV,IP,H,R,ER,HR,BB,SO,WHIP
2025-03-31,Miami Marlins,New York Mets,0,1,13.5,1,1,0,4.0,8,6,6,2,1,2,2.25
2025-04-05,Atlanta Braves,Miami Marlins,1,0,6.0,1,1,0,5.0,4,0,0,0,0,4,1.44
2025-04-13,Miami Marlins,Washington Nationals,0,0,5.79,1,1,0,5.0,7,3,3,0,5,2,1.79
2025-04-19,Philadelphia Phillies,Miami Marlins,0,1,8.31,1,1,0,3.1,8,7,7,0,3,0,2.08
2025-04-25,Seattle Mariners,Miami Marlins,1,0,7.83,1,1,0,5.2,5,4,4,2,0,5,1.78
2025-04-30,Los Angeles Dodgers,Miami Marlins,0,1,8.1,1,1,0,3.2,6,4,4,1,1,3,1.8
2025-05-06,Miami Marlins,Los Angeles Dodgers,0,0,7.11,1,1,0,5.0,4,1,1,0,1,6,1.67
2025-05-12,Chicago Cubs,Miami Marlins,0,1,7.0,1,1,0,4.1,4,3,3,1,2,1,1.64
2025-05-18,Miami Marlins,Tampa Bay Rays,1,0,6.37,1,1,0,5.0,2,1,1,0,2,6,1.54
2025-05-24,Los Angeles Angels,Miami Marlins,0,0,6.09,1,1,0,3.1,3,1,1,0,0,2,1.49
2025-05-30,Miami Marlins,San Francisco Giants,0,1,5.84,1,1,0,5.0,8,2,2,1,1,7,1.52
2025-06-04,Miami Marlins,Colorado Rockies,0,1,5.63,1,1,0,5.0,5,2,2,0,1,2,1.49
2025-06-11,Pittsburgh Pirates,Miami Marlins,0,1,5.61,1,1,0,5.0,6,4,3,1,2,6,1.5
2025-06-17,Miami Marlins,Philadelphia Phillies,0,0,5.68,1,1,0,4.0,4,3,3,1,0,2,1.47
2025-06-24,San Francisco Giants,Miami Marlins,0,0,5.56,1,1,0,4.2,4,2,2,1,2,3,1.46
2025-06-29,Arizona Diamondbacks,Miami Marlins,0,0,5.42,1,1,0,5.0,3,2,2,1,1,5,1.41
2025-07-05,Miami Marlins,Milwaukee Brewers,0,0,5.4,1,1,0,3.2,6,2,2,0,1,6,1.43
2025-07-10,Cincinnati Reds,Miami Marlins,0,1,5.62,1,1,0,5.0,7,6,5,1,1,5,1.44
2025-07-19,Miami Marlins,Kansas City Royals,0,0,5.24,1,1,0,6.0,2,0,0,0,0,3,1.37
2025-07-25,Milwaukee Brewers,Miami Marlins,0,0,5.05,1,1,0,5.0,3,1,1,1,0,4,1.33
2025-07-30,St. Louis Cardinals,Miami Marlins,1,0,4.79,1,1,0,5.0,3,0,0,0,2,3,1.31
2025-08-05,Miami Marlins,Houston Astros,0,1,5.21,1,1,0,4.1,9,7,7,2,3,2,1.37
2025-08-10,Atlanta Braves,Miami Marlins,0,0,5.09,1,1,0,4.0,3,1,1,1,0,1,1.35
2025-08-16,Boston Red Sox,Miami Marlins,0,1,5.5,1,1,0,3.2,8,7,7,1,1,2,1.39
2025-08-23,Atlanta Braves,New York Mets,0,1,5.51,1,1,0,4.2,5,3,3,1,5,3,1.42
2025-08-28,Philadelphia Phillies,Atlanta Braves,0,1,6.04,1,1,0,3.1,9,9,9,4,0,0,1.45
