Date,Home Tm,Away Tm,W,L,ERA,G,GS,SV,IP,H,R,ER,HR,BB,SO,WHIP
2025-04-12,Seattle Mariners,Texas Rangers,0,0,12.27,1,0,0,3.2,5,5,5,1,2,3,1.91
2025-04-23,Athletics,Texas Rangers,0,0,7.94,1,0,0,2.0,1,0,0,0,0,3,1.41
2025-04-27,San Francisco Giants,Texas Rangers,0,0,5.87,1,0,0,2.0,0,0,0,0,0,0,1.04
2025-05-02,Texas Rangers,Seattle Mariners,0,0,5.19,1,0,0,1.0,0,0,0,0,0,1,0.92
2025-05-07,Boston Red Sox,Texas Rangers,0,0,5.59,1,0,0,1.0,1,1,1,1,0,1,0.93
2025-05-14,Texas Rangers,Colorado Rockies,0,0,4.5,1,0,0,2.1,3,0,0,0,1,4,1.08
2025-05-20,New York Yankees,Texas Rangers,0,0,5.14,1,0,0,2.0,3,2,2,1,1,2,1.21
2025-05-23,Chicago White Sox,Texas Rangers,0,0,4.8,1,0,0,1.0,3,1,0,0,0,1,1.33
2025-05-24,Chicago White Sox,Texas Rangers,0,0,5.29,1,0,0,2.0,4,2,2,1,0,2,1.41
2025-05-30,Texas Rangers,St. Louis Cardinals,0,0,4.95,1,0,1,3.0,2,1,1,0,0,4,1.3
2025-06-10,Minnesota Twins,Texas Rangers,0,0,4.71,1,0,0,1.0,1,0,0,0,0,0,1.29
2025-06-11,Minnesota Twins,Texas Rangers,0,0,4.5,1,0,0,1.0,1,0,0,0,0,1,1.27
2025-06-14,Texas Rangers,Chicago White Sox,0,0,4.7,1,0,0,1.0,1,1,1,0,0,3,1.26
2025-06-17,Texas Rangers,Kansas City Royals,0,0,4.1,1,0,0,3.1,0,0,0,0,0,3,1.1
2025-06-22,Pittsburgh Pirates,Texas Rangers,0,0,5.04,1,0,0,4.0,10,5,5,0,1,1,1.32
2025-07-20,Texas Rangers,Detroit Tigers,0,0,4.83,1,0,0,1.1,0,0,0,0,1,2,1.29
2025-07-25,Texas Rangers,Atlanta Braves,0,0,5.34,1,0,0,0.1,2,2,2,0,2,0,1.41
2025-07-27,Texas Rangers,Atlanta Braves,0,0,5.03,1,0,0,2.0,1,0,0,0,1,1,1.38
2025-07-29,Los Angeles Angels,Texas Rangers,0,0,5.05,1,0,0,1.2,0,1,1,0,1,1,1.35
2025-08-18,Kansas City Royals,Texas Rangers,0,0,4.91,1,0,0,1.0,0,0,0,0,0,2,1.31
2025-08-20,Kansas City Royals,Texas Rangers,0,0,5.22,1,1,0,3.0,5,3,3,1,3,1,1.41
2025-08-27,Texas Rangers,Los Angeles Angels,0,0,5.09,1,0,0,1.0,1,0,0,0,0,0,1.4
2025-08-31,Athletics,Texas Rangers,0,0,5.93,1,0,0,0.1,4,4,4,0,0,1,1.49
2025-09-02,Arizona Diamondbacks,Texas Rangers,0,0,5.74,1,0,0,1.1,1,0,0,0,0,2,1.46
2025-09-06,Texas Rangers,Houston Astros,0,0,6.02,1,0,0,1.0,5,5,2,0,1,2,1.57
