Date,Home Tm,Away Tm,W,L,ERA,G,GS,SV,IP,H,R,ER,HR,BB,SO,WHIP
2025-07-09,New York Yankees,Seattle Mariners,1,0,5.06,1,1,0,5.1,4,3,3,2,2,7,1.13
2025-07-22,Toronto Blue Jays,New York Yankees,0,0,4.35,1,1,0,5.0,7,2,2,0,3,3,1.55
2025-07-28,New York Yankees,Tampa Bay Rays,0,1,4.91,1,1,0,4.1,7,3,3,1,4,5,1.84
2025-08-02,Miami Marlins,New York Yankees,0,1,4.58,1,1,0,5.0,4,2,2,2,2,6,1.68
2025-08-08,New York Yankees,Houston Astros,0,0,4.38,1,1,0,5.0,7,2,2,1,1,3,1.66
2025-08-13,New York Yankees,Minnesota Twins,0,0,3.94,1,1,0,5.0,2,1,1,0,2,6,1.52
2025-08-20,Tampa Bay Rays,New York Yankees,0,0,3.22,1,1,0,6.2,1,0,0,0,2,8,1.32
2025-08-25,New York Yankees,Washington Nationals,1,0,2.76,1,1,0,6.0,4,0,0,0,3,8,1.3
2025-08-30,Chicago White Sox,New York Yankees,0,0,2.61,1,1,0,6.0,4,1,1,0,1,8,1.24
2025-09-05,New York Yankees,Toronto Blue Jays,0,1,3.24,1,1,0,1.2,5,4,4,0,2,2,1.34
2025-09-11,New York Yankees,Detroit Tigers,1,0,3.05,1,1,0,6.0,5,1,1,0,2,7,1.32
2025-09-16,Minnesota Twins,New York Yankees,0,0,3.41,1,1,0,4.2,3,4,4,1,5,6,1.35
2025-09-21,Baltimore Orioles,New York Yankees,0,0,3.27,1,1,0,5.1,3,1,1,1,1,6,1.3
2025-09-27,New York Yankees,Baltimore Orioles,1,0,2.96,1,1,0,7.0,2,0,0,0,1,9,1.22
