Date,Home Tm,Away Tm,W,L,ERA,G,GS,SV,IP,H,R,ER,HR,BB,SO,WHIP
2025-03-29,New York Yankees,Milwaukee Brewers,0,0,13.5,1,0,0,2.0,5,3,3,1,0,2,2.5
2025-04-03,New York Yankees,Arizona Diamondbacks,1,0,7.36,1,1,0,5.1,5,3,3,0,2,5,1.64
2025-04-08,Detroit Tigers,New York Yankees,0,1,7.71,1,1,0,4.1,6,4,4,3,1,3,1.63
2025-04-14,New York Yankees,Kansas City Royals,1,0,5.94,1,1,0,5.0,1,1,1,1,2,4,1.32
2025-04-19,Tampa Bay Rays,New York Yankees,0,0,6.53,1,1,0,4.0,6,4,4,0,2,1,1.45
2025-04-25,New York Yankees,Toronto Blue Jays,0,0,5.26,1,1,0,5.0,3,0,0,0,2,2,1.36
2025-04-30,Baltimore Orioles,New York Yankees,0,1,5.9,1,1,0,3.1,8,4,4,2,0,5,1.48
2025-05-04,New York Yankees,Tampa Bay Rays,0,0,5.91,1,0,0,3.0,5,2,2,0,1,3,1.53
2025-07-31,Cincinnati Reds,Atlanta Braves,0,0,5.68,1,1,0,6.0,7,3,3,1,2,5,1.53
2025-08-07,Atlanta Braves,Miami Marlins,0,0,6.18,1,1,0,5.2,9,6,6,1,2,2,1.58
2025-08-13,New York Mets,Atlanta Braves,0,0,7.09,1,1,0,2.0,6,6,6,1,3,2,1.71
