Date,Home Tm,Away Tm,W,L,ERA,G,GS,SV,IP,H,R,ER,HR,BB,SO,WHIP
2025-03-27,New York Yankees,Milwaukee Brewers,0,1,3.6,1,1,0,5.0,4,2,2,2,1,8,1.0
2025-04-02,Milwaukee Brewers,Kansas City Royals,0,0,2.08,1,1,0,8.0,2,1,1,0,0,8,0.54
2025-04-08,Colorado Rockies,Milwaukee Brewers,1,0,2.0,1,1,0,5.0,3,1,1,1,3,6,0.72
2025-04-13,Arizona Diamondbacks,Milwaukee Brewers,0,0,2.31,1,1,0,5.1,4,2,2,0,4,6,0.9
2025-04-18,Milwaukee Brewers,Athletics,1,0,1.91,1,1,0,5.0,7,0,0,0,1,5,1.02
2025-04-23,San Francisco Giants,Milwaukee Brewers,0,1,2.43,1,1,0,5.0,5,3,3,0,2,3,1.08
2025-04-29,Chicago White Sox,Milwaukee Brewers,1,0,2.52,1,1,0,6.0,3,2,2,2,3,5,1.07
2025-05-04,Milwaukee Brewers,Chicago Cubs,1,0,2.18,1,1,0,6.0,4,0,0,0,1,7,1.04
2025-05-12,Cleveland Guardians,Milwaukee Brewers,0,1,2.66,1,1,0,5.1,4,4,4,0,3,4,1.07
2025-05-18,Milwaukee Brewers,Minnesota Twins,1,0,2.59,1,1,0,5.0,3,1,1,1,2,5,1.06
2025-05-23,Pittsburgh Pirates,Milwaukee Brewers,0,0,2.55,1,1,0,4.1,5,2,1,1,3,3,1.12
2025-05-28,Milwaukee Brewers,Boston Red Sox,0,0,2.77,1,1,0,5.0,6,3,3,1,3,6,1.17
2025-06-03,Cincinnati Reds,Milwaukee Brewers,0,1,2.92,1,1,0,6.0,7,3,3,1,3,9,1.21
2025-06-08,Milwaukee Brewers,San Diego Padres,0,0,2.69,1,1,0,6.0,1,0,0,0,2,3,1.16
2025-06-13,Milwaukee Brewers,St. Louis Cardinals,1,0,2.6,1,1,0,6.0,4,1,1,0,1,6,1.13
2025-06-19,Chicago Cubs,Milwaukee Brewers,1,0,2.76,1,1,0,5.0,2,3,3,2,2,6,1.11
2025-06-24,Milwaukee Brewers,Pittsburgh Pirates,1,0,2.9,1,1,0,5.0,7,3,3,1,0,8,1.13
2025-07-02,New York Mets,Milwaukee Brewers,1,0,2.91,1,1,0,6.0,2,2,2,0,1,6,1.09
2025-07-07,Milwaukee Brewers,Los Angeles Dodgers,1,0,2.74,1,1,0,6.0,5,0,0,0,1,7,1.09
2025-07-13,Milwaukee Brewers,Washington Nationals,1,0,2.66,1,1,0,6.2,3,1,1,0,1,7,1.06
2025-07-19,Los Angeles Dodgers,Milwaukee Brewers,1,0,2.85,1,1,0,5.0,5,4,4,1,3,4,1.08
2025-07-25,Milwaukee Brewers,Miami Marlins,0,0,2.81,1,1,0,5.0,5,1,1,1,2,9,1.09
2025-07-30,Milwaukee Brewers,Chicago Cubs,0,1,3.08,1,1,0,4.0,5,5,5,1,4,3,1.13
2025-08-05,Atlanta Braves,Milwaukee Brewers,1,0,3.03,1,1,0,5.0,4,1,1,1,3,7,1.14
2025-08-12,Milwaukee Brewers,Pittsburgh Pirates,1,0,2.9,1,1,0,6.0,3,0,0,0,1,7,1.12
2025-08-18,Chicago Cubs,Milwaukee Brewers,1,0,2.78,1,1,0,6.0,1,0,0,0,3,6,1.1
2025-08-23,Milwaukee Brewers,San Francisco Giants,0,0,2.68,1,1,0,5.0,2,0,0,0,4,6,1.1
2025-08-29,Toronto Blue Jays,Milwaukee Brewers,1,0,2.58,1,1,0,6.0,1,0,0,0,1,8,1.07
2025-09-04,Milwaukee Brewers,Philadelphia Phillies,0,0,2.5,1,1,0,5.0,2,0,0,0,3,8,1.07
2025-09-10,Texas Rangers,Milwaukee Brewers,0,1,2.69,1,1,0,5.0,6,5,5,2,2,9,1.09
2025-09-16,Milwaukee Brewers,Los Angeles Angels,1,0,2.65,1,1,0,6.0,2,1,1,1,2,10,1.07
2025-09-22,San Diego Padres,Milwaukee Brewers,0,0,2.68,1,1,0,5.0,4,2,2,1,1,6,1.07
2025-09-28,Milwaukee Brewers,Cincinnati Reds,0,0,2.7,1,1,0,2.0,3,1,1,1,0,3,1.08
