Date,Home Tm,Away Tm,W,L,ERA,G,GS,SV,IP,H,R,ER,HR,BB,SO,WHIP
2025-03-31,Tampa Bay Rays,Pittsburgh Pirates,0,1,9.82,1,1,0,3.2,7,4,4,0,2,4,2.45
2025-04-07,Pittsburgh Pirates,St. Louis Cardinals,1,0,5.19,1,1,0,5.0,5,1,1,0,2,6,1.85
2025-04-13,Cincinnati Reds,Pittsburgh Pirates,0,1,6.23,1,1,0,4.1,5,4,4,0,2,4,1.77
2025-04-18,Pittsburgh Pirates,Cleveland Guardians,0,1,7.41,1,1,0,4.0,9,5,5,1,2,0,2.0
2025-04-24,Los Angeles Angels,Pittsburgh Pirates,0,0,6.95,1,1,0,5.0,5,3,3,1,1,4,1.82
2025-04-30,Pittsburgh Pirates,Chicago Cubs,0,0,6.58,1,1,0,4.0,6,2,2,0,1,4,1.81
2025-05-05,St. Louis Cardinals,Pittsburgh Pirates,0,0,6.16,1,1,0,4.2,4,2,2,2,0,2,1.66
2025-05-11,Pittsburgh Pirates,Atlanta Braves,0,0,5.2,1,1,0,5.2,4,0,0,0,1,2,1.54
2025-05-17,Philadelphia Phillies,Pittsburgh Pirates,0,1,5.67,1,1,0,3.1,7,4,4,1,1,2,1.61
2025-06-13,Chicago Cubs,Pittsburgh Pirates,0,0,5.4,1,0,0,2.0,3,0,0,0,0,1,1.61
2025-06-17,Detroit Tigers,Pittsburgh Pirates,0,1,5.98,1,0,0,2.0,4,4,4,2,1,2,1.65
2025-06-21,Pittsburgh Pirates,Texas Rangers,0,0,5.67,1,0,0,2.1,1,0,0,0,2,3,1.63
2025-06-24,Milwaukee Brewers,Pittsburgh Pirates,0,0,5.48,1,0,0,1.2,4,2,0,0,1,0,1.68
2025-06-29,Pittsburgh Pirates,New York Mets,1,0,5.08,1,0,0,3.2,2,0,0,0,0,2,1.6
2025-07-06,Seattle Mariners,Pittsburgh Pirates,0,1,5.0,1,0,0,2.2,2,1,1,1,0,3,1.56
2025-07-11,Minnesota Twins,Pittsburgh Pirates,0,0,4.74,1,0,0,3.0,2,0,0,0,0,4,1.51
2025-07-19,Pittsburgh Pirates,Chicago White Sox,0,0,4.77,1,0,0,3.1,4,2,2,0,1,2,1.51
2025-07-23,Pittsburgh Pirates,Detroit Tigers,0,0,4.62,1,0,0,2.0,1,0,0,0,0,3,1.48
2025-07-27,Pittsburgh Pirates,Arizona Diamondbacks,0,0,4.48,1,0,0,2.0,2,0,0,0,0,4,1.46
2025-07-30,San Francisco Giants,Pittsburgh Pirates,0,0,4.34,1,0,0,2.0,1,0,0,0,0,0,1.43
2025-08-03,Colorado Rockies,Pittsburgh Pirates,0,0,4.21,1,0,0,2.0,2,0,0,0,1,4,1.43
2025-08-06,Pittsburgh Pirates,San Francisco Giants,0,0,4.11,1,0,0,1.2,0,0,0,0,0,1,1.4
2025-08-09,Pittsburgh Pirates,Cincinnati Reds,0,1,4.07,1,0,0,3.0,3,1,1,0,0,3,1.38
2025-08-13,Milwaukee Brewers,Pittsburgh Pirates,0,0,4.2,1,0,0,2.0,1,2,2,0,2,2,1.39
2025-08-17,Chicago Cubs,Pittsburgh Pirates,0,0,3.99,1,1,0,4.0,1,1,0,0,0,3,1.33
2025-08-23,Pittsburgh Pirates,Colorado Rockies,1,0,3.89,1,0,0,2.0,0,0,0,0,0,5,1.3
2025-08-27,St. Louis Cardinals,Pittsburgh Pirates,0,0,3.86,1,1,0,3.0,3,1,1,0,3,4,1.32
2025-09-02,Pittsburgh Pirates,Los Angeles Dodgers,0,0,3.87,1,1,0,2.0,2,1,1,0,1,1,1.33
2025-09-05,Pittsburgh Pirates,Milwaukee Brewers,0,1,4.03,1,0,0,1.0,4,2,2,0,1,1,1.37
2025-09-10,Baltimore Orioles,Pittsburgh Pirates,0,0,3.94,1,0,0,2.0,0,0,0,0,2,2,1.36
2025-09-13,Washington Nationals,Pittsburgh Pirates,1,0,3.86,1,0,0,2.0,1,0,0,0,0,3,1.34
2025-09-16,Pittsburgh Pirates,Chicago Cubs,0,0,3.73,1,0,0,3.0,4,0,0,0,0,5,1.34
2025-09-21,Pittsburgh Pirates,Athletics,1,0,3.62,1,0,0,3.0,2,0,0,0,0,3,1.32
2025-09-25,Cincinnati Reds,Pittsburgh Pirates,0,0,3.55,1,0,0,2.0,1,0,0,0,0,0,1.3
