Date,Home Tm,Away Tm,W,L,ERA,G,GS,SV,IP,H,R,ER,HR,BB,SO,WHIP
2025-06-29,Chicago White Sox,San Francisco Giants,0,0,0.0,1,0,0,1.0,2,0,0,0,0,0,2.0
2025-07-01,Arizona Diamondbacks,San Francisco Giants,0,0,4.5,1,0,0,3.0,5,4,2,3,0,2,1.75
2025-07-22,Atlanta Braves,San Francisco Giants,0,0,3.0,1,0,0,2.0,1,0,0,0,1,4,1.5
2025-07-28,San Francisco Giants,Pittsburgh Pirates,0,1,4.0,1,0,0,3.0,4,2,2,1,2,3,1.67
2025-08-04,Pittsburgh Pirates,San Francisco Giants,0,0,4.91,1,0,0,2.0,1,2,2,1,1,2,1.55
2025-08-09,San Francisco Giants,Washington Nationals,0,0,4.5,1,0,0,3.0,4,1,1,0,0,1,1.5
2025-08-12,San Francisco Giants,San Diego Padres,0,0,4.5,1,0,0,2.0,1,1,1,1,2,0,1.5
2025-08-15,San Francisco Giants,Tampa Bay Rays,0,0,4.08,1,0,0,1.2,0,0,0,0,1,1,1.42
2025-08-19,San Diego Padres,San Francisco Giants,0,0,3.92,1,0,0,3.0,3,1,1,0,1,3,1.4
2025-08-27,San Francisco Giants,Chicago Cubs,0,0,3.74,1,0,0,1.0,0,0,0,0,1,0,1.38
2025-08-30,San Francisco Giants,Baltimore Orioles,0,1,4.74,1,1,0,3.0,5,4,4,2,2,2,1.5
2025-09-05,St. Louis Cardinals,San Francisco Giants,1,0,4.25,1,1,0,5.0,2,1,1,0,1,2,1.35
2025-09-10,San Francisco Giants,Arizona Diamondbacks,0,1,5.23,1,1,0,1.1,6,4,4,1,0,1,1.48
2025-09-14,San Francisco Giants,Los Angeles Dodgers,0,0,5.34,1,0,0,1.0,3,1,1,0,0,1,1.53
2025-09-19,Los Angeles Dodgers,San Francisco Giants,0,0,5.18,1,0,0,1.0,0,0,0,0,0,0,1.48
2025-09-24,San Francisco Giants,St. Louis Cardinals,0,0,4.75,1,0,0,3.0,0,0,0,0,1,4,1.39
