Date,Home Tm,Away Tm,W,L,ERA,G,GS,SV,IP,H,R,ER,HR,BB,SO,WHIP
2025-05-16,Arizona Diamondbacks,Colorado Rockies,0,1,11.25,1,1,0,4.0,6,5,5,0,1,0,1.75
2025-05-21,Colorado Rockies,Philadelphia Phillies,0,1,11.88,1,1,0,4.1,10,7,6,2,4,2,2.52
2025-05-26,Chicago Cubs,Colorado Rockies,0,1,8.78,1,1,0,5.0,3,2,2,0,3,4,2.03
2025-06-01,New York Mets,Colorado Rockies,0,1,8.5,1,1,0,4.2,4,4,4,2,2,8,1.83
2025-06-10,Colorado Rockies,San Francisco Giants,0,0,7.77,1,1,0,4.0,4,2,2,1,3,2,1.82
2025-06-16,Washington Nationals,Colorado Rockies,0,0,7.76,1,1,0,4.2,4,4,4,2,3,2,1.76
2025-06-21,Colorado Rockies,Arizona Diamondbacks,0,0,7.63,1,1,0,4.0,4,3,3,1,2,4,1.73
2025-08-01,Colorado Rockies,Pittsburgh Pirates,0,0,7.91,1,0,0,2.1,3,3,3,1,5,3,1.85
2025-08-04,Colorado Rockies,Toronto Blue Jays,0,0,8.91,1,0,0,1.1,7,5,5,1,2,2,2.04
