Date,Home Tm,Away Tm,W,L,ERA,G,GS,SV,IP,H,R,ER,HR,BB,SO,WHIP
2025-04-15,Cincinnati Reds,Seattle Mariners,0,0,0.0,1,0,0,1.0,1,0,0,0,0,1,1.0
2025-04-17,Cincinnati Reds,Seattle Mariners,1,0,0.0,1,0,0,1.0,0,0,0,0,0,1,0.5
2025-04-19,Toronto Blue Jays,Seattle Mariners,0,0,0.0,1,0,0,1.0,0,0,0,0,1,1,0.67
2025-04-20,Toronto Blue Jays,Seattle Mariners,0,0,0.0,1,0,0,1.0,0,0,0,0,0,0,0.5
2025-04-23,Boston Red Sox,Seattle Mariners,0,0,5.4,1,0,0,1.0,2,3,3,1,1,2,1.0
2025-04-26,Seattle Mariners,Miami Marlins,0,0,4.5,1,0,0,1.0,1,0,0,0,0,1,1.0
2025-04-29,Seattle Mariners,Los Angeles Angels,0,0,4.05,1,0,0,0.2,1,0,0,0,0,1,1.05
2025-04-30,Seattle Mariners,Los Angeles Angels,1,0,3.52,1,0,0,1.0,1,0,0,0,1,0,1.17
2025-05-04,Texas Rangers,Seattle Mariners,0,0,3.12,1,0,0,1.0,0,0,0,0,1,0,1.15
2025-05-05,Athletics,Seattle Mariners,0,1,3.0,1,0,0,0.1,1,1,0,0,2,0,1.44
2025-05-09,Seattle Mariners,Toronto Blue Jays,0,0,2.45,1,0,0,2.0,0,0,0,0,0,3,1.18
2025-05-12,Seattle Mariners,New York Yankees,0,0,2.25,1,0,0,1.0,0,0,0,0,1,1,1.17
2025-05-13,Seattle Mariners,New York Yankees,1,0,2.08,1,0,0,1.0,0,0,0,0,1,0,1.15
2025-05-16,San Diego Padres,Seattle Mariners,0,0,1.93,1,0,0,1.0,0,0,0,0,0,2,1.07
2025-05-17,San Diego Padres,Seattle Mariners,0,0,1.84,1,0,0,0.2,1,0,0,0,0,1,1.09
2025-05-20,Chicago White Sox,Seattle Mariners,0,0,1.72,1,1,0,1.0,1,0,0,0,1,1,1.15
2025-05-21,Chicago White Sox,Seattle Mariners,1,0,1.62,1,0,0,1.0,1,1,0,0,1,2,1.2
2025-05-24,Houston Astros,Seattle Mariners,0,0,1.45,1,0,0,2.0,2,0,0,0,0,0,1.18
2025-05-25,Houston Astros,Seattle Mariners,0,1,2.41,1,0,0,0.0,2,2,2,1,0,0,1.29
2025-05-30,Seattle Mariners,Minnesota Twins,0,1,4.58,1,0,0,1.0,4,6,5,1,2,1,1.53
2025-06-04,Seattle Mariners,Baltimore Orioles,0,0,4.35,1,0,0,1.0,1,0,0,0,1,0,1.55
2025-06-05,Seattle Mariners,Baltimore Orioles,0,0,4.15,1,0,0,1.0,1,0,0,0,0,2,1.52
2025-06-09,Arizona Diamondbacks,Seattle Mariners,0,0,4.56,1,0,0,2.0,2,2,2,0,2,3,1.56
2025-06-14,Seattle Mariners,Cleveland Guardians,0,0,4.38,1,0,0,1.0,0,0,0,0,0,1,1.5
2025-06-15,Seattle Mariners,Cleveland Guardians,0,0,4.21,1,0,0,1.0,1,0,0,0,0,1,1.48
2025-06-17,Seattle Mariners,Boston Red Sox,0,0,4.05,1,0,0,1.0,0,0,0,0,0,2,1.43
2025-06-20,Chicago Cubs,Seattle Mariners,0,0,3.9,1,0,0,1.0,1,0,0,0,0,1,1.41
2025-06-21,Chicago Cubs,Seattle Mariners,0,0,3.81,1,0,0,0.2,0,0,0,0,0,1,1.38
2025-06-22,Chicago Cubs,Seattle Mariners,0,0,3.68,1,0,0,1.0,0,0,0,0,0,1,1.33
2025-06-27,Texas Rangers,Seattle Mariners,0,0,3.52,1,0,0,1.1,0,0,0,0,0,3,1.27
2025-06-29,Texas Rangers,Seattle Mariners,0,0,3.31,1,0,0,2.0,0,0,0,0,0,2,1.19
2025-07-03,Seattle Mariners,Kansas City Royals,0,1,3.78,1,0,0,0.2,0,2,2,0,3,0,1.26
2025-07-08,New York Yankees,Seattle Mariners,0,0,4.98,1,0,0,1.0,5,5,5,2,0,2,1.37
2025-07-13,Detroit Tigers,Seattle Mariners,0,0,5.14,1,0,0,0.2,1,1,1,0,0,1,1.37
2025-07-19,Seattle Mariners,Houston Astros,0,0,5.0,1,0,0,1.0,0,0,0,0,0,3,1.33
2025-07-20,Seattle Mariners,Houston Astros,0,0,5.84,1,0,0,1.0,3,4,4,0,1,0,1.41
2025-07-23,Seattle Mariners,Milwaukee Brewers,0,0,5.68,1,0,0,1.0,0,0,0,0,0,2,1.37
2025-07-25,Los Angeles Angels,Seattle Mariners,0,1,5.59,1,0,0,0.2,1,1,0,0,1,0,1.4
2025-07-27,Los Angeles Angels,Seattle Mariners,0,0,5.31,1,0,0,2.0,0,0,0,0,0,2,1.33
2025-07-31,Seattle Mariners,Texas Rangers,0,0,5.27,1,0,0,0.1,0,0,0,0,0,1,1.32
2025-08-02,Seattle Mariners,Texas Rangers,0,1,5.44,1,0,0,0.1,3,2,1,0,0,1,1.38
2025-08-05,Seattle Mariners,Chicago White Sox,0,0,5.31,1,0,0,1.0,1,0,0,0,2,0,1.42
2025-08-14,Baltimore Orioles,Seattle Mariners,0,0,5.15,1,0,0,1.1,0,0,0,0,1,1,1.4
2025-08-16,New York Mets,Seattle Mariners,0,0,5.04,1,0,0,1.0,0,0,0,0,0,1,1.37
2025-08-18,Philadelphia Phillies,Seattle Mariners,0,0,5.79,1,0,0,2.0,7,5,5,2,0,2,1.46
2025-09-14,Seattle Mariners,Los Angeles Angels,0,0,5.66,1,0,0,1.0,0,0,0,0,1,2,1.45
2025-09-25,Seattle Mariners,Colorado Rockies,0,0,5.73,1,0,0,1.0,2,1,1,0,1,2,1.48
2025-09-26,Seattle Mariners,Los Angeles Dodgers,0,0,5.62,1,0,0,1.0,0,0,0,0,0,0,1.45
