Date,Home Tm,Away Tm,W,L,ERA,G,GS,SV,IP,H,R,ER,HR,BB,SO,WHIP
2025-04-01,Seattle Mariners,Detroit Tigers,1,0,0.0,1,1,0,5.2,1,0,0,0,3,6,0.71
2025-04-07,Detroit Tigers,New York Yankees,1,0,0.77,1,1,0,6.0,4,1,1,0,3,6,0.94
2025-04-13,Minnesota Twins,Detroit Tigers,0,1,2.6,1,1,0,5.2,7,4,4,2,0,3,1.04
2025-04-19,Detroit Tigers,Kansas City Royals,1,0,2.22,1,1,0,7.0,4,1,1,1,1,3,0.95
2025-04-26,Detroit Tigers,Baltimore Orioles,1,0,2.12,1,1,0,5.1,8,1,1,1,0,5,1.04
2025-05-01,Los Angeles Angels,Detroit Tigers,1,0,2.7,1,1,0,7.0,7,4,4,2,2,4,1.09
2025-05-08,Colorado Rockies,Detroit Tigers,1,0,2.53,1,1,0,6.0,3,1,1,0,0,8,1.01
2025-05-24,Detroit Tigers,Cleveland Guardians,0,0,2.45,1,1,0,5.0,4,2,1,1,1,6,1.01
2025-05-30,Kansas City Royals,Detroit Tigers,0,0,2.82,1,1,0,3.1,8,3,3,1,2,4,1.14
2025-06-05,Chicago White Sox,Detroit Tigers,0,0,2.91,1,1,0,4.2,6,2,2,0,4,3,1.22
2025-06-11,Baltimore Orioles,Detroit Tigers,0,1,2.95,1,1,0,5.1,8,2,2,1,2,7,1.28
2025-06-17,Detroit Tigers,Pittsburgh Pirates,1,0,2.96,1,1,0,6.0,5,3,2,0,0,4,1.24
2025-06-22,Tampa Bay Rays,Detroit Tigers,0,0,2.88,1,1,0,5.0,6,1,1,1,0,5,1.24
2025-06-28,Detroit Tigers,Minnesota Twins,1,0,2.86,1,1,0,6.2,5,2,2,1,1,5,1.21
2025-07-05,Cleveland Guardians,Detroit Tigers,1,0,2.63,1,1,0,7.0,4,0,0,0,2,4,1.18
2025-07-12,Detroit Tigers,Seattle Mariners,0,1,3.15,1,1,0,3.0,6,6,6,1,1,4,1.22
2025-07-22,Pittsburgh Pirates,Detroit Tigers,0,1,3.4,1,1,0,4.0,10,5,4,0,1,5,1.28
2025-07-29,Detroit Tigers,Arizona Diamondbacks,0,0,3.43,1,1,0,1.2,3,2,1,0,3,2,1.33
2025-08-04,Detroit Tigers,Minnesota Twins,1,0,3.5,1,1,0,6.0,4,3,3,3,0,4,1.29
2025-08-10,Detroit Tigers,Los Angeles Angels,1,0,3.5,1,1,0,5.0,3,2,2,1,2,5,1.27
2025-08-16,Minnesota Twins,Detroit Tigers,1,0,3.63,1,1,0,6.1,4,4,4,0,1,10,1.24
2025-08-22,Detroit Tigers,Kansas City Royals,0,0,3.68,1,1,0,5.2,9,3,3,0,1,0,1.27
2025-08-27,Athletics,Detroit Tigers,0,1,3.95,1,1,0,3.1,7,5,5,1,2,4,1.31
2025-09-03,Detroit Tigers,New York Mets,1,0,3.87,1,1,0,5.0,5,1,1,0,0,3,1.3
2025-09-09,New York Yankees,Detroit Tigers,1,0,3.83,1,1,0,6.0,4,2,2,2,0,8,1.27
2025-09-16,Detroit Tigers,Cleveland Guardians,0,0,3.88,1,1,0,5.1,7,3,3,1,1,8,1.28
2025-09-21,Detroit Tigers,Atlanta Braves,0,1,3.91,1,1,0,5.2,5,3,3,1,3,5,1.28
2025-09-26,Boston Red Sox,Detroit Tigers,0,0,3.87,1,1,0,6.1,6,2,2,0,0,8,1.27
