Date,Home Tm,Away Tm,W,L,ERA,G,GS,SV,IP,H,R,ER,HR,BB,SO,WHIP
2025-03-29,New York Yankees,Milwaukee Brewers,0,0,18.0,1,0,0,1.0,2,2,2,1,1,1,3.0
2025-04-01,Milwaukee Brewers,Kansas City Royals,0,0,3.18,1,1,0,4.2,3,0,0,0,3,5,1.59
2025-04-06,Milwaukee Brewers,Cincinnati Reds,1,0,2.45,1,1,0,5.1,2,1,1,1,3,4,1.27
2025-04-12,Arizona Diamondbacks,Milwaukee Brewers,0,0,1.76,1,1,0,4.1,5,0,0,0,2,3,1.37
2025-04-19,Milwaukee Brewers,Athletics,0,1,2.11,1,1,0,6.0,7,2,2,1,0,7,1.31
2025-04-25,St. Louis Cardinals,Milwaukee Brewers,0,1,2.45,1,1,0,4.1,4,2,2,0,2,2,1.32
2025-05-01,Chicago White Sox,Milwaukee Brewers,0,1,2.87,1,1,0,5.2,6,3,3,0,0,4,1.28
2025-05-06,Milwaukee Brewers,Houston Astros,1,0,3.08,1,1,0,6.2,4,3,3,1,1,6,1.18
2025-05-11,Tampa Bay Rays,Milwaukee Brewers,0,0,3.19,1,1,0,4.1,6,2,2,0,2,4,1.25
2025-05-16,Milwaukee Brewers,Minnesota Twins,0,1,3.35,1,1,0,6.0,8,3,3,0,1,2,1.28
2025-05-21,Milwaukee Brewers,Baltimore Orioles,0,0,3.23,1,1,0,4.2,4,1,1,0,1,7,1.26
2025-05-26,Milwaukee Brewers,Boston Red Sox,0,0,2.97,1,1,0,4.2,3,0,0,0,2,6,1.25
2025-05-31,Philadelphia Phillies,Milwaukee Brewers,1,0,2.97,1,1,0,6.0,5,2,2,1,0,6,1.21
2025-06-06,Milwaukee Brewers,San Diego Padres,0,1,2.84,1,1,0,6.0,4,1,1,0,3,6,1.21
2025-06-11,Milwaukee Brewers,Atlanta Braves,0,1,3.25,1,1,0,5.0,7,5,5,2,3,8,1.26
2025-06-17,Chicago Cubs,Milwaukee Brewers,0,1,3.5,1,1,0,5.0,6,4,4,1,2,5,1.28
2025-06-23,Milwaukee Brewers,Pittsburgh Pirates,0,0,3.72,1,1,0,5.0,9,4,4,1,1,9,1.32
2025-06-29,Milwaukee Brewers,Colorado Rockies,0,0,3.51,1,1,0,5.0,4,0,0,0,2,8,1.32
2025-07-05,Miami Marlins,Milwaukee Brewers,0,0,3.52,1,1,0,5.0,4,2,2,1,1,2,1.3
2025-08-19,Chicago Cubs,Milwaukee Brewers,0,1,3.61,1,1,0,5.0,5,5,3,1,2,4,1.3
2025-08-24,Milwaukee Brewers,San Francisco Giants,0,0,3.6,1,1,0,5.1,4,2,2,1,2,7,1.3
2025-09-09,Texas Rangers,Milwaukee Brewers,0,0,3.7,1,1,0,4.1,3,3,3,1,3,6,1.3
2025-09-14,Milwaukee Brewers,St. Louis Cardinals,0,0,3.67,1,0,0,1.0,1,0,0,0,0,1,1.3
2025-09-16,Milwaukee Brewers,Los Angeles Angels,0,0,3.64,1,0,0,1.0,0,0,0,0,0,3,1.28
2025-09-20,St. Louis Cardinals,Milwaukee Brewers,0,0,3.66,1,1,0,4.1,5,2,2,0,0,3,1.28
2025-09-24,San Diego Padres,Milwaukee Brewers,0,0,3.56,1,1,0,3.0,2,0,0,0,2,6,1.28
2025-09-28,Milwaukee Brewers,Cincinnati Reds,0,0,3.53,1,0,0,1.0,0,0,0,0,1,2,1.28
