Date,Home Tm,Away Tm,W,L,ERA,G,GS,SV,IP,H,R,ER,HR,BB,SO,WHIP
2025-03-28,Toronto Blue Jays,Baltimore Orioles,0,1,10.8,1,1,0,3.1,7,4,4,0,1,3,2.4
2025-04-03,Baltimore Orioles,Boston Red Sox,0,1,9.72,1,1,0,5.0,6,5,5,2,2,10,1.92
2025-04-08,Arizona Diamondbacks,Baltimore Orioles,0,1,8.78,1,1,0,5.0,4,4,4,1,5,4,1.88
2025-04-15,Baltimore Orioles,Cleveland Guardians,0,1,8.84,1,1,0,5.0,7,5,5,1,3,2,1.91
2025-04-20,Baltimore Orioles,Cincinnati Reds,0,1,10.89,1,1,0,2.1,7,7,7,1,4,2,2.23
2025-04-26,Detroit Tigers,Baltimore Orioles,0,1,10.36,1,0,0,3.2,3,3,3,1,5,3,2.22
2025-04-29,Baltimore Orioles,New York Yankees,0,0,9.45,1,0,0,2.1,3,1,0,0,1,2,2.18
2025-05-04,Baltimore Orioles,Kansas City Royals,0,0,9.76,1,0,0,1.0,3,2,2,1,0,0,2.2
2025-05-07,Minnesota Twins,Baltimore Orioles,0,1,9.38,1,1,0,4.0,4,3,3,1,1,2,2.08
2025-05-10,Los Angeles Angels,Baltimore Orioles,0,0,8.82,1,0,0,2.0,0,0,0,0,0,2,1.96
2025-05-14,Baltimore Orioles,Minnesota Twins,0,0,8.35,1,0,0,3.0,2,1,1,1,1,4,1.88
2025-05-17,Baltimore Orioles,Washington Nationals,0,0,7.68,1,0,0,4.1,2,1,1,0,1,6,1.76
2025-05-26,Baltimore Orioles,St. Louis Cardinals,1,0,7.09,1,1,0,6.0,4,2,2,1,2,5,1.66
2025-06-01,Baltimore Orioles,Chicago White Sox,1,0,6.2,1,1,0,6.2,6,1,0,0,1,7,1.58
2025-06-07,Athletics,Baltimore Orioles,0,0,6.59,1,1,0,2.1,6,4,4,0,4,5,1.7
2025-06-13,Baltimore Orioles,Los Angeles Angels,1,0,6.05,1,1,0,5.0,5,0,0,0,1,10,1.66
2025-06-19,Tampa Bay Rays,Baltimore Orioles,1,0,5.64,1,1,0,6.0,6,1,1,0,0,7,1.6
2025-06-24,Baltimore Orioles,Texas Rangers,0,0,5.63,1,1,0,5.0,4,3,3,0,2,3,1.57
2025-07-04,Atlanta Braves,Baltimore Orioles,1,0,5.47,1,1,0,5.1,6,2,2,1,1,7,1.55
2025-07-10,Baltimore Orioles,New York Mets,0,0,5.18,1,1,0,6.0,4,1,1,0,3,4,1.52
2025-07-18,Tampa Bay Rays,Baltimore Orioles,0,1,5.58,1,1,0,5.1,8,7,7,2,3,4,1.56
2025-07-24,Cleveland Guardians,Baltimore Orioles,1,0,5.48,1,1,0,6.2,5,3,3,2,4,7,1.54
2025-07-29,Baltimore Orioles,Toronto Blue Jays,1,0,5.42,1,1,0,6.0,8,3,3,1,3,2,1.56
2025-08-03,Philadelphia Phillies,Detroit Tigers,0,1,5.2,1,1,0,6.0,4,1,1,0,1,6,1.52
2025-08-09,Detroit Tigers,Los Angeles Angels,0,1,5.48,1,1,0,4.1,7,6,6,2,1,10,1.53
2025-08-15,Minnesota Twins,Detroit Tigers,1,0,5.2,1,1,0,6.0,2,0,0,0,3,5,1.5
2025-08-20,Detroit Tigers,Houston Astros,1,0,5.09,1,1,0,6.0,3,2,2,1,3,8,1.47
2025-08-26,Athletics,Detroit Tigers,0,0,5.25,1,1,0,5.0,7,5,5,1,2,7,1.48
2025-09-01,Detroit Tigers,New York Mets,0,0,5.51,1,1,0,3.2,5,6,6,1,4,3,1.51
2025-09-07,Detroit Tigers,Chicago White Sox,0,0,5.59,1,1,0,3.0,4,3,3,1,3,2,1.53
2025-09-13,Miami Marlins,Detroit Tigers,0,0,5.56,1,1,0,4.0,3,2,2,0,4,4,1.54
2025-09-19,Detroit Tigers,Atlanta Braves,0,1,5.89,1,1,0,1.1,5,6,6,1,2,2,1.57
2025-09-28,Atlanta Braves,Pittsburgh Pirates,0,0,5.83,1,1,0,1.1,2,0,0,0,1,1,1.58
