Date,Home Tm,Away Tm,W,L,ERA,G,GS,SV,IP,H,R,ER,HR,BB,SO,WHIP
2025-04-06,Colorado Rockies,Athletics,1,0,7.2,1,1,0,5.0,7,4,4,2,1,6,1.6
2025-04-12,San Diego Padres,Colorado Rockies,0,1,5.06,1,1,0,5.2,3,2,2,2,2,7,1.22
2025-04-19,Colorado Rockies,Washington Nationals,0,1,7.36,1,1,0,4.0,9,9,6,4,2,5,1.64
2025-04-24,Kansas City Royals,Colorado Rockies,0,1,7.91,1,1,0,4.2,7,5,5,0,2,3,1.71
2025-04-30,Colorado Rockies,Atlanta Braves,1,0,6.48,1,1,0,5.2,2,1,1,0,3,4,1.52
2025-05-07,Colorado Rockies,Detroit Tigers,0,0,7.71,1,1,0,3.0,5,6,6,0,3,0,1.64
2025-05-12,Texas Rangers,Colorado Rockies,0,1,6.88,1,1,0,6.0,1,2,2,1,3,7,1.47
2025-05-18,Arizona Diamondbacks,Colorado Rockies,0,1,6.28,1,1,0,4.2,3,1,1,1,2,6,1.42
2025-06-03,Miami Marlins,Colorado Rockies,0,0,6.26,1,1,0,3.0,2,2,2,0,3,1,1.44
2025-06-08,Colorado Rockies,New York Mets,0,1,6.85,1,1,0,3.0,8,5,5,2,1,3,1.54
2025-06-14,Atlanta Braves,Colorado Rockies,0,1,6.57,1,1,0,6.0,6,4,3,1,3,4,1.54
2025-06-19,Washington Nationals,Colorado Rockies,0,0,6.19,1,1,0,6.0,6,2,2,1,0,2,1.48
2025-06-25,Colorado Rockies,Los Angeles Dodgers,0,1,6.06,1,1,0,5.2,3,3,3,0,2,1,1.43
2025-07-01,Colorado Rockies,Houston Astros,0,1,6.65,1,1,0,2.2,7,6,6,1,2,1,1.51
2025-07-06,Colorado Rockies,Chicago White Sox,0,0,6.68,1,1,0,3.2,5,3,3,0,4,2,1.56
2025-08-11,St. Louis Cardinals,Colorado Rockies,0,0,6.35,1,1,0,5.0,5,1,1,0,3,5,1.56
2025-08-16,Colorado Rockies,Arizona Diamondbacks,0,0,6.43,1,1,0,4.2,6,5,4,0,2,6,1.57
2025-08-21,Colorado Rockies,Los Angeles Dodgers,0,1,6.91,1,1,0,3.2,9,7,7,1,2,5,1.63
2025-08-27,Houston Astros,Colorado Rockies,0,1,6.55,1,1,0,6.0,3,1,1,0,4,7,1.6
2025-09-01,Colorado Rockies,San Francisco Giants,0,1,6.77,1,1,0,5.0,5,6,6,2,3,2,1.6
2025-09-08,Los Angeles Dodgers,Colorado Rockies,0,0,6.52,1,1,0,5.0,1,1,1,0,2,5,1.55
