Date,Home Tm,Away Tm,W,L,ERA,G,GS,SV,IP,H,R,ER,HR,BB,SO,WHIP
2025-06-24,Cincinnati Reds,New York Yankees,0,0,5.4,1,1,0,5.0,6,3,3,1,0,8,1.2
2025-06-30,Boston Red Sox,Cincinnati Reds,0,1,13.5,1,1,0,0.1,5,7,5,1,2,0,2.44
2025-07-06,Philadelphia Phillies,Cincinnati Reds,0,0,8.1,1,1,0,4.2,2,1,1,0,4,7,1.9
2025-07-11,Cincinnati Reds,Colorado Rockies,0,0,6.19,1,1,0,6.0,4,2,2,1,3,10,1.63
2025-07-22,Washington Nationals,Cincinnati Reds,0,1,6.65,1,1,0,5.2,7,6,5,1,2,10,1.62
2025-07-28,Cincinnati Reds,Los Angeles Dodgers,0,1,6.26,1,1,0,5.2,6,3,3,0,1,10,1.54
2025-08-02,Cincinnati Reds,Atlanta Braves,0,0,6.04,1,1,0,1.0,0,0,0,0,0,2,1.48
2025-08-08,Pittsburgh Pirates,Cincinnati Reds,0,0,5.24,1,1,0,6.0,3,1,1,0,1,10,1.34
2025-09-12,Athletics,Cincinnati Reds,0,0,5.2,1,0,0,2.0,3,1,1,1,0,1,1.35
2025-09-17,St. Louis Cardinals,Cincinnati Reds,0,0,4.93,1,0,0,2.0,2,0,0,0,1,1,1.36
2025-09-20,Cincinnati Reds,Chicago Cubs,0,0,4.99,1,0,0,1.1,3,1,1,0,0,1,1.39
2025-09-24,Cincinnati Reds,Pittsburgh Pirates,0,0,4.75,1,0,0,2.0,0,0,0,0,0,3,1.32
2025-09-28,Milwaukee Brewers,Cincinnati Reds,0,0,4.57,1,0,0,1.2,0,0,0,0,2,4,1.32
