Date,Home Tm,Away Tm,W,L,ERA,G,GS,SV,IP,H,R,ER,HR,BB,SO,WHIP
2025-03-27,San Diego Padres,Atlanta Braves,0,0,5.4,1,1,0,5.0,6,3,3,0,1,7,1.4
2025-04-01,Los Angeles Dodgers,Atlanta Braves,0,1,5.4,1,1,0,5.0,4,3,3,1,0,5,1.1
2025-04-08,Atlanta Braves,Philadelphia Phillies,0,0,6.75,1,1,0,4.2,9,5,5,1,0,5,1.36
2025-04-13,Tampa Bay Rays,Atlanta Braves,0,1,6.63,1,1,0,4.1,6,4,3,1,3,7,1.53
2025-04-19,Atlanta Braves,Minnesota Twins,0,0,6.17,1,1,0,4.1,6,2,2,1,3,8,1.63
2025-04-25,Arizona Diamondbacks,Atlanta Braves,1,0,5.4,1,1,0,5.0,5,1,1,0,2,4,1.59
2025-04-30,Colorado Rockies,Atlanta Braves,0,1,4.84,1,1,0,7.0,5,2,2,1,0,10,1.42
2025-05-06,Atlanta Braves,Cincinnati Reds,0,0,4.07,1,1,0,6.2,5,0,0,0,2,10,1.36
2025-05-11,Pittsburgh Pirates,Atlanta Braves,0,0,3.97,1,1,0,5.2,8,3,2,0,2,8,1.41
2025-05-16,Boston Red Sox,Atlanta Braves,1,0,3.62,1,1,0,7.0,5,1,1,1,2,8,1.35
2025-05-23,Atlanta Braves,San Diego Padres,0,0,3.36,1,1,0,7.0,4,1,1,1,1,6,1.28
2025-05-29,Philadelphia Phillies,Atlanta Braves,1,0,3.06,1,1,0,6.0,2,0,0,0,3,8,1.24
2025-06-04,Atlanta Braves,Arizona Diamondbacks,0,1,2.93,1,1,0,6.0,3,1,1,0,4,10,1.24
2025-06-09,Milwaukee Brewers,Atlanta Braves,1,0,2.79,1,1,0,7.0,5,1,1,0,2,11,1.21
2025-06-18,Atlanta Braves,New York Mets,1,0,2.52,1,1,0,8.2,5,0,0,0,1,7,1.16
2025-08-30,Philadelphia Phillies,Atlanta Braves,0,0,2.45,1,1,0,6.0,3,1,1,1,1,9,1.13
2025-09-05,Atlanta Braves,Seattle Mariners,0,0,2.38,1,1,0,6.2,4,1,1,0,0,9,1.1
2025-09-10,Atlanta Braves,Chicago Cubs,0,1,2.52,1,1,0,5.0,7,3,3,1,1,9,1.12
2025-09-16,Washington Nationals,Atlanta Braves,0,0,2.35,1,1,0,8.0,3,0,0,0,0,9,1.07
2025-09-22,Atlanta Braves,Washington Nationals,1,0,2.63,1,1,0,5.0,3,5,5,2,2,6,1.07
2025-09-28,Atlanta Braves,Pittsburgh Pirates,1,0,2.58,1,0,0,5.2,4,1,1,0,2,9,1.07
