Date,Home Tm,Away Tm,W,L,ERA,G,GS,SV,IP,H,R,ER,HR,BB,SO,WHIP
2025-03-31,Chicago White Sox,Minnesota Twins,0,1,24.3,1,1,0,3.1,6,9,9,3,4,2,3.0
2025-04-06,Minnesota Twins,Houston Astros,0,0,14.73,1,1,0,4.0,7,4,3,0,2,2,2.59
2025-04-12,Minnesota Twins,Detroit Tigers,0,1,9.49,1,1,0,5.0,2,2,1,0,2,5,1.86
2025-04-18,Atlanta Braves,Minnesota Twins,0,0,7.27,1,1,0,5.0,3,1,1,1,1,6,1.56
2025-04-24,Minnesota Twins,Chicago White Sox,0,1,6.45,1,1,0,5.0,5,2,2,1,4,5,1.61
2025-04-29,Cleveland Guardians,Minnesota Twins,0,0,5.6,1,1,0,5.0,4,1,1,1,1,2,1.5
2025-05-04,Boston Red Sox,Minnesota Twins,0,0,5.57,1,1,0,5.0,5,3,3,0,2,2,1.48
2025-05-09,Minnesota Twins,San Francisco Giants,1,0,4.76,1,1,0,7.1,3,1,1,1,0,6,1.29
2025-05-15,Baltimore Orioles,Minnesota Twins,1,0,4.05,1,1,0,7.0,3,0,0,0,1,3,1.18
2025-05-21,Minnesota Twins,Cleveland Guardians,0,1,3.98,1,1,0,5.1,7,2,2,0,2,2,1.23
2025-05-26,Tampa Bay Rays,Minnesota Twins,0,1,3.92,1,1,0,5.1,5,2,2,0,0,5,1.2
2025-06-01,Seattle Mariners,Minnesota Twins,0,0,3.58,1,1,0,8.0,4,1,1,1,1,10,1.13
2025-06-07,Minnesota Twins,Toronto Blue Jays,0,0,3.53,1,1,0,6.0,4,2,2,1,2,2,1.12
2025-06-13,Houston Astros,Minnesota Twins,0,1,4.3,1,1,0,4.0,12,9,8,1,1,1,1.23
2025-06-19,Cincinnati Reds,Minnesota Twins,1,0,4.48,1,1,0,5.0,6,4,4,1,0,3,1.23
2025-06-24,Minnesota Twins,Seattle Mariners,0,0,4.64,1,1,0,5.0,5,5,4,0,1,4,1.23
2025-06-29,Detroit Tigers,Minnesota Twins,0,1,4.7,1,1,0,4.2,6,3,3,2,0,3,1.23
2025-07-04,Minnesota Twins,Tampa Bay Rays,0,0,4.64,1,1,0,5.0,5,2,2,0,0,5,1.22
2025-07-10,Minnesota Twins,Chicago Cubs,0,1,4.95,1,1,0,5.0,11,6,6,1,1,2,1.28
2025-07-18,Colorado Rockies,Minnesota Twins,0,1,5.14,1,1,0,5.0,8,5,5,2,2,5,1.31
2025-07-23,Los Angeles Dodgers,Minnesota Twins,0,0,4.95,1,1,0,6.0,4,1,1,1,0,8,1.28
2025-07-30,Detroit Tigers,Arizona Diamondbacks,1,0,4.77,1,1,0,6.0,3,1,1,0,0,5,1.24
2025-08-05,Detroit Tigers,Minnesota Twins,0,1,4.91,1,1,0,4.0,6,4,4,2,0,0,1.25
2025-08-11,Chicago White Sox,Detroit Tigers,0,0,4.76,1,1,0,5.2,3,1,1,1,1,4,1.22
2025-08-17,Minnesota Twins,Detroit Tigers,0,1,5.1,1,1,0,5.2,9,8,8,3,3,4,1.26
2025-08-23,Detroit Tigers,Kansas City Royals,1,0,4.98,1,1,0,5.0,5,1,1,0,1,1,1.26
2025-08-29,Kansas City Royals,Detroit Tigers,0,0,5.04,1,1,0,3.2,5,3,3,2,0,0,1.26
2025-09-02,Detroit Tigers,New York Mets,0,0,5.37,1,0,0,1.1,8,6,6,2,0,1,1.31
2025-09-09,New York Yankees,Detroit Tigers,0,0,5.26,1,0,1,3.0,0,0,0,0,0,4,1.28
2025-09-12,Miami Marlins,Detroit Tigers,0,0,5.34,1,0,0,3.0,2,3,3,1,1,2,1.27
2025-09-17,Detroit Tigers,Cleveland Guardians,0,0,5.33,1,0,0,0.1,0,0,0,0,0,1,1.27
2025-09-19,Detroit Tigers,Atlanta Braves,0,0,5.27,1,0,0,5.0,3,2,2,1,0,2,1.25
2025-09-28,Boston Red Sox,Detroit Tigers,0,1,5.35,1,1,0,4.1,7,4,4,2,4,5,1.28
