Date,Home Tm,Away Tm,W,L,ERA,G,GS,SV,IP,H,R,ER,HR,BB,SO,WHIP
2025-04-30,New York Mets,Arizona Diamondbacks,0,0,9.0,1,0,0,2.0,2,2,2,0,1,2,1.5
2025-05-31,New York Mets,Colorado Rockies,0,0,6.0,1,0,0,1.0,1,0,0,0,0,1,1.33
2025-06-21,Philadelphia Phillies,New York Mets,0,0,4.5,1,0,0,1.0,0,0,0,0,0,1,1.0
2025-06-22,Philadelphia Phillies,New York Mets,0,0,3.6,1,0,0,1.0,0,0,0,0,0,1,0.8
2025-07-05,New York Mets,New York Yankees,0,0,3.38,1,0,0,0.1,1,0,0,0,0,0,0.94
2025-07-06,New York Mets,New York Yankees,0,0,2.45,1,1,0,2.0,1,0,0,0,0,2,0.82
2025-07-11,Kansas City Royals,New York Mets,0,0,2.16,1,0,0,1.0,0,0,0,0,0,0,0.72
2025-07-12,Kansas City Royals,New York Mets,0,0,1.93,1,0,0,1.0,0,0,0,0,1,0,0.75
2025-07-19,New York Mets,Cincinnati Reds,0,0,1.74,1,0,0,1.0,0,0,0,0,0,1,0.68
2025-07-21,New York Mets,Los Angeles Angels,0,0,2.38,1,0,0,1.0,2,1,1,0,1,1,0.88
2025-07-29,San Diego Padres,New York Mets,0,0,2.84,1,0,0,1.1,1,1,1,1,1,0,0.95
2025-08-30,New York Mets,Miami Marlins,0,0,2.3,1,0,0,3.0,0,0,0,0,1,3,0.83
2025-09-19,New York Mets,Washington Nationals,0,0,2.16,1,0,0,1.0,2,0,0,0,0,2,0.9
