Date,Home Tm,Away Tm,W,L,ERA,G,GS,SV,IP,H,R,ER,HR,BB,SO,WHIP
2025-03-30,Toronto Blue Jays,Baltimore Orioles,1,0,1.5,1,1,0,6.0,8,1,1,0,2,7,1.67
2025-04-05,New York Mets,Toronto Blue Jays,0,0,0.71,1,1,0,6.2,4,0,0,0,0,9,1.11
2025-04-10,Boston Red Sox,Toronto Blue Jays,0,0,0.98,1,1,0,5.2,5,1,1,0,1,5,1.09
2025-04-16,Toronto Blue Jays,Atlanta Braves,1,0,0.77,1,1,0,5.0,3,0,0,0,2,10,1.07
2025-04-22,Houston Astros,Toronto Blue Jays,0,1,1.88,1,1,0,5.1,7,4,4,0,1,3,1.15
2025-04-27,New York Yankees,Toronto Blue Jays,0,1,2.62,1,1,0,5.2,6,4,4,2,1,5,1.17
2025-05-02,Toronto Blue Jays,Cleveland Guardians,0,0,2.95,1,1,0,5.1,7,3,3,2,0,4,1.18
2025-05-08,Los Angeles Angels,Toronto Blue Jays,1,0,3.35,1,1,0,6.0,8,5,4,2,1,6,1.23
2025-05-14,Toronto Blue Jays,Tampa Bay Rays,0,0,3.16,1,1,0,5.2,7,1,1,0,2,6,1.27
2025-05-20,Toronto Blue Jays,San Diego Padres,1,0,2.83,1,1,0,6.0,4,0,0,0,1,6,1.22
2025-05-25,Tampa Bay Rays,Toronto Blue Jays,0,1,3.38,1,1,0,4.0,9,5,5,1,2,2,1.32
2025-05-30,Toronto Blue Jays,Athletics,1,0,3.8,1,1,0,5.0,7,5,5,2,2,6,1.36
2025-06-05,Toronto Blue Jays,Philadelphia Phillies,1,0,3.56,1,1,0,7.0,5,1,1,0,2,6,1.32
2025-06-10,St. Louis Cardinals,Toronto Blue Jays,1,0,3.7,1,1,0,7.0,6,4,4,1,2,3,1.31
2025-06-17,Toronto Blue Jays,Arizona Diamondbacks,0,0,3.75,1,1,0,6.0,6,3,3,0,1,5,1.3
2025-06-22,Toronto Blue Jays,Chicago White Sox,0,0,3.61,1,1,0,6.0,3,1,1,0,1,7,1.26
2025-06-28,Boston Red Sox,Toronto Blue Jays,0,1,4.29,1,1,0,2.0,8,9,8,1,4,3,1.36
2025-07-03,Toronto Blue Jays,New York Yankees,1,0,4.32,1,1,0,5.2,8,3,3,1,3,9,1.39
2025-07-08,Chicago White Sox,Toronto Blue Jays,1,0,4.16,1,1,0,6.0,4,1,1,1,1,1,1.36
2025-07-13,Athletics,Toronto Blue Jays,0,0,4.12,1,0,0,1.0,0,0,0,0,0,1,1.35
2025-07-18,Toronto Blue Jays,San Francisco Giants,1,0,3.89,1,1,0,6.1,10,0,0,0,0,5,1.36
2025-07-23,Toronto Blue Jays,New York Yankees,1,0,3.88,1,1,0,7.1,3,4,3,3,0,8,1.3
2025-07-28,Baltimore Orioles,Toronto Blue Jays,0,1,4.24,1,1,0,2.1,7,6,6,2,1,4,1.34
2025-08-03,Toronto Blue Jays,Kansas City Royals,0,0,4.12,1,1,0,6.0,1,1,1,0,3,5,1.31
2025-08-09,Los Angeles Dodgers,Toronto Blue Jays,0,1,4.17,1,1,0,4.2,6,3,3,2,2,2,1.32
2025-08-15,Toronto Blue Jays,Texas Rangers,0,0,4.22,1,1,0,5.0,4,3,3,1,4,4,1.33
2025-08-20,Pittsburgh Pirates,Toronto Blue Jays,0,1,4.18,1,1,0,5.2,6,2,2,0,2,10,1.34
2025-08-26,Toronto Blue Jays,Minnesota Twins,0,0,4.14,1,1,0,5.2,4,2,2,1,3,6,1.33
2025-09-01,Cincinnati Reds,Toronto Blue Jays,0,0,4.1,1,1,0,6.0,5,2,2,0,2,6,1.33
2025-09-06,New York Yankees,Toronto Blue Jays,0,1,3.97,1,1,0,5.0,3,2,0,0,3,3,1.32
2025-09-12,Toronto Blue Jays,Baltimore Orioles,0,0,3.9,1,1,0,5.0,2,1,1,0,1,6,1.3
2025-09-18,Tampa Bay Rays,Toronto Blue Jays,0,1,3.96,1,1,0,4.1,8,3,3,0,2,3,1.33
