Date,Home Tm,Away Tm,W,L,ERA,G,GS,SV,IP,H,R,ER,HR,BB,SO,WHIP
2025-05-02,Milwaukee Brewers,Chicago Cubs,0,0,0.0,1,0,1,3.0,1,0,0,0,2,4,1.0
2025-05-06,Chicago Cubs,San Francisco Giants,0,0,0.0,1,0,0,1.0,1,0,0,0,0,1,1.0
2025-05-07,Chicago Cubs,San Francisco Giants,0,0,0.0,1,0,0,1.0,1,0,0,0,0,0,1.0
2025-05-13,Chicago Cubs,Miami Marlins,1,0,0.0,1,0,0,2.0,1,0,0,0,1,1,1.0
2025-05-20,Miami Marlins,Chicago Cubs,0,0,0.0,1,0,0,2.0,2,0,0,0,0,0,1.0
2025-05-23,Cincinnati Reds,Chicago Cubs,1,0,0.0,1,0,0,1.1,0,0,0,0,0,0,0.87
2025-05-27,Chicago Cubs,Colorado Rockies,1,0,0.0,1,0,0,2.0,1,1,0,0,0,1,0.81
2025-05-30,Chicago Cubs,Cincinnati Reds,0,0,0.0,1,0,0,2.0,0,0,0,0,1,1,0.77
2025-06-08,Detroit Tigers,Chicago Cubs,0,0,0.0,1,0,0,2.0,3,0,0,0,0,2,0.86
2025-06-10,Philadelphia Phillies,Chicago Cubs,0,0,0.0,1,0,0,1.0,0,0,0,0,1,0,0.87
2025-06-15,Chicago Cubs,Pittsburgh Pirates,1,0,0.0,1,0,0,1.0,0,0,0,0,0,0,0.82
2025-06-19,Chicago Cubs,Milwaukee Brewers,0,0,0.0,1,0,0,3.0,1,0,0,0,1,3,0.8
2025-06-22,Chicago Cubs,Seattle Mariners,0,0,0.78,1,0,0,1.2,2,2,2,1,1,0,0.87
2025-06-24,St. Louis Cardinals,Chicago Cubs,0,0,0.75,1,0,0,1.0,1,0,0,0,0,0,0.88
2025-06-27,Houston Astros,Chicago Cubs,0,0,0.64,1,0,0,4.0,2,0,0,0,1,1,0.86
2025-07-03,Chicago Cubs,Cleveland Guardians,1,0,0.62,1,0,0,1.0,0,0,0,0,0,1,0.83
2025-07-05,Chicago Cubs,St. Louis Cardinals,0,0,0.83,1,0,0,3.2,4,1,1,1,0,2,0.86
2025-07-11,New York Yankees,Chicago Cubs,0,1,1.47,1,1,0,4.0,3,3,3,1,3,2,0.93
2025-07-21,Chicago Cubs,Kansas City Royals,0,0,2.5,1,0,0,3.0,7,5,5,2,1,0,1.06
2025-07-25,Chicago White Sox,Chicago Cubs,0,0,2.81,1,0,0,2.0,5,4,2,1,0,2,1.13
2025-07-28,Milwaukee Brewers,Chicago Cubs,0,0,3.09,1,0,0,2.0,3,2,2,1,0,1,1.15
