Date,Home Tm,Away Tm,W,L,ERA,G,GS,SV,IP,H,R,ER,HR,BB,SO,WHIP
2025-04-16,New York Yankees,Kansas City Royals,0,0,4.76,1,1,0,5.2,4,3,3,0,2,2,1.06
2025-04-21,Cleveland Guardians,New York Yankees,0,1,7.45,1,1,0,4.0,7,5,5,2,3,7,1.66
2025-04-27,New York Yankees,Toronto Blue Jays,0,0,5.52,1,1,0,5.0,1,1,1,1,4,6,1.43
2025-05-06,New York Yankees,San Diego Padres,0,0,4.79,1,1,0,6.0,7,2,2,0,1,4,1.4
2025-05-12,Seattle Mariners,New York Yankees,1,0,4.73,1,1,0,6.0,3,3,3,2,2,6,1.28
2025-05-17,New York Yankees,New York Mets,0,0,4.41,1,1,0,6.0,3,2,2,0,5,5,1.29
2025-05-23,Colorado Rockies,New York Yankees,0,1,4.58,1,1,0,4.2,6,3,3,0,2,8,1.34
2025-05-28,Los Angeles Angels,New York Yankees,1,0,3.95,1,1,0,6.0,4,0,0,0,1,4,1.27
2025-06-04,New York Yankees,Cleveland Guardians,0,1,4.04,1,1,0,5.2,7,3,3,1,1,8,1.29
2025-06-11,Kansas City Royals,New York Yankees,1,0,3.6,1,1,0,6.0,2,0,0,0,3,7,1.24
2025-06-16,New York Yankees,Los Angeles Angels,0,0,3.16,1,1,0,7.2,4,0,0,0,0,3,1.15
2025-06-21,New York Yankees,Baltimore Orioles,1,0,2.84,1,1,0,7.0,0,0,0,0,2,5,1.06
2025-06-28,New York Yankees,Athletics,0,1,3.09,1,1,0,6.0,4,4,4,2,2,7,1.06
2025-07-03,Toronto Blue Jays,New York Yankees,0,0,3.32,1,1,0,3.0,4,3,3,1,2,1,1.09
