Date,Home Tm,Away Tm,W,L,ERA,G,GS,SV,IP,H,R,ER,HR,BB,SO,WHIP
2025-05-17,Los Angeles Dodgers,Los Angeles Angels,0,0,11.25,1,1,0,4.0,5,5,5,1,3,2,2.0
2025-05-23,New York Mets,Los Angeles Dodgers,0,0,7.5,1,1,0,2.0,0,0,0,0,1,1,1.5
2025-05-28,Cleveland Guardians,Los Angeles Dodgers,0,0,4.91,1,1,0,5.0,6,1,1,0,2,3,1.55
2025-06-03,Los Angeles Dodgers,New York Mets,0,0,5.17,1,1,0,4.2,6,5,3,1,3,2,1.66
2025-06-08,St. Louis Cardinals,Los Angeles Dodgers,1,0,4.35,1,1,0,5.0,6,1,1,0,0,7,1.55
2025-06-14,Los Angeles Dodgers,San Francisco Giants,1,0,3.25,1,1,0,7.0,3,0,0,0,1,5,1.3
2025-06-20,Los Angeles Dodgers,Washington Nationals,1,0,3.31,1,1,0,5.0,5,2,2,2,2,4,1.32
2025-06-26,Colorado Rockies,Los Angeles Dodgers,1,0,3.03,1,1,0,6.0,2,1,1,1,1,5,1.19
2025-07-02,Los Angeles Dodgers,Chicago White Sox,0,0,3.43,1,1,0,6.0,9,4,4,1,1,3,1.25
2025-07-08,Milwaukee Brewers,Los Angeles Dodgers,0,1,3.38,1,1,0,6.0,6,2,2,0,1,3,1.24
2025-07-20,Los Angeles Dodgers,Milwaukee Brewers,0,0,3.27,1,1,0,4.1,5,3,1,0,1,2,1.25
2025-07-26,Boston Red Sox,Los Angeles Dodgers,0,1,3.62,1,1,0,4.2,6,4,4,0,2,2,1.29
2025-08-01,Tampa Bay Rays,Los Angeles Dodgers,1,0,3.29,1,1,0,6.0,5,0,0,0,0,3,1.25
2025-08-08,Los Angeles Dodgers,Toronto Blue Jays,1,0,3.14,1,1,0,6.0,7,1,1,0,1,4,1.26
2025-08-15,Los Angeles Dodgers,San Diego Padres,1,0,3.01,1,1,0,6.0,2,1,1,1,1,3,1.2
2025-08-21,Colorado Rockies,Los Angeles Dodgers,1,0,3.13,1,1,0,5.2,6,3,3,0,1,3,1.2
2025-08-26,Los Angeles Dodgers,Cincinnati Reds,1,0,3.06,1,1,0,5.0,2,1,1,0,0,6,1.15
2025-09-02,Pittsburgh Pirates,Los Angeles Dodgers,0,0,3.28,1,1,0,5.0,4,4,4,0,4,3,1.18
2025-09-07,Baltimore Orioles,Los Angeles Dodgers,1,0,3.27,1,1,0,5.2,4,2,2,0,1,8,1.16
2025-09-13,San Francisco Giants,Los Angeles Dodgers,0,0,3.53,1,1,0,3.0,5,4,4,0,4,2,1.22
2025-09-19,Los Angeles Dodgers,San Francisco Giants,0,0,3.55,1,1,0,4.1,4,2,2,1,4,6,1.24
2025-09-24,Arizona Diamondbacks,Los Angeles Dodgers,0,0,3.52,1,0,0,1.0,0,0,0,0,0,0,1.23
2025-09-28,Seattle Mariners,Los Angeles Dodgers,1,0,3.36,1,1,0,5.1,4,0,0,0,1,7,1.22
