Date,Home Tm,Away Tm,W,L,ERA,G,GS,SV,IP,H,R,ER,HR,BB,SO,WHIP
2025-03-27,Houston Astros,New York Mets,0,1,3.86,1,1,0,4.2,5,3,2,0,4,4,1.93
2025-04-02,Miami Marlins,New York Mets,0,0,2.89,1,1,0,4.2,6,2,1,0,2,6,1.82
2025-04-08,New York Mets,Miami Marlins,1,0,4.3,1,1,0,5.1,5,4,4,0,3,10,1.7
2025-04-14,Minnesota Twins,New York Mets,1,0,3.66,1,1,0,5.0,2,1,1,0,2,8,1.47
2025-04-20,New York Mets,St. Louis Cardinals,0,0,3.16,1,1,0,6.0,4,1,1,0,2,6,1.36
2025-04-26,Washington Nationals,New York Mets,1,0,2.64,1,1,0,5.0,4,0,0,0,0,2,1.27
2025-05-02,St. Louis Cardinals,New York Mets,1,0,2.95,1,1,0,6.0,8,3,3,0,0,3,1.28
2025-05-09,New York Mets,Chicago Cubs,1,0,2.74,1,1,0,6.0,3,1,1,1,3,5,1.24
2025-05-14,New York Mets,Pittsburgh Pirates,0,1,3.14,1,1,0,6.0,7,4,4,2,1,4,1.25
2025-05-20,Boston Red Sox,New York Mets,0,1,3.13,1,1,0,6.0,4,2,2,2,3,5,1.24
2025-05-26,New York Mets,Chicago White Sox,0,0,2.98,1,1,0,5.2,4,1,1,0,3,3,1.24
2025-06-01,New York Mets,Colorado Rockies,1,0,3.07,1,1,0,7.0,3,3,3,2,0,3,1.16
2025-06-07,Colorado Rockies,New York Mets,1,0,2.95,1,1,0,6.0,9,1,1,1,0,6,1.19
2025-06-13,New York Mets,Tampa Bay Rays,0,0,2.87,1,1,0,5.0,3,1,1,1,2,3,1.17
2025-06-19,Atlanta Braves,New York Mets,0,1,3.04,1,1,0,4.2,4,3,3,0,6,5,1.23
2025-06-25,New York Mets,Atlanta Braves,1,0,2.97,1,1,0,5.0,3,1,1,1,4,2,1.24
2025-07-02,New York Mets,Milwaukee Brewers,0,0,2.99,1,1,0,5.1,3,2,2,1,4,1,1.24
2025-07-08,Baltimore Orioles,New York Mets,0,0,3.29,1,1,0,5.0,7,5,5,0,1,5,1.26
2025-07-13,Kansas City Royals,New York Mets,0,0,3.31,1,1,0,5.0,5,2,2,0,1,2,1.26
2025-07-19,New York Mets,Cincinnati Reds,0,1,3.48,1,1,0,5.1,6,5,4,0,2,3,1.27
2025-07-25,San Francisco Giants,New York Mets,1,0,3.4,1,1,0,5.0,6,1,1,0,1,2,1.28
2025-07-30,San Diego Padres,New York Mets,0,1,3.45,1,1,0,3.2,8,4,2,1,2,3,1.32
2025-08-05,New York Mets,Cleveland Guardians,0,0,3.46,1,1,0,5.0,3,2,2,0,1,6,1.3
2025-08-12,New York Mets,Atlanta Braves,0,0,3.71,1,1,0,3.2,6,5,5,0,5,4,1.35
2025-08-17,New York Mets,Seattle Mariners,1,0,3.64,1,1,0,5.0,5,1,1,0,1,4,1.34
2025-08-23,Atlanta Braves,New York Mets,1,0,3.6,1,1,0,6.1,3,2,2,0,2,4,1.32
2025-08-28,New York Mets,Miami Marlins,0,0,3.6,1,1,0,5.0,5,4,2,0,1,2,1.31
2025-09-03,Detroit Tigers,New York Mets,0,1,3.61,1,1,0,4.2,5,3,2,0,3,6,1.33
2025-09-10,Philadelphia Phillies,New York Mets,0,1,3.75,1,1,0,4.0,6,4,4,0,3,5,1.35
2025-09-16,New York Mets,San Diego Padres,0,0,3.77,1,1,0,4.0,3,2,2,2,1,2,1.34
2025-09-21,New York Mets,Washington Nationals,0,0,3.69,1,0,0,3.2,4,0,0,0,0,3,1.34
2025-09-24,Chicago Cubs,New York Mets,0,0,3.66,1,0,0,1.0,0,1,0,0,0,0,1.33
2025-09-27,Miami Marlins,New York Mets,1,0,3.53,1,1,0,6.0,1,0,0,0,3,2,1.3
