Date,Home Tm,Away Tm,W,L,ERA,G,GS,SV,IP,H,R,ER,HR,BB,SO,WHIP
2025-03-27,St. Louis Cardinals,Minnesota Twins,0,0,0.0,1,0,0,1.0,0,0,0,0,0,1,0.0
2025-04-01,Chicago White Sox,Minnesota Twins,0,0,0.0,1,0,0,1.0,1,0,0,0,0,1,0.5
2025-04-05,Minnesota Twins,Houston Astros,1,0,0.0,1,0,0,1.0,0,0,0,0,0,2,0.33
2025-04-06,Minnesota Twins,Houston Astros,0,0,0.0,1,0,0,1.0,0,0,0,0,0,1,0.25
2025-04-08,Kansas City Royals,Minnesota Twins,0,0,0.0,1,0,0,0.1,0,0,0,0,1,0,0.46
2025-04-10,Kansas City Royals,Minnesota Twins,0,1,3.6,1,0,0,0.2,2,2,2,0,0,1,0.8
2025-04-13,Minnesota Twins,Detroit Tigers,0,0,3.0,1,0,0,1.0,0,0,0,0,1,0,0.83
2025-04-15,Minnesota Twins,New York Mets,0,0,2.7,1,0,0,0.2,0,0,0,0,1,0,0.9
2025-04-16,Minnesota Twins,New York Mets,1,0,2.35,1,0,0,1.0,0,0,0,0,1,0,0.91
2025-04-18,Atlanta Braves,Minnesota Twins,0,0,3.24,1,0,0,0.2,2,1,1,0,0,1,1.08
2025-04-23,Minnesota Twins,Chicago White Sox,0,0,3.86,1,0,0,1.0,1,1,1,0,1,1,1.18
2025-04-25,Minnesota Twins,Los Angeles Angels,0,0,4.35,1,0,0,1.0,1,1,1,1,0,0,1.16
2025-05-01,Cleveland Guardians,Minnesota Twins,0,0,3.86,1,0,0,1.1,0,0,0,0,1,1,1.11
2025-05-03,Boston Red Sox,Minnesota Twins,0,0,3.55,1,0,0,1.0,2,0,0,0,0,1,1.18
2025-05-06,Minnesota Twins,Baltimore Orioles,0,0,3.29,1,0,0,1.0,1,0,0,0,0,1,1.17
2025-05-08,Minnesota Twins,Baltimore Orioles,0,0,3.07,1,0,0,1.0,2,0,0,0,0,1,1.23
2025-05-10,Minnesota Twins,San Francisco Giants,0,0,2.87,1,0,0,1.0,1,0,0,0,0,0,1.21
2025-05-14,Baltimore Orioles,Minnesota Twins,0,0,2.7,1,0,1,1.0,0,0,0,0,0,0,1.14
2025-05-16,Milwaukee Brewers,Minnesota Twins,0,0,2.55,1,0,1,1.0,0,0,0,0,0,2,1.08
2025-05-18,Milwaukee Brewers,Minnesota Twins,0,0,2.29,1,0,0,2.0,0,0,0,0,0,1,0.97
2025-05-21,Minnesota Twins,Cleveland Guardians,0,0,2.61,1,0,0,1.0,1,1,1,1,0,1,0.97
2025-05-23,Minnesota Twins,Kansas City Royals,1,0,2.49,1,0,0,1.0,0,0,0,0,0,0,0.92
2025-05-25,Minnesota Twins,Kansas City Royals,0,0,2.38,1,0,0,1.0,1,0,0,0,0,1,0.93
2025-05-28,Tampa Bay Rays,Minnesota Twins,0,0,2.28,1,0,0,1.0,0,0,0,0,0,1,0.89
2025-05-30,Seattle Mariners,Minnesota Twins,0,0,2.92,1,0,0,1.0,3,2,2,1,0,0,0.97
2025-05-31,Seattle Mariners,Minnesota Twins,0,1,2.88,1,0,0,0.1,0,1,0,0,0,0,0.96
2025-06-03,Athletics,Minnesota Twins,0,0,3.12,1,0,0,1.0,2,1,1,0,1,1,1.04
2025-06-06,Minnesota Twins,Toronto Blue Jays,0,0,3.0,1,0,0,1.0,0,0,0,0,0,0,1.0
2025-06-08,Minnesota Twins,Toronto Blue Jays,0,0,2.89,1,0,0,1.0,0,0,0,0,0,0,0.96
2025-06-12,Minnesota Twins,Texas Rangers,0,0,4.03,1,0,0,1.0,4,4,4,0,0,2,1.07
2025-06-15,Houston Astros,Minnesota Twins,0,1,3.94,1,0,0,0.2,1,1,0,0,0,1,1.08
2025-06-17,Cincinnati Reds,Minnesota Twins,0,0,3.82,1,0,0,1.0,0,0,0,0,1,2,1.08
2025-06-19,Cincinnati Reds,Minnesota Twins,0,0,4.02,1,0,0,0.2,2,1,1,0,0,0,1.12
2025-06-21,Minnesota Twins,Milwaukee Brewers,0,0,4.64,1,0,0,1.2,6,5,3,0,1,0,1.27
2025-06-26,Minnesota Twins,Seattle Mariners,0,0,4.76,1,0,0,1.0,3,1,1,0,0,1,1.32
2025-06-28,Detroit Tigers,Minnesota Twins,0,0,4.67,1,0,0,0.2,1,0,0,0,0,1,1.33
2025-07-04,Minnesota Twins,Tampa Bay Rays,0,0,4.63,1,0,0,0.1,0,0,0,0,0,1,1.31
2025-07-05,Minnesota Twins,Tampa Bay Rays,0,0,4.5,1,1,0,1.0,0,0,0,0,0,2,1.28
2025-07-08,Minnesota Twins,Chicago Cubs,0,0,4.38,1,0,0,1.0,0,0,0,0,0,0,1.24
2025-07-12,Minnesota Twins,Pittsburgh Pirates,0,0,4.15,1,1,0,2.0,0,0,0,0,0,0,1.18
2025-07-18,Colorado Rockies,Minnesota Twins,0,0,4.28,1,0,0,1.0,3,1,1,0,1,1,1.25
2025-07-21,Los Angeles Dodgers,Minnesota Twins,0,0,4.29,1,0,0,2.0,2,1,1,1,0,2,1.24
2025-07-27,Minnesota Twins,Washington Nationals,0,0,4.3,1,1,0,2.0,3,1,1,1,0,2,1.25
2025-07-29,Minnesota Twins,Boston Red Sox,0,0,4.2,1,0,0,1.0,0,0,0,0,0,0,1.22
2025-07-30,Minnesota Twins,Boston Red Sox,0,0,4.11,1,0,0,1.0,0,0,0,0,1,2,1.22
2025-08-01,Cleveland Guardians,Minnesota Twins,0,0,4.02,1,0,0,1.0,0,0,0,0,0,1,1.19
2025-08-03,Cleveland Guardians,Minnesota Twins,0,0,3.94,1,0,0,1.0,0,0,0,0,1,2,1.19
2025-08-05,Detroit Tigers,Minnesota Twins,0,0,4.22,1,0,0,1.0,3,2,2,0,0,2,1.22
2025-08-08,Minnesota Twins,Kansas City Royals,0,0,4.17,1,0,0,0.2,0,0,0,0,1,0,1.23
2025-08-10,Minnesota Twins,Kansas City Royals,0,0,4.5,1,0,0,0.1,2,2,2,1,0,0,1.26
2025-08-12,New York Yankees,Minnesota Twins,0,0,4.59,1,0,0,1.0,1,1,1,0,0,0,1.25
2025-08-14,Minnesota Twins,Detroit Tigers,0,0,4.42,1,0,0,2.0,1,0,0,0,1,1,1.25
2025-08-17,Minnesota Twins,Detroit Tigers,0,0,4.33,1,0,0,1.0,0,0,0,0,0,3,1.22
2025-08-20,Minnesota Twins,Athletics,0,0,4.25,1,0,0,1.0,0,0,0,0,0,1,1.2
2025-08-22,Chicago White Sox,Minnesota Twins,0,0,4.18,1,0,0,1.0,0,0,0,0,0,1,1.18
2025-08-26,Toronto Blue Jays,Minnesota Twins,0,0,4.11,1,0,0,1.0,1,0,0,0,1,2,1.19
2025-08-27,Toronto Blue Jays,Minnesota Twins,0,0,4.03,1,0,0,1.0,1,0,0,0,0,3,1.19
2025-08-29,Minnesota Twins,San Diego Padres,0,0,3.97,1,0,0,1.0,0,0,0,0,0,2,1.17
2025-09-03,Minnesota Twins,Chicago White Sox,0,0,3.84,1,0,0,2.0,0,0,0,0,0,4,1.13
2025-09-07,Kansas City Royals,Minnesota Twins,0,0,3.73,1,0,0,1.2,0,0,0,0,1,0,1.12
2025-09-10,Los Angeles Angels,Minnesota Twins,0,1,3.78,1,0,0,1.2,1,1,1,0,0,0,1.1
2025-09-12,Minnesota Twins,Arizona Diamondbacks,1,0,4.27,1,0,0,1.0,4,4,4,1,0,0,1.15
2025-09-13,Minnesota Twins,Arizona Diamondbacks,0,1,4.48,1,0,0,1.0,2,3,2,0,2,2,1.19
2025-09-17,Minnesota Twins,New York Yankees,0,0,4.54,1,0,0,1.0,1,1,1,0,0,0,1.19
2025-09-19,Minnesota Twins,Cleveland Guardians,0,1,4.76,1,0,0,0.2,2,2,2,0,1,2,1.22
2025-09-21,Minnesota Twins,Cleveland Guardians,0,0,4.7,1,0,0,1.0,1,0,0,0,0,1,1.22
2025-09-23,Texas Rangers,Minnesota Twins,0,0,4.63,1,0,1,1.0,0,0,0,0,0,0,1.2
2025-09-25,Texas Rangers,Minnesota Twins,0,0,4.56,1,0,0,1.0,0,0,0,0,0,1,1.18
2025-09-28,Philadelphia Phillies,Minnesota Twins,0,0,4.5,1,0,0,1.0,0,0,0,0,0,0,1.17
