Date,Home Tm,Away Tm,W,L,ERA,G,GS,SV,IP,H,R,ER,HR,BB,SO,WHIP
2025-03-27,Kansas City Royals,Cleveland Guardians,0,0,5.4,1,1,0,5.0,5,3,3,0,2,3,1.4
2025-04-02,Milwaukee Brewers,Kansas City Royals,0,0,3.6,1,1,0,5.0,5,1,1,1,2,10,1.4
2025-04-08,Kansas City Royals,Minnesota Twins,0,0,2.81,1,1,0,6.0,4,1,1,0,0,11,1.13
2025-04-13,Cleveland Guardians,Kansas City Royals,1,0,2.28,1,1,0,7.2,4,2,1,0,0,10,0.93
2025-04-18,Detroit Tigers,Kansas City Royals,0,1,3.58,1,1,0,4.0,6,5,5,1,3,8,1.12
2025-04-24,Kansas City Royals,Colorado Rockies,0,0,4.4,1,1,0,3.0,3,4,4,2,2,4,1.17
2025-05-05,Kansas City Royals,Chicago White Sox,1,0,3.79,1,1,0,5.0,3,0,0,0,2,11,1.15
2025-05-10,Kansas City Royals,Boston Red Sox,0,1,4.2,1,1,0,5.0,7,4,4,0,2,8,1.23
2025-05-16,Kansas City Royals,St. Louis Cardinals,0,1,4.53,1,1,0,5.0,5,4,4,0,0,7,1.2
2025-06-05,St. Louis Cardinals,Kansas City Royals,0,0,5.18,1,1,0,3.0,5,5,5,1,3,4,1.29
2025-09-17,Kansas City Royals,Seattle Mariners,0,0,5.16,1,1,0,3.2,1,2,2,1,2,4,1.26
2025-09-23,Los Angeles Angels,Kansas City Royals,1,0,5.02,1,1,0,5.0,3,2,2,1,1,10,1.22
2025-09-28,Athletics,Kansas City Royals,0,0,4.67,1,1,0,4.1,2,0,0,0,1,8,1.18
