Date,Home Tm,Away Tm,W,L,ERA,G,GS,SV,IP,H,R,ER,HR,BB,SO,WHIP
2025-03-30,Arizona Diamondbacks,Chicago Cubs,0,0,0.0,1,0,0,0.1,1,0,0,0,0,0,3.0
2025-03-31,Athletics,Chicago Cubs,0,0,0.0,1,0,1,3.0,4,0,0,0,0,1,1.5
2025-04-07,Chicago Cubs,Texas Rangers,0,0,0.0,1,0,0,2.0,0,0,0,0,0,1,0.94
2025-04-13,Los Angeles Dodgers,Chicago Cubs,0,0,1.0,1,1,0,3.2,4,1,1,0,1,5,1.11
2025-04-18,Chicago Cubs,Arizona Diamondbacks,0,0,1.32,1,1,0,4.2,5,1,1,0,0,5,1.1
2025-04-25,Chicago Cubs,Philadelphia Phillies,1,0,0.96,1,1,0,5.0,3,0,0,0,2,7,1.07
2025-05-01,Pittsburgh Pirates,Chicago Cubs,1,0,1.46,1,1,0,6.0,4,2,2,1,2,2,1.05
2025-05-06,Chicago Cubs,San Francisco Giants,0,0,2.43,1,1,0,5.0,8,5,4,1,2,4,1.21
2025-05-12,Chicago Cubs,Miami Marlins,1,0,2.48,1,1,0,6.2,6,2,2,1,2,4,1.21
2025-05-18,Chicago Cubs,Chicago White Sox,0,0,2.38,1,1,0,5.1,4,1,1,1,2,3,1.2
2025-05-24,Cincinnati Reds,Chicago Cubs,0,1,3.28,1,1,0,5.0,7,6,6,1,3,8,1.29
2025-05-30,Chicago Cubs,Cincinnati Reds,0,1,3.96,1,1,0,5.2,10,6,6,3,2,3,1.38
2025-06-05,Washington Nationals,Chicago Cubs,1,0,3.59,1,0,0,5.1,5,0,0,0,1,0,1.35
2025-06-10,Philadelphia Phillies,Chicago Cubs,0,0,3.92,1,1,0,4.1,7,4,4,1,0,5,1.37
2025-06-15,Chicago Cubs,Pittsburgh Pirates,0,0,3.84,1,1,0,6.0,4,2,2,0,1,4,1.32
2025-06-22,Chicago Cubs,Seattle Mariners,0,1,4.42,1,1,0,5.1,11,7,7,4,1,2,1.39
2025-06-28,Houston Astros,Chicago Cubs,1,0,4.37,1,1,0,5.0,5,2,2,1,0,2,1.37
2025-07-04,Chicago Cubs,St. Louis Cardinals,1,0,4.13,1,1,0,6.2,2,1,1,1,2,4,1.31
2025-07-10,Minnesota Twins,Chicago Cubs,1,0,3.91,1,1,0,7.0,3,1,1,1,2,5,1.26
2025-07-18,Chicago Cubs,Boston Red Sox,1,0,3.8,1,1,0,5.0,4,1,1,0,4,5,1.28
2025-07-23,Chicago Cubs,Kansas City Royals,0,1,4.06,1,1,0,5.0,6,6,5,3,0,3,1.27
2025-07-29,Milwaukee Brewers,Chicago Cubs,0,1,4.25,1,1,0,4.0,9,4,4,0,1,2,1.32
2025-08-03,Chicago Cubs,Baltimore Orioles,0,0,4.23,1,1,0,4.2,5,2,2,0,1,4,1.32
2025-08-09,St. Louis Cardinals,Chicago Cubs,1,0,4.09,1,1,0,6.0,3,1,1,0,2,6,1.29
2025-08-15,Chicago Cubs,Pittsburgh Pirates,0,0,3.99,1,1,0,5.0,3,1,1,0,2,5,1.28
2025-08-20,Chicago Cubs,Milwaukee Brewers,1,0,3.96,1,1,0,5.2,3,2,2,0,5,3,1.29
2025-08-27,San Francisco Giants,Chicago Cubs,0,1,4.23,1,1,0,4.2,8,7,6,1,2,2,1.32
2025-09-01,Chicago Cubs,Atlanta Braves,0,0,4.3,1,1,0,4.0,5,3,3,0,3,3,1.34
2025-09-07,Chicago Cubs,Washington Nationals,0,0,4.2,1,0,0,5.1,3,1,1,0,0,6,1.31
2025-09-13,Chicago Cubs,Tampa Bay Rays,0,0,4.23,1,1,0,5.1,7,3,3,0,0,5,1.31
2025-09-18,Cincinnati Reds,Chicago Cubs,0,1,4.1,1,1,0,7.0,4,1,1,0,0,11,1.28
2025-09-26,Chicago Cubs,St. Louis Cardinals,1,0,3.95,1,1,0,5.2,2,0,0,0,1,7,1.25
