Date,Home Tm,Away Tm,W,L,ERA,G,GS,SV,IP,H,R,ER,HR,BB,SO,WHIP
2025-05-14,Houston Astros,Kansas City Royals,0,0,6.23,1,1,0,4.1,7,3,3,1,2,3,2.08
2025-05-19,Tampa Bay Rays,Houston Astros,0,0,5.59,1,1,0,5.1,5,3,3,1,0,7,1.45
2025-05-25,Houston Astros,Seattle Mariners,0,0,5.52,1,1,0,5.0,7,3,3,0,0,4,1.43
2025-05-31,Houston Astros,Tampa Bay Rays,0,1,5.95,1,1,0,5.0,5,4,4,2,1,6,1.37
2025-06-06,Cleveland Guardians,Houston Astros,1,0,5.11,1,1,0,5.0,7,1,1,0,0,5,1.38
2025-06-13,Houston Astros,Minnesota Twins,1,0,4.7,1,1,0,6.0,6,2,2,2,1,5,1.34
2025-06-19,Athletics,Houston Astros,0,0,4.54,1,1,0,5.0,7,3,2,2,1,4,1.37
2025-06-25,Houston Astros,Philadelphia Phillies,1,0,3.98,1,1,0,5.0,4,0,0,0,0,4,1.3
2025-07-01,Colorado Rockies,Houston Astros,0,0,4.37,1,1,0,4.2,9,4,4,1,2,3,1.41
2025-07-07,Houston Astros,Cleveland Guardians,0,1,4.76,1,1,0,5.2,7,5,5,1,1,2,1.41
2025-07-13,Houston Astros,Texas Rangers,0,0,4.67,1,0,0,1.0,1,0,0,0,1,1,1.42
2025-07-21,Arizona Diamondbacks,Houston Astros,1,0,4.53,1,1,0,5.2,7,3,2,1,2,4,1.44
2025-07-27,Houston Astros,Athletics,0,1,4.74,1,1,0,5.0,6,4,4,2,0,6,1.42
2025-08-02,Boston Red Sox,Houston Astros,0,1,5.27,1,1,0,4.0,7,6,6,3,1,6,1.46
2025-08-12,Houston Astros,Boston Red Sox,0,0,5.64,1,0,0,2.0,6,5,4,1,1,2,1.51
2025-09-05,Texas Rangers,Houston Astros,0,0,5.67,1,1,0,4.1,5,3,3,1,2,2,1.52
2025-09-12,Atlanta Braves,Houston Astros,0,0,5.73,1,0,1,4.0,3,3,3,2,1,3,1.49
2025-09-16,Houston Astros,Texas Rangers,1,0,5.63,1,0,0,3.0,2,1,1,1,2,1,1.49
2025-09-20,Houston Astros,Seattle Mariners,0,0,5.67,1,0,0,1.0,2,1,1,0,0,1,1.49
2025-09-28,Los Angeles Angels,Houston Astros,1,0,5.34,1,0,0,5.0,0,0,0,0,1,3,1.42
