Date,Home Tm,Away Tm,W,L,ERA,G,GS,SV,IP,H,R,ER,HR,BB,SO,WHIP
2025-03-28,Miami Marlins,Pittsburgh Pirates,0,1,5.4,1,1,0,5.0,4,4,3,1,4,4,1.6
2025-04-02,Miami Marlins,New York Mets,0,0,3.6,1,1,0,5.0,4,1,1,0,0,6,1.2
2025-04-08,New York Mets,Miami Marlins,0,0,3.86,1,1,0,4.0,3,2,2,1,1,2,1.14
2025-04-15,Miami Marlins,Arizona Diamondbacks,0,1,6.63,1,1,0,5.0,8,8,8,2,2,6,1.37
2025-04-20,Philadelphia Phillies,Miami Marlins,0,0,6.75,1,1,0,5.0,7,4,4,0,1,3,1.42
2025-04-26,Seattle Mariners,Miami Marlins,0,1,8.65,1,1,0,2.0,6,7,7,2,3,2,1.65
