Date,Home Tm,Away Tm,W,L,ERA,G,GS,SV,IP,H,R,ER,HR,BB,SO,WHIP
2025-03-31,Baltimore Orioles,Boston Red Sox,0,0,0.0,1,0,0,1.0,2,0,0,0,0,0,2.0
2025-04-04,Boston Red Sox,St. Louis Cardinals,0,0,13.5,1,0,0,0.1,4,3,2,0,0,0,4.5
2025-04-06,Boston Red Sox,St. Louis Cardinals,0,0,10.38,1,0,1,3.0,4,5,3,1,1,0,2.54
2025-06-04,Boston Red Sox,Los Angeles Angels,1,0,7.5,1,0,0,1.2,0,0,0,0,1,2,2.0
2025-06-06,New York Yankees,Boston Red Sox,0,0,6.0,1,0,0,3.0,4,1,1,1,1,2,1.89
2025-07-02,Boston Red Sox,Cincinnati Reds,0,0,5.06,1,0,0,1.2,2,0,0,0,0,1,1.78
2025-08-01,Boston Red Sox,Houston Astros,0,0,3.57,1,1,0,7.0,7,1,1,1,2,4,1.58
