Date,Home Tm,Away Tm,W,L,ERA,G,GS,SV,IP,H,R,ER,HR,BB,SO,WHIP
2025-04-01,New York Yankees,Arizona Diamondbacks,0,0,4.15,1,1,0,4.1,4,4,2,2,3,8,1.62
2025-04-06,Washington Nationals,Arizona Diamondbacks,0,1,5.79,1,1,0,5.0,7,4,4,0,4,3,1.93
2025-04-12,Arizona Diamondbacks,Milwaukee Brewers,0,0,5.28,1,1,0,6.0,4,3,3,1,2,3,1.57
2025-04-18,Chicago Cubs,Arizona Diamondbacks,0,0,4.64,1,1,0,6.0,6,2,2,1,0,3,1.41
2025-04-24,Arizona Diamondbacks,Tampa Bay Rays,0,0,4.05,1,1,0,5.1,3,3,1,0,3,8,1.35
2025-04-30,New York Mets,Arizona Diamondbacks,1,0,3.58,1,1,0,6.0,4,1,1,1,5,3,1.38
2025-05-10,Arizona Diamondbacks,Los Angeles Dodgers,1,0,2.95,1,1,0,7.0,5,0,0,0,2,5,1.31
2025-05-16,Arizona Diamondbacks,Colorado Rockies,1,0,2.56,1,1,0,6.0,2,0,0,0,3,10,1.25
2025-05-21,Los Angeles Dodgers,Arizona Diamondbacks,0,1,2.73,1,1,0,7.0,4,3,3,1,1,8,1.18
2025-05-27,Arizona Diamondbacks,Pittsburgh Pirates,0,0,2.72,1,1,0,7.0,6,2,2,1,2,6,1.17
2025-06-01,Arizona Diamondbacks,Washington Nationals,0,0,2.66,1,1,0,4.2,4,1,1,0,1,6,1.17
