Date,Home Tm,Away Tm,W,L,ERA,G,GS,SV,IP,H,R,ER,HR,BB,SO,WHIP
2025-08-11,Houston Astros,Boston Red Sox,1,0,3.6,1,1,0,5.0,3,2,2,1,2,5,1.0
2025-08-17,Houston Astros,Baltimore Orioles,0,1,3.38,1,1,0,3.0,3,1,1,0,0,2,1.0
2025-08-23,Baltimore Orioles,Houston Astros,0,0,5.4,1,1,0,2.0,3,5,3,0,4,3,1.5
2025-08-29,Houston Astros,Los Angeles Angels,0,0,3.38,1,1,0,6.0,0,0,0,0,3,6,1.13
2025-09-04,Houston Astros,New York Yankees,0,1,4.43,1,1,0,4.1,6,4,4,1,3,4,1.33
2025-09-11,Toronto Blue Jays,Houston Astros,0,1,4.78,1,1,0,6.0,6,4,4,1,1,6,1.29
2025-09-17,Houston Astros,Texas Rangers,1,0,4.45,1,1,0,6.0,5,2,2,0,1,4,1.24
2025-09-23,Athletics,Houston Astros,0,1,4.62,1,1,0,4.2,6,4,3,0,1,4,1.27
