Date,Home Tm,Away Tm,W,L,ERA,G,GS,SV,IP,H,R,ER,HR,BB,SO,WHIP
2025-03-31,Philadelphia Phillies,Colorado Rockies,0,0,1.69,1,1,0,5.1,4,1,1,1,2,7,1.13
2025-04-06,Philadelphia Phillies,Los Angeles Dodgers,0,0,4.09,1,1,0,5.2,6,4,4,2,1,9,1.18
2025-04-12,St. Louis Cardinals,Philadelphia Phillies,1,0,3.12,1,1,0,6.1,8,1,1,0,2,3,1.33
2025-04-17,Philadelphia Phillies,San Francisco Giants,1,0,2.96,1,1,0,7.0,4,3,2,1,1,12,1.15
2025-04-22,New York Mets,Philadelphia Phillies,0,1,3.42,1,1,0,2.0,4,2,2,0,2,2,1.29
2025-04-30,Philadelphia Phillies,Washington Nationals,1,0,3.45,1,1,0,5.0,5,2,2,0,3,6,1.34
2025-05-07,Tampa Bay Rays,Philadelphia Phillies,1,0,2.89,1,1,0,6.0,1,0,0,0,3,5,1.23
2025-05-12,Philadelphia Phillies,St. Louis Cardinals,0,0,2.91,1,1,0,6.0,4,2,2,1,3,8,1.22
2025-05-19,Colorado Rockies,Philadelphia Phillies,0,0,3.1,1,1,0,6.0,5,3,3,1,0,7,1.18
2025-05-24,Athletics,Philadelphia Phillies,0,0,3.33,1,1,0,4.2,8,3,3,0,3,6,1.28
2025-05-29,Philadelphia Phillies,Atlanta Braves,0,0,3.32,1,1,0,5.2,7,2,2,0,2,5,1.31
2025-06-03,Toronto Blue Jays,Philadelphia Phillies,1,0,3.15,1,1,0,6.0,4,1,1,1,4,4,1.31
2025-06-08,Pittsburgh Pirates,Philadelphia Phillies,0,1,3.1,1,1,0,7.0,6,2,2,0,2,9,1.29
2025-06-14,Philadelphia Phillies,Toronto Blue Jays,0,0,3.05,1,1,0,7.0,5,2,2,0,0,5,1.24
2025-06-19,Miami Marlins,Philadelphia Phillies,1,0,2.87,1,1,0,8.0,5,1,1,0,0,4,1.19
2025-06-26,Houston Astros,Philadelphia Phillies,0,0,2.79,1,1,0,6.0,5,1,1,0,0,11,1.16
2025-07-02,Philadelphia Phillies,San Diego Padres,1,0,2.68,1,1,0,7.0,5,1,1,0,0,5,1.13
2025-07-07,San Francisco Giants,Philadelphia Phillies,0,0,2.59,1,1,0,7.0,7,1,1,0,1,8,1.13
2025-07-13,San Diego Padres,Philadelphia Phillies,1,0,2.5,1,1,0,7.1,6,1,1,0,3,6,1.14
2025-07-22,Philadelphia Phillies,Boston Red Sox,1,0,2.4,1,1,0,9.0,4,1,1,1,0,12,1.09
2025-07-28,Chicago White Sox,Philadelphia Phillies,0,1,2.55,1,1,0,6.2,7,4,4,2,1,5,1.09
2025-08-03,Philadelphia Phillies,Detroit Tigers,1,0,2.4,1,1,0,8.0,5,0,0,0,1,6,1.07
2025-08-08,Texas Rangers,Philadelphia Phillies,1,0,2.36,1,1,0,6.0,6,1,1,0,1,6,1.08
2025-08-13,Cincinnati Reds,Philadelphia Phillies,0,1,2.45,1,1,0,6.0,7,4,3,0,1,6,1.09
2025-08-19,Philadelphia Phillies,Seattle Mariners,0,0,2.46,1,1,0,6.1,6,2,2,0,2,12,1.1
2025-08-25,New York Mets,Philadelphia Phillies,0,1,2.72,1,1,0,5.1,8,6,6,0,3,4,1.13
2025-08-30,Philadelphia Phillies,Atlanta Braves,0,0,2.66,1,1,0,7.0,7,1,1,0,0,8,1.12
2025-09-05,Miami Marlins,Philadelphia Phillies,1,0,2.6,1,1,0,7.0,6,1,1,0,1,5,1.12
2025-09-10,Philadelphia Phillies,New York Mets,1,0,2.57,1,1,0,6.0,4,1,1,0,1,6,1.11
2025-09-16,Los Angeles Dodgers,Philadelphia Phillies,0,0,2.66,1,1,0,7.0,7,4,4,2,0,6,1.1
2025-09-23,Philadelphia Phillies,Miami Marlins,0,0,2.57,1,1,0,7.0,3,0,0,0,1,6,1.08
2025-09-28,Philadelphia Phillies,Minnesota Twins,0,0,2.5,1,1,0,5.2,2,0,0,0,0,8,1.06
