Date,Home Tm,Away Tm,W,L,ERA,G,GS,SV,IP,H,R,ER,HR,BB,SO,WHIP
2025-03-29,Kansas City Royals,Cleveland Guardians,1,0,0.0,1,0,0,2.0,0,0,0,0,0,0,0.0
2025-03-31,Milwaukee Brewers,Kansas City Royals,0,0,0.0,1,0,0,2.0,1,0,0,0,1,2,0.5
2025-04-02,Milwaukee Brewers,Kansas City Royals,0,0,0.0,1,0,0,1.0,0,0,0,0,0,1,0.4
2025-04-05,Kansas City Royals,Baltimore Orioles,0,0,0.0,1,0,0,1.0,0,0,0,0,2,0,0.67
2025-04-08,Kansas City Royals,Minnesota Twins,0,0,0.0,1,0,1,0.1,0,0,0,0,0,0,0.63
2025-04-10,Kansas City Royals,Minnesota Twins,1,0,0.0,1,0,0,0.2,0,0,0,0,1,2,0.71
2025-04-14,New York Yankees,Kansas City Royals,0,0,0.0,1,0,0,1.0,1,0,0,0,0,1,0.75
2025-04-16,New York Yankees,Kansas City Royals,0,0,0.0,1,0,0,1.0,0,0,0,0,0,1,0.67
2025-04-19,Detroit Tigers,Kansas City Royals,0,0,0.0,1,0,0,0.1,0,0,0,0,0,0,0.64
2025-04-20,Detroit Tigers,Kansas City Royals,0,0,0.87,1,0,0,1.0,3,1,1,0,0,0,0.87
2025-04-22,Kansas City Royals,Colorado Rockies,1,0,0.79,1,0,0,1.0,0,0,0,0,1,1,0.88
2025-04-24,Kansas City Royals,Colorado Rockies,0,0,1.35,1,0,0,2.0,4,1,1,1,0,0,1.05
2025-05-01,Tampa Bay Rays,Kansas City Royals,0,0,1.26,1,0,0,1.0,0,0,0,0,0,0,0.98
2025-05-03,Baltimore Orioles,Kansas City Royals,0,0,1.1,1,0,0,2.0,1,0,0,0,1,1,0.98
2025-05-05,Kansas City Royals,Chicago White Sox,0,0,1.04,1,0,0,1.0,1,0,0,0,0,0,0.98
2025-05-09,Kansas City Royals,Boston Red Sox,0,0,0.96,1,0,0,1.1,1,1,0,0,0,0,0.96
2025-05-11,Kansas City Royals,Boston Red Sox,0,0,0.93,1,0,0,0.2,1,0,0,0,1,1,1.03
2025-05-16,Kansas City Royals,St. Louis Cardinals,0,0,0.9,1,0,0,0.2,0,0,0,0,0,0,1.0
2025-05-18,Kansas City Royals,St. Louis Cardinals,0,0,0.87,1,0,0,0.2,1,0,0,0,0,0,1.02
2025-05-19,San Francisco Giants,Kansas City Royals,0,0,1.29,1,0,0,0.1,2,1,1,0,0,0,1.1
2025-05-21,San Francisco Giants,Kansas City Royals,0,0,1.19,1,1,0,1.2,1,0,0,0,3,2,1.19
2025-05-24,Minnesota Twins,Kansas City Royals,0,1,1.57,1,0,0,0.1,0,1,1,0,2,0,1.26
2025-05-27,Kansas City Royals,Cincinnati Reds,0,0,1.75,1,1,0,2.2,3,1,1,1,1,4,1.29
2025-05-30,Kansas City Royals,Detroit Tigers,0,0,2.0,1,0,0,1.1,1,1,1,0,1,1,1.3
2025-06-03,St. Louis Cardinals,Kansas City Royals,0,0,1.95,1,0,0,0.2,1,0,0,0,2,1,1.37
2025-06-05,St. Louis Cardinals,Kansas City Royals,0,0,2.2,1,0,0,1.0,0,1,1,0,0,0,1.33
2025-06-06,Chicago White Sox,Kansas City Royals,0,0,2.1,1,0,0,1.1,0,0,0,0,1,0,1.3
2025-06-10,Kansas City Royals,New York Yankees,0,0,2.03,1,0,0,1.0,1,0,0,0,1,2,1.32
2025-06-11,Kansas City Royals,New York Yankees,0,0,1.97,1,0,0,1.0,0,0,0,0,0,1,1.28
2025-06-14,Kansas City Royals,Athletics,0,0,2.2,1,0,0,0.2,2,1,1,1,0,0,1.32
2025-06-17,Texas Rangers,Kansas City Royals,0,0,2.14,1,0,0,1.0,2,0,0,0,0,2,1.34
2025-06-21,San Diego Padres,Kansas City Royals,0,0,2.12,1,0,0,0.1,0,0,0,0,0,0,1.32
2025-06-22,San Diego Padres,Kansas City Royals,0,1,2.36,1,0,0,0.1,2,1,1,0,0,0,1.37
2025-06-24,Kansas City Royals,Tampa Bay Rays,0,0,2.55,1,0,0,1.0,3,1,1,0,0,1,1.42
2025-06-25,Kansas City Royals,Tampa Bay Rays,0,0,2.48,1,0,0,1.0,1,0,0,0,0,1,1.4
2025-06-28,Kansas City Royals,Los Angeles Dodgers,0,0,2.63,1,0,0,1.1,1,1,1,1,0,2,1.38
2025-06-30,Seattle Mariners,Kansas City Royals,0,0,2.72,1,0,0,2.0,3,1,1,1,1,1,1.41
2025-07-04,Arizona Diamondbacks,Kansas City Royals,0,0,2.66,1,0,0,1.0,0,0,0,0,1,0,1.4
2025-07-05,Arizona Diamondbacks,Kansas City Royals,0,0,2.59,1,0,0,1.0,0,0,0,0,2,1,1.42
2025-08-03,Toronto Blue Jays,Kansas City Royals,0,0,2.53,1,0,0,1.0,0,0,0,0,0,1,1.38
2025-08-05,Boston Red Sox,Kansas City Royals,0,0,2.45,1,0,0,1.1,1,0,0,0,0,0,1.36
2025-08-08,Minnesota Twins,Kansas City Royals,0,0,2.74,1,0,0,2.0,5,2,2,0,0,0,1.41
2025-08-11,Kansas City Royals,Washington Nationals,1,0,3.0,1,0,0,2.0,5,2,2,1,0,2,1.46
2025-08-13,Kansas City Royals,Washington Nationals,0,0,2.88,1,0,0,2.0,2,0,0,0,0,0,1.44
2025-08-16,Kansas City Royals,Chicago White Sox,1,0,2.77,1,0,0,2.0,1,0,0,0,0,0,1.4
2025-08-20,Kansas City Royals,Texas Rangers,0,0,2.91,1,0,0,0.2,1,1,1,0,0,0,1.41
2025-08-21,Kansas City Royals,Texas Rangers,0,0,2.89,1,0,0,0.1,1,0,0,0,0,1,1.42
2025-08-25,Chicago White Sox,Kansas City Royals,0,0,2.95,1,0,0,2.0,3,1,1,0,0,0,1.42
2025-08-27,Chicago White Sox,Kansas City Royals,0,0,2.89,1,0,0,1.0,0,0,0,0,0,1,1.39
2025-08-31,Kansas City Royals,Detroit Tigers,0,0,2.83,1,0,0,1.1,2,0,0,0,0,1,1.4
2025-09-05,Kansas City Royals,Minnesota Twins,0,0,2.79,1,0,0,0.2,1,0,0,0,0,0,1.4
2025-09-07,Kansas City Royals,Minnesota Twins,0,0,2.91,1,0,0,0.2,1,1,1,0,2,2,1.43
2025-09-08,Cleveland Guardians,Kansas City Royals,0,0,2.98,1,0,0,1.2,2,1,1,0,0,3,1.43
2025-09-12,Philadelphia Phillies,Kansas City Royals,0,0,2.89,1,0,0,2.0,1,0,0,0,1,0,1.41
2025-09-16,Kansas City Royals,Seattle Mariners,0,0,3.2,1,0,0,2.1,2,3,3,2,1,2,1.41
2025-09-18,Kansas City Royals,Seattle Mariners,0,0,3.17,1,0,0,0.2,1,0,0,0,0,0,1.41
2025-09-28,Athletics,Kansas City Royals,1,0,3.06,1,0,0,2.1,0,0,0,0,0,3,1.36
