Date,Home Tm,Away Tm,W,L,ERA,G,GS,SV,IP,H,R,ER,HR,BB,SO,WHIP
2025-03-29,St. Louis Cardinals,Minnesota Twins,0,0,0.0,1,0,0,1.0,1,0,0,0,1,0,2.0
2025-04-01,Chicago White Sox,Minnesota Twins,0,0,0.0,1,0,0,1.0,0,0,0,0,0,0,1.0
2025-04-02,Chicago White Sox,Minnesota Twins,0,0,0.0,1,0,0,1.0,1,0,0,0,0,1,1.0
2025-04-06,Minnesota Twins,Houston Astros,0,0,0.0,1,0,0,0.1,0,0,0,0,0,0,0.9
2025-04-08,Kansas City Royals,Minnesota Twins,0,0,0.0,1,0,0,1.0,0,0,0,0,0,2,0.69
2025-04-10,Kansas City Royals,Minnesota Twins,0,0,0.0,1,0,0,0.1,0,0,0,0,0,0,0.64
2025-04-11,Minnesota Twins,Detroit Tigers,0,0,0.0,1,0,0,0.1,0,0,0,0,0,1,0.6
2025-04-16,Minnesota Twins,New York Mets,0,0,0.0,1,0,0,1.2,0,0,0,0,0,1,0.45
2025-04-18,Atlanta Braves,Minnesota Twins,0,0,0.0,1,0,0,1.0,1,0,0,0,0,0,0.52
2025-04-20,Atlanta Braves,Minnesota Twins,0,0,0.0,1,0,0,1.0,0,0,0,0,0,0,0.46
2025-04-23,Minnesota Twins,Chicago White Sox,0,0,0.0,1,0,1,1.0,0,0,0,0,0,1,0.41
2025-04-25,Minnesota Twins,Los Angeles Angels,0,0,0.0,1,0,0,1.0,1,0,0,0,0,1,0.47
2025-04-30,Cleveland Guardians,Minnesota Twins,0,0,0.0,1,0,0,1.0,0,0,0,0,0,3,0.43
2025-05-02,Boston Red Sox,Minnesota Twins,0,0,0.0,1,0,0,0.2,2,0,0,0,0,1,0.57
2025-05-06,Minnesota Twins,Baltimore Orioles,0,0,0.0,1,0,0,1.0,0,0,0,0,0,2,0.53
2025-05-07,Minnesota Twins,Baltimore Orioles,1,0,0.0,1,0,0,1.0,1,0,0,0,0,2,0.56
2025-05-09,Minnesota Twins,San Francisco Giants,0,0,0.0,1,0,1,1.0,0,0,0,0,0,2,0.52
2025-05-11,Minnesota Twins,San Francisco Giants,0,0,0.0,1,0,0,1.0,1,0,0,0,0,2,0.55
2025-05-14,Baltimore Orioles,Minnesota Twins,0,0,0.0,1,0,0,0.1,0,0,0,0,1,0,0.6
2025-06-10,Minnesota Twins,Texas Rangers,0,0,0.0,1,0,0,0.1,0,0,0,0,0,0,0.59
2025-06-12,Minnesota Twins,Texas Rangers,0,0,0.0,1,0,0,0.1,0,0,0,0,0,0,0.58
2025-06-13,Houston Astros,Minnesota Twins,0,0,0.49,1,0,0,1.0,2,1,1,0,1,2,0.71
2025-06-17,Cincinnati Reds,Minnesota Twins,0,0,0.48,1,0,0,0.1,0,0,0,0,0,0,0.7
2025-06-19,Cincinnati Reds,Minnesota Twins,0,0,0.47,1,0,0,0.1,0,0,0,0,1,1,0.74
2025-06-20,Minnesota Twins,Milwaukee Brewers,0,0,0.46,1,0,0,0.2,2,0,0,0,0,0,0.81
2025-06-22,Minnesota Twins,Milwaukee Brewers,0,0,0.87,1,1,0,1.0,2,1,1,0,0,2,0.87
2025-06-26,Minnesota Twins,Seattle Mariners,0,0,0.83,1,0,0,1.0,0,0,0,0,1,0,0.88
2025-06-27,Detroit Tigers,Minnesota Twins,0,0,0.82,1,0,0,0.1,0,0,0,0,0,0,0.86
2025-06-29,Detroit Tigers,Minnesota Twins,0,0,0.81,1,0,0,0.1,0,0,0,0,0,0,0.85
2025-07-02,Miami Marlins,Minnesota Twins,0,0,0.79,1,0,0,0.1,0,0,0,0,1,0,0.88
2025-07-04,Minnesota Twins,Tampa Bay Rays,0,0,0.76,1,0,0,1.0,1,0,0,0,0,1,0.89
2025-07-05,Minnesota Twins,Tampa Bay Rays,0,0,0.73,1,0,0,1.0,0,0,0,0,0,1,0.85
2025-07-08,Minnesota Twins,Chicago Cubs,0,0,0.71,1,0,0,0.2,1,0,0,0,1,1,0.91
2025-07-09,Minnesota Twins,Chicago Cubs,0,0,0.69,1,0,0,0.2,1,0,0,0,0,1,0.92
2025-07-11,Minnesota Twins,Pittsburgh Pirates,0,0,0.68,1,0,0,0.2,1,0,0,0,0,1,0.94
2025-07-19,Colorado Rockies,Minnesota Twins,0,0,0.65,1,0,0,1.0,1,0,0,0,0,0,0.94
2025-07-22,Los Angeles Dodgers,Minnesota Twins,0,0,0.63,1,0,0,1.0,0,0,0,0,0,1,0.91
2025-07-23,Los Angeles Dodgers,Minnesota Twins,0,0,0.93,1,0,0,0.1,1,1,1,0,1,0,0.97
2025-07-25,Minnesota Twins,Washington Nationals,0,0,0.9,1,0,0,1.0,0,0,0,0,0,0,0.93
2025-07-27,Minnesota Twins,Washington Nationals,0,0,1.16,1,0,0,1.0,1,1,1,0,1,1,0.97
2025-08-01,Seattle Mariners,Texas Rangers,0,0,1.13,1,0,0,1.0,0,0,0,0,0,2,0.94
2025-08-02,Seattle Mariners,Texas Rangers,0,0,1.09,1,0,0,1.0,1,0,0,0,2,2,1.0
2025-08-04,Texas Rangers,New York Yankees,1,0,1.06,1,0,0,1.0,0,0,0,0,1,0,1.0
2025-08-09,Texas Rangers,Philadelphia Phillies,0,0,1.04,1,0,0,0.2,1,0,0,0,1,1,1.04
2025-08-11,Texas Rangers,Arizona Diamondbacks,0,0,1.01,1,0,0,1.0,0,0,0,0,0,1,1.01
2025-08-12,Texas Rangers,Arizona Diamondbacks,0,1,1.23,1,0,0,1.0,1,1,1,1,0,2,1.01
2025-08-15,Toronto Blue Jays,Texas Rangers,0,0,1.96,1,0,0,0.0,3,3,3,0,0,0,1.09
2025-08-19,Kansas City Royals,Texas Rangers,0,0,1.93,1,0,0,0.2,0,0,0,0,0,1,1.07
2025-08-21,Kansas City Royals,Texas Rangers,0,0,1.89,1,0,0,0.2,0,0,0,0,1,0,1.08
2025-08-24,Texas Rangers,Cleveland Guardians,0,0,1.85,1,0,0,1.0,0,0,0,0,0,1,1.05
2025-08-26,Texas Rangers,Los Angeles Angels,0,0,2.52,1,0,0,0.1,3,3,3,2,0,0,1.12
2025-09-16,Houston Astros,Texas Rangers,0,0,2.48,1,0,0,0.2,0,0,0,0,1,1,1.13
2025-09-20,Texas Rangers,Miami Marlins,0,0,2.43,1,0,0,0.2,1,0,0,0,1,0,1.16
2025-09-23,Texas Rangers,Minnesota Twins,0,0,2.36,1,0,0,1.1,1,0,0,0,2,1,1.19
2025-09-28,Cleveland Guardians,Texas Rangers,0,0,2.3,1,0,0,1.0,0,0,0,0,0,0,1.16
