Date,Home Tm,Away Tm,W,L,ERA,G,GS,SV,IP,H,R,ER,HR,BB,SO,WHIP
2025-03-31,Miami Marlins,New York Mets,1,0,3.0,1,1,0,6.0,5,2,2,2,3,9,1.33
2025-04-06,New York Mets,Toronto Blue Jays,0,0,2.53,1,1,0,4.2,3,1,1,0,5,3,1.5
2025-04-12,Athletics,New York Mets,0,1,2.7,1,1,0,6.0,7,2,2,0,0,5,1.38
2025-04-18,New York Mets,St. Louis Cardinals,0,0,3.27,1,1,0,5.1,7,3,3,0,0,9,1.36
2025-04-23,New York Mets,Philadelphia Phillies,0,0,3.29,1,1,0,5.1,8,2,2,0,1,2,1.43
2025-04-29,New York Mets,Arizona Diamondbacks,1,0,3.06,1,1,0,5.0,5,1,1,0,0,2,1.36
2025-05-06,Arizona Diamondbacks,New York Mets,0,1,3.05,1,1,0,6.0,4,4,2,1,4,6,1.36
2025-05-12,New York Mets,Pittsburgh Pirates,0,0,3.05,1,1,0,6.0,5,2,2,1,3,7,1.35
2025-05-18,New York Yankees,New York Mets,0,0,2.86,1,1,0,6.0,3,2,1,0,4,4,1.33
2025-05-24,New York Mets,Los Angeles Dodgers,1,0,2.79,1,1,0,7.2,5,2,2,0,2,7,1.28
2025-05-30,New York Mets,Colorado Rockies,1,0,2.69,1,1,0,5.2,5,1,1,0,1,5,1.26
2025-06-05,Los Angeles Dodgers,New York Mets,0,0,2.8,1,1,0,7.0,7,3,3,0,2,6,1.26
2025-06-11,New York Mets,Washington Nationals,1,0,2.49,1,1,0,9.0,6,0,0,0,0,6,1.19
2025-06-17,Atlanta Braves,New York Mets,0,0,2.6,1,1,0,7.0,5,3,3,0,3,3,1.19
2025-06-22,Philadelphia Phillies,New York Mets,0,1,2.98,1,1,0,4.0,6,5,5,2,3,4,1.24
2025-06-27,Pittsburgh Pirates,New York Mets,0,1,3.3,1,1,0,4.2,7,5,5,0,3,5,1.28
2025-07-03,New York Mets,Milwaukee Brewers,1,0,3.18,1,1,0,6.2,5,2,1,1,3,4,1.27
2025-07-10,Baltimore Orioles,New York Mets,0,0,3.06,1,1,0,7.0,5,1,1,0,0,6,1.24
2025-07-20,New York Mets,Cincinnati Reds,0,0,2.9,1,1,0,6.0,4,1,0,0,1,4,1.22
2025-07-26,San Francisco Giants,New York Mets,1,0,2.83,1,1,0,6.0,8,1,1,0,3,4,1.25
2025-08-01,New York Mets,San Francisco Giants,0,0,2.83,1,1,0,6.0,4,2,2,0,2,4,1.24
2025-08-06,New York Mets,Cleveland Guardians,0,1,2.98,1,1,0,6.0,5,4,4,2,2,7,1.23
2025-08-13,New York Mets,Atlanta Braves,0,0,3.3,1,1,0,3.1,5,6,6,0,5,5,1.28
2025-08-19,Washington Nationals,New York Mets,1,0,3.18,1,1,0,8.0,4,1,1,0,1,10,1.24
2025-08-24,Atlanta Braves,New York Mets,0,0,3.18,1,1,0,5.2,5,2,2,0,4,8,1.25
2025-08-30,New York Mets,Miami Marlins,0,0,3.61,1,1,0,2.0,8,8,8,0,3,1,1.31
2025-09-05,Cincinnati Reds,New York Mets,1,0,3.72,1,1,0,5.1,7,4,4,0,1,4,1.32
2025-09-11,Philadelphia Phillies,New York Mets,0,0,3.77,1,1,0,5.0,7,3,3,1,1,8,1.32
2025-09-17,New York Mets,San Diego Padres,0,1,3.98,1,1,0,5.0,6,6,6,1,3,1,1.34
2025-09-23,Chicago Cubs,New York Mets,0,0,4.22,1,1,0,1.1,5,5,5,0,2,1,1.37
