Date,Home Tm,Away Tm,W,L,ERA,G,GS,SV,IP,H,R,ER,HR,BB,SO,WHIP
2025-04-11,Minnesota Twins,Detroit Tigers,0,0,0.0,1,1,0,4.2,3,1,0,0,1,4,0.86
2025-04-16,Minnesota Twins,New York Mets,0,0,0.0,1,1,0,4.1,5,0,0,0,1,6,1.11
2025-04-23,Minnesota Twins,Chicago White Sox,0,0,1.38,1,1,0,4.0,4,2,2,0,3,5,1.31
2025-06-05,Athletics,Minnesota Twins,0,1,5.4,1,1,0,3.2,6,8,8,3,2,6,1.5
2025-06-11,Minnesota Twins,Texas Rangers,1,0,4.76,1,1,0,6.0,3,2,2,1,2,4,1.32
2025-06-17,Cincinnati Reds,Minnesota Twins,0,0,4.78,1,1,0,3.2,2,4,2,0,3,4,1.33
2025-06-22,Minnesota Twins,Milwaukee Brewers,0,1,6.39,1,0,0,4.2,12,8,8,2,3,3,1.61
2025-06-27,Detroit Tigers,Minnesota Twins,1,0,5.4,1,1,0,5.2,2,0,0,0,0,6,1.42
2025-07-03,Miami Marlins,Minnesota Twins,0,1,5.48,1,1,0,6.0,5,4,4,1,1,7,1.36
2025-07-09,Minnesota Twins,Chicago Cubs,1,0,5.25,1,1,0,5.1,3,2,2,0,2,3,1.31
2025-07-21,Los Angeles Dodgers,Minnesota Twins,0,1,5.4,1,1,0,5.1,4,4,4,3,1,5,1.28
