Date,Home Tm,Away Tm,W,L,ERA,G,GS,SV,IP,H,R,ER,HR,BB,SO,WHIP
2025-03-30,Chicago White Sox,Los Angeles Angels,0,0,0.0,1,1,0,6.0,4,2,0,0,2,2,1.0
2025-04-05,Detroit Tigers,Chicago White Sox,0,1,5.73,1,1,0,5.0,9,7,7,2,2,2,1.55
2025-04-11,Chicago White Sox,Boston Red Sox,1,0,4.24,1,1,0,6.0,6,1,1,0,1,6,1.41
2025-04-17,Chicago White Sox,Athletics,0,1,4.84,1,1,0,5.1,8,4,4,2,1,3,1.48
2025-04-22,Minnesota Twins,Chicago White Sox,0,1,3.95,1,1,0,5.0,3,2,0,0,3,3,1.43
2025-04-27,Athletics,Chicago White Sox,0,0,3.24,1,0,0,6.0,3,0,0,0,2,5,1.32
2025-05-03,Chicago White Sox,Houston Astros,0,0,3.52,1,1,0,5.0,8,3,3,1,0,5,1.36
2025-05-08,Kansas City Royals,Chicago White Sox,0,1,4.01,1,1,0,4.1,7,4,4,0,1,2,1.41
2025-05-14,Cincinnati Reds,Chicago White Sox,1,0,3.65,1,1,0,6.2,7,1,1,1,0,5,1.36
2025-05-19,Chicago White Sox,Seattle Mariners,0,1,3.49,1,1,0,7.1,4,2,2,0,1,3,1.27
2025-05-25,Chicago White Sox,Texas Rangers,0,0,3.45,1,1,0,6.0,4,2,2,1,3,2,1.26
2025-05-31,Baltimore Orioles,Chicago White Sox,0,1,3.67,1,1,0,6.0,5,4,4,2,1,3,1.24
2025-06-06,Chicago White Sox,Kansas City Royals,0,0,3.62,1,1,0,6.0,5,2,2,2,0,7,1.21
2025-06-12,Houston Astros,Chicago White Sox,0,1,3.79,1,1,0,6.0,7,4,4,1,2,5,1.23
2025-07-22,Tampa Bay Rays,Chicago White Sox,0,1,3.89,1,1,0,5.0,3,4,3,0,4,3,1.24
2025-07-28,Chicago White Sox,Philadelphia Phillies,1,0,3.84,1,1,0,5.2,6,2,2,0,3,7,1.26
2025-08-05,Seattle Mariners,Chicago White Sox,0,1,4.11,1,1,0,5.0,7,6,5,2,2,5,1.29
2025-08-10,Chicago White Sox,Cleveland Guardians,1,0,4.17,1,1,0,5.0,5,3,3,1,3,2,1.3
2025-08-17,Kansas City Royals,Chicago White Sox,0,0,3.94,1,1,0,6.0,1,0,0,0,3,4,1.27
2025-08-23,Chicago White Sox,Minnesota Twins,1,0,3.93,1,1,0,5.0,5,2,2,2,1,6,1.26
2025-08-28,Chicago White Sox,New York Yankees,0,0,4.03,1,1,0,3.2,4,4,3,2,3,5,1.28
2025-09-02,Minnesota Twins,Chicago White Sox,1,0,4.06,1,1,0,6.0,6,3,3,0,3,4,1.3
2025-09-07,Detroit Tigers,Chicago White Sox,0,0,4.03,1,1,0,5.1,2,4,2,0,3,3,1.28
2025-09-13,Cleveland Guardians,Chicago White Sox,0,1,4.01,1,1,0,5.0,5,2,2,1,1,3,1.28
2025-09-19,Chicago White Sox,San Diego Padres,1,0,4.03,1,1,0,6.0,6,3,3,0,1,4,1.27
2025-09-25,New York Yankees,Chicago White Sox,0,0,4.1,1,1,0,4.1,6,3,3,0,2,5,1.29
