Date,Home Tm,Away Tm,W,L,ERA,G,GS,SV,IP,H,R,ER,HR,BB,SO,WHIP
2025-05-26,San Diego Padres,Miami Marlins,0,0,0.0,1,0,0,0.2,0,0,0,0,0,0,0.0
2025-05-28,San Diego Padres,Miami Marlins,0,0,5.4,1,0,0,1.0,1,1,1,1,0,3,0.6
2025-06-01,San Diego Padres,Pittsburgh Pirates,0,0,2.7,1,0,0,1.2,1,0,0,0,0,2,0.6
2025-06-05,San Francisco Giants,San Diego Padres,0,0,1.69,1,0,0,2.0,1,0,0,0,1,3,0.75
2025-06-07,Milwaukee Brewers,San Diego Padres,0,1,3.38,1,0,0,0.0,1,1,1,1,0,0,0.94
2025-06-10,San Diego Padres,Los Angeles Dodgers,0,0,3.68,1,0,0,2.0,3,1,1,0,2,1,1.36
2025-06-11,San Diego Padres,Los Angeles Dodgers,0,0,3.52,1,0,0,0.1,0,0,0,0,0,0,1.3
2025-06-13,Arizona Diamondbacks,San Diego Padres,0,0,3.12,1,0,0,1.0,0,0,0,0,1,2,1.27
2025-06-16,Los Angeles Dodgers,San Diego Padres,0,0,2.53,1,0,0,2.0,1,0,0,0,1,2,1.22
2025-06-18,Los Angeles Dodgers,San Diego Padres,0,0,2.31,1,0,0,1.0,0,0,0,0,2,2,1.29
2025-06-20,San Diego Padres,Kansas City Royals,0,0,2.13,1,0,0,1.0,1,0,0,0,0,0,1.26
2025-06-23,San Diego Padres,Washington Nationals,0,0,2.7,1,0,0,0.2,1,1,1,0,0,2,1.28
2025-06-27,Cincinnati Reds,San Diego Padres,0,0,2.35,1,0,0,2.0,0,0,0,0,0,3,1.11
2025-06-30,Philadelphia Phillies,San Diego Padres,0,0,2.08,1,0,0,2.0,0,0,0,0,0,0,0.98
2025-07-06,San Diego Padres,Texas Rangers,0,0,2.41,1,1,0,1.1,4,1,1,0,1,1,1.18
2025-07-12,San Diego Padres,Philadelphia Phillies,1,0,2.29,1,0,0,1.0,1,0,0,0,0,0,1.17
2025-07-13,San Diego Padres,Philadelphia Phillies,0,0,2.14,1,0,0,1.1,2,0,0,0,0,1,1.19
2025-07-19,Washington Nationals,San Diego Padres,0,0,2.08,1,0,0,0.2,0,0,0,0,0,0,1.15
2025-07-22,Miami Marlins,San Diego Padres,0,0,2.35,1,0,0,1.1,2,1,1,0,1,2,1.22
2025-07-23,Miami Marlins,San Diego Padres,0,0,2.25,1,0,0,1.0,0,0,0,0,0,0,1.17
2025-07-25,St. Louis Cardinals,San Diego Padres,0,0,2.16,1,0,0,1.0,2,0,0,0,0,0,1.2
2025-07-27,St. Louis Cardinals,San Diego Padres,0,0,2.1,1,0,0,0.2,1,0,0,0,0,0,1.21
2025-07-28,San Diego Padres,New York Mets,0,0,2.08,1,0,0,0.1,0,0,0,0,0,0,1.19
2025-08-02,San Diego Padres,St. Louis Cardinals,0,0,1.93,1,0,0,2.0,0,0,0,0,1,1,1.14
2025-08-03,San Diego Padres,St. Louis Cardinals,0,0,1.86,1,0,0,1.0,0,0,0,0,1,3,1.14
2025-08-05,Arizona Diamondbacks,San Diego Padres,0,0,1.8,1,0,0,1.0,0,0,0,0,0,1,1.1
2025-08-10,San Diego Padres,Boston Red Sox,0,0,1.71,1,0,0,1.2,0,0,0,0,0,3,1.04
2025-08-12,San Francisco Giants,San Diego Padres,0,0,1.67,1,0,0,0.2,2,0,0,0,1,1,1.11
2025-08-16,Los Angeles Dodgers,San Diego Padres,0,0,1.85,1,0,0,1.2,1,1,1,1,0,0,1.09
2025-08-18,San Diego Padres,San Francisco Giants,0,0,1.78,1,0,0,1.1,0,0,0,0,1,3,1.08
2025-08-20,San Diego Padres,San Francisco Giants,0,0,1.72,1,0,0,1.1,0,0,0,0,0,1,1.04
2025-08-25,Seattle Mariners,San Diego Padres,0,1,2.87,1,0,0,1.0,2,5,5,0,2,2,1.12
2025-08-27,Seattle Mariners,San Diego Padres,0,0,2.82,1,0,0,0.2,1,0,0,0,1,0,1.15
2025-08-29,Minnesota Twins,San Diego Padres,0,0,2.95,1,0,0,1.1,2,1,1,1,1,0,1.18
2025-08-31,Minnesota Twins,San Diego Padres,0,0,2.81,1,1,0,2.0,1,0,0,0,0,2,1.15
2025-09-02,San Diego Padres,Baltimore Orioles,0,0,2.72,1,0,0,1.1,2,0,0,0,1,2,1.19
2025-09-05,Colorado Rockies,San Diego Padres,0,0,2.86,1,0,0,1.0,1,1,1,0,1,2,1.2
2025-09-07,Colorado Rockies,San Diego Padres,0,0,2.8,1,0,0,1.0,0,0,0,0,0,2,1.18
2025-09-24,San Diego Padres,Milwaukee Brewers,0,0,2.74,1,0,0,1.0,0,0,0,0,1,1,1.17
2025-09-26,San Diego Padres,Arizona Diamondbacks,0,0,2.72,1,0,0,0.1,0,0,0,0,3,0,1.23
2025-09-28,San Diego Padres,Arizona Diamondbacks,0,0,2.66,1,0,0,1.0,1,0,0,0,0,2,1.23
