Date,Home Tm,Away Tm,W,L,ERA,G,GS,SV,IP,H,R,ER,HR,BB,SO,WHIP
2025-03-29,Toronto Blue Jays,Baltimore Orioles,1,0,8.44,1,1,0,5.1,5,5,5,1,2,6,1.31
2025-04-04,Kansas City Royals,Baltimore Orioles,0,1,6.52,1,1,0,4.1,8,3,2,0,0,1,1.55
2025-04-09,Arizona Diamondbacks,Baltimore Orioles,0,1,8.16,1,1,0,4.2,8,6,6,3,1,4,1.67
2025-04-16,Baltimore Orioles,Cleveland Guardians,1,0,6.41,1,1,0,5.1,4,1,1,1,1,2,1.47
2025-04-22,Washington Nationals,Baltimore Orioles,0,1,6.84,1,1,0,5.1,11,6,5,2,0,4,1.6
2025-04-27,Detroit Tigers,Baltimore Orioles,0,1,7.04,1,1,0,5.2,4,5,5,0,4,3,1.57
2025-05-02,Baltimore Orioles,Kansas City Royals,1,0,5.73,1,1,0,7.0,3,0,0,0,1,2,1.38
2025-05-08,Minnesota Twins,Baltimore Orioles,0,0,5.24,1,1,0,7.0,3,2,2,1,2,8,1.28
2025-05-14,Baltimore Orioles,Minnesota Twins,0,1,5.36,1,1,0,5.2,7,4,4,2,2,4,1.31
2025-05-19,Milwaukee Brewers,Baltimore Orioles,0,0,5.5,1,1,0,5.1,9,4,4,0,2,6,1.38
2025-05-25,Boston Red Sox,Baltimore Orioles,1,0,5.02,1,1,0,5.1,7,0,0,0,1,4,1.39
2025-05-31,Baltimore Orioles,Chicago White Sox,1,0,4.7,1,1,0,6.0,6,1,1,0,2,7,1.39
2025-06-06,Athletics,Baltimore Orioles,0,1,4.98,1,1,0,5.1,8,5,5,0,1,2,1.41
2025-06-12,Baltimore Orioles,Detroit Tigers,0,1,4.99,1,0,0,7.0,5,4,4,2,2,8,1.37
2025-06-17,Tampa Bay Rays,Baltimore Orioles,1,0,4.8,1,1,0,5.0,4,1,1,0,2,4,1.36
2025-06-22,New York Yankees,Baltimore Orioles,0,0,4.6,1,1,0,5.2,5,1,1,0,1,7,1.34
2025-06-29,Baltimore Orioles,Tampa Bay Rays,1,0,4.27,1,1,0,7.0,3,0,0,0,1,6,1.29
2025-07-05,Atlanta Braves,Baltimore Orioles,0,0,4.53,1,1,0,4.1,8,5,5,2,1,3,1.32
2025-07-11,Baltimore Orioles,Miami Marlins,1,0,4.24,1,1,0,7.0,3,0,0,0,1,7,1.27
2025-07-19,Tampa Bay Rays,Baltimore Orioles,0,0,4.06,1,1,0,7.0,3,1,1,0,3,6,1.25
2025-07-25,Baltimore Orioles,Colorado Rockies,0,0,4.23,1,1,0,6.0,6,5,5,2,2,5,1.25
2025-07-30,Baltimore Orioles,Toronto Blue Jays,0,0,4.27,1,1,0,5.0,6,3,3,1,2,5,1.27
2025-08-05,Philadelphia Phillies,Baltimore Orioles,0,1,4.35,1,1,0,6.0,8,4,4,1,1,6,1.28
2025-08-12,Baltimore Orioles,Seattle Mariners,0,1,4.17,1,1,0,8.0,5,1,1,0,1,6,1.25
2025-08-17,Houston Astros,Baltimore Orioles,1,0,3.97,1,1,0,7.0,3,0,0,0,1,7,1.21
2025-08-23,Baltimore Orioles,Houston Astros,0,0,4.19,1,1,0,5.0,7,7,6,3,1,4,1.23
2025-08-29,San Francisco Giants,Baltimore Orioles,0,1,4.52,1,1,0,3.0,9,7,7,0,2,1,1.27
2025-09-05,Baltimore Orioles,Los Angeles Dodgers,0,0,4.43,1,1,0,3.0,0,0,0,0,1,4,1.26
2025-09-16,Chicago White Sox,Baltimore Orioles,1,0,4.39,1,1,0,5.2,4,2,2,1,3,4,1.26
2025-09-23,Baltimore Orioles,Tampa Bay Rays,1,0,4.23,1,1,0,6.1,1,0,0,0,0,4,1.22
2025-09-28,New York Yankees,Baltimore Orioles,0,0,4.19,1,0,0,1.1,0,0,0,0,1,2,1.21
