Date,Home Tm,Away Tm,W,L,ERA,G,GS,SV,IP,H,R,ER,HR,BB,SO,WHIP
2025-06-26,Detroit Tigers,Athletics,1,0,0.0,1,1,0,5.0,1,0,0,0,2,4,0.6
2025-07-03,Washington Nationals,Detroit Tigers,0,1,7.0,1,1,0,4.0,8,8,7,2,2,3,1.44
2025-07-09,Detroit Tigers,Tampa Bay Rays,0,0,5.25,1,0,0,3.0,4,0,0,0,0,2,1.42
2025-07-12,Detroit Tigers,Seattle Mariners,0,0,4.73,1,0,0,1.1,2,0,0,0,0,1,1.43
2025-07-21,Pittsburgh Pirates,Detroit Tigers,0,0,3.94,1,0,0,2.2,3,0,0,0,0,3,1.38
2025-07-24,Detroit Tigers,Toronto Blue Jays,0,0,5.71,1,0,0,1.1,4,4,4,0,0,1,1.5
2025-07-27,Detroit Tigers,Toronto Blue Jays,0,0,5.6,1,0,0,0.1,1,0,0,0,0,1,1.53
2025-08-03,Chicago Cubs,Baltimore Orioles,0,0,5.59,1,0,0,1.2,5,1,1,0,0,3,1.66
2025-08-06,Philadelphia Phillies,Baltimore Orioles,0,0,5.06,1,0,0,2.0,1,0,0,0,0,5,1.55
2025-08-10,Baltimore Orioles,Athletics,0,0,4.91,1,0,0,0.2,0,0,0,0,0,2,1.5
2025-08-13,Baltimore Orioles,Seattle Mariners,0,0,4.7,1,0,0,1.0,1,0,0,0,0,2,1.48
2025-08-14,Baltimore Orioles,Seattle Mariners,0,0,4.88,1,0,1,1.0,2,1,1,0,1,0,1.54
2025-08-16,Houston Astros,Baltimore Orioles,0,0,4.5,1,0,0,2.0,0,0,0,0,2,3,1.5
2025-08-18,Boston Red Sox,Baltimore Orioles,0,0,4.67,1,0,0,1.0,1,1,1,0,0,1,1.48
2025-08-23,Baltimore Orioles,Houston Astros,0,1,4.97,1,0,0,2.0,3,2,2,1,1,1,1.52
2025-08-27,Baltimore Orioles,Boston Red Sox,0,0,4.83,1,1,0,2.2,2,1,1,1,0,3,1.45
2025-09-01,San Diego Padres,Baltimore Orioles,1,0,4.5,1,0,0,2.1,2,1,0,0,1,1,1.44
2025-09-05,Baltimore Orioles,Los Angeles Dodgers,0,0,4.5,1,0,0,2.0,2,1,1,1,3,1,1.5
2025-09-09,Baltimore Orioles,Pittsburgh Pirates,1,0,4.26,1,0,0,2.0,0,0,0,0,1,2,1.45
2025-09-12,Toronto Blue Jays,Baltimore Orioles,0,1,4.35,1,0,0,1.1,3,2,1,0,1,0,1.5
2025-09-15,Chicago White Sox,Baltimore Orioles,0,0,4.04,1,0,1,3.0,0,0,0,0,0,4,1.39
2025-09-19,Baltimore Orioles,New York Yankees,0,0,4.36,1,0,0,1.0,2,2,2,1,0,1,1.41
2025-09-21,Baltimore Orioles,New York Yankees,0,0,4.26,1,0,0,1.0,1,0,0,0,1,2,1.42
2025-09-24,Baltimore Orioles,Tampa Bay Rays,0,0,4.08,1,0,0,2.0,2,1,0,0,0,3,1.4
