Date,Home Tm,Away Tm,W,L,ERA,G,GS,SV,IP,H,R,ER,HR,BB,SO,WHIP
2025-05-26,Milwaukee Brewers,Boston Red Sox,1,0,3.86,1,0,0,2.1,2,1,1,0,2,1,1.71
2025-05-30,Philadelphia Phillies,Milwaukee Brewers,0,0,1.69,1,1,0,3.0,0,0,0,0,1,4,0.94
2025-06-04,Cincinnati Reds,Milwaukee Brewers,0,0,1.08,1,1,0,3.0,1,0,0,0,2,3,0.96
2025-06-09,Milwaukee Brewers,Atlanta Braves,0,0,2.38,1,0,0,3.0,3,2,2,1,1,1,1.06
2025-06-14,Milwaukee Brewers,St. Louis Cardinals,0,0,2.03,1,0,0,2.0,0,0,0,0,1,1,0.98
2025-06-20,Minnesota Twins,Milwaukee Brewers,0,0,1.88,1,0,0,1.0,0,0,0,0,0,0,0.91
2025-06-22,Minnesota Twins,Milwaukee Brewers,0,0,3.07,1,0,0,0.1,2,2,2,0,2,0,1.16
2025-06-28,Milwaukee Brewers,Colorado Rockies,0,0,2.87,1,0,0,1.0,0,0,0,0,0,0,1.09
2025-07-02,New York Mets,Milwaukee Brewers,0,0,2.55,1,0,0,2.0,0,0,0,0,0,1,0.96
2025-07-05,Miami Marlins,Milwaukee Brewers,0,0,2.29,1,0,0,2.0,0,0,0,0,0,2,0.86
2025-07-11,Milwaukee Brewers,Washington Nationals,0,0,2.38,1,1,0,3.0,2,1,1,0,2,2,0.93
2025-07-20,Los Angeles Dodgers,Milwaukee Brewers,0,0,2.31,1,0,0,0.2,0,0,0,0,1,0,0.94
2025-07-22,Seattle Mariners,Milwaukee Brewers,0,0,2.16,1,0,0,1.2,0,0,0,0,0,1,0.88
2025-07-26,Milwaukee Brewers,Miami Marlins,0,0,2.0,1,0,0,2.0,0,0,0,0,1,2,0.85
2025-07-28,Milwaukee Brewers,Chicago Cubs,0,0,1.93,1,0,0,1.0,1,0,0,0,1,1,0.89
2025-07-30,Milwaukee Brewers,Chicago Cubs,0,0,2.79,1,0,0,1.0,3,3,3,0,0,1,0.97
2025-08-03,Washington Nationals,Milwaukee Brewers,0,0,3.16,1,0,0,2.1,3,2,2,0,1,2,1.02
2025-08-10,Milwaukee Brewers,New York Mets,0,0,2.83,1,0,0,3.2,0,0,0,0,2,4,0.97
2025-08-15,Cincinnati Reds,Milwaukee Brewers,0,0,3.35,1,0,0,2.2,5,3,3,0,0,1,1.04
2025-09-28,Milwaukee Brewers,Cincinnati Reds,0,0,3.49,1,0,0,1.0,2,1,1,1,0,0,1.06
