Date,Home Tm,Away Tm,W,L,ERA,G,GS,SV,IP,H,R,ER,HR,BB,SO,WHIP
2025-04-25,Chicago Cubs,Philadelphia Phillies,0,0,0.0,1,0,0,1.0,0,0,0,0,1,2,1.0
2025-04-26,Chicago Cubs,Philadelphia Phillies,0,0,0.0,1,0,0,1.1,0,0,0,0,0,0,0.43
2025-04-30,Pittsburgh Pirates,Chicago Cubs,0,0,0.0,1,0,0,1.0,0,0,0,0,0,1,0.3
2025-05-04,Milwaukee Brewers,Chicago Cubs,0,0,0.0,1,0,0,1.0,0,0,0,0,1,1,0.46
2025-05-06,Chicago Cubs,San Francisco Giants,0,0,0.0,1,0,0,1.0,0,0,0,0,0,0,0.38
2025-05-07,Chicago Cubs,San Francisco Giants,0,0,0.0,1,0,0,0.1,0,0,0,0,0,1,0.35
2025-05-10,New York Mets,Chicago Cubs,0,0,0.0,1,0,0,1.0,1,0,0,0,0,1,0.45
2025-05-12,Chicago Cubs,Miami Marlins,0,0,0.0,1,0,1,1.0,1,0,0,0,0,2,0.52
2025-05-14,Chicago Cubs,Miami Marlins,0,0,0.0,1,0,0,1.0,0,0,0,0,0,1,0.46
2025-05-18,Chicago Cubs,Chicago White Sox,1,0,0.0,1,0,0,0.2,1,0,0,0,0,1,0.54
2025-05-19,Miami Marlins,Chicago Cubs,0,0,0.0,1,0,0,1.0,1,0,0,0,0,1,0.58
2025-05-23,Cincinnati Reds,Chicago Cubs,0,0,0.0,1,0,0,1.0,0,0,0,0,1,1,0.62
2025-05-25,Cincinnati Reds,Chicago Cubs,1,0,0.0,1,0,0,1.0,0,0,0,0,0,2,0.57
2025-05-26,Chicago Cubs,Colorado Rockies,0,0,0.0,1,0,0,0.1,0,0,0,0,0,0,0.55
2025-05-31,Chicago Cubs,Cincinnati Reds,0,0,0.0,1,1,0,1.0,0,0,0,0,0,1,0.51
2025-06-05,Washington Nationals,Chicago Cubs,0,0,0.0,1,1,0,1.0,1,0,0,0,0,0,0.55
2025-06-09,Philadelphia Phillies,Chicago Cubs,0,0,0.0,1,0,0,0.2,0,0,0,0,0,0,0.52
2025-06-11,Philadelphia Phillies,Chicago Cubs,0,0,0.0,1,0,0,1.0,1,0,0,0,0,1,0.55
2025-06-13,Chicago Cubs,Pittsburgh Pirates,0,1,0.0,1,0,0,1.0,1,1,0,0,1,0,0.63
2025-06-14,Chicago Cubs,Pittsburgh Pirates,0,0,0.0,1,0,0,1.0,0,0,0,0,1,0,0.65
2025-06-19,Chicago Cubs,Milwaukee Brewers,0,0,0.0,1,0,0,1.0,1,0,0,0,1,2,0.72
2025-06-21,Chicago Cubs,Seattle Mariners,0,0,0.0,1,0,0,0.1,4,0,0,0,0,1,0.92
2025-06-24,St. Louis Cardinals,Chicago Cubs,0,0,0.0,1,0,0,1.0,0,0,0,0,0,0,0.87
2025-06-26,St. Louis Cardinals,Chicago Cubs,0,0,0.0,1,0,0,1.0,1,0,0,0,0,1,0.88
2025-06-28,Houston Astros,Chicago Cubs,0,0,0.0,1,0,0,1.0,0,0,0,0,0,1,0.84
2025-07-03,Chicago Cubs,Cleveland Guardians,0,0,0.0,1,0,0,0.2,1,0,0,0,1,2,0.9
2025-07-05,Chicago Cubs,St. Louis Cardinals,0,0,0.76,1,1,0,0.1,1,2,2,0,2,1,1.01
2025-07-09,Minnesota Twins,Chicago Cubs,0,0,0.73,1,0,0,1.0,1,0,0,0,0,1,1.01
2025-07-13,New York Yankees,Chicago Cubs,0,0,0.7,1,0,0,1.0,0,0,0,0,0,1,0.97
2025-07-18,Chicago Cubs,Boston Red Sox,0,0,0.69,1,0,0,0.1,0,0,0,0,0,0,0.96
2025-07-20,Chicago Cubs,Boston Red Sox,0,0,1.71,1,0,0,0.1,2,3,3,1,1,0,1.06
2025-07-23,Chicago Cubs,Kansas City Royals,0,0,2.3,1,0,0,1.0,1,2,2,1,0,2,1.06
2025-07-25,Chicago White Sox,Chicago Cubs,0,0,2.22,1,0,0,1.0,0,0,0,0,0,2,1.02
2025-07-27,Chicago White Sox,Chicago Cubs,0,0,2.17,1,0,0,0.2,2,0,0,0,0,1,1.07
2025-07-29,Milwaukee Brewers,Chicago Cubs,0,0,2.15,1,0,0,0.1,1,1,0,0,1,1,1.13
2025-08-03,Chicago Cubs,Baltimore Orioles,0,0,2.05,1,0,0,1.1,0,0,0,0,1,2,1.11
2025-08-04,Chicago Cubs,Cincinnati Reds,0,0,1.99,1,0,0,1.0,0,0,0,0,0,0,1.07
2025-08-06,Chicago Cubs,Cincinnati Reds,0,0,1.97,1,0,0,0.1,0,0,0,0,0,1,1.06
2025-08-09,St. Louis Cardinals,Chicago Cubs,0,0,1.91,1,0,0,1.0,2,0,0,0,1,1,1.12
2025-08-14,Toronto Blue Jays,Chicago Cubs,0,0,1.85,1,0,0,1.0,1,0,0,0,0,1,1.12
2025-08-18,Chicago Cubs,Milwaukee Brewers,0,0,1.78,1,0,0,1.1,0,0,0,0,0,0,1.08
2025-08-19,Chicago Cubs,Milwaukee Brewers,0,0,1.73,1,0,0,1.0,0,0,0,0,0,2,1.05
2025-08-21,Chicago Cubs,Milwaukee Brewers,0,0,1.69,1,0,0,1.0,1,0,0,0,0,1,1.04
2025-08-26,San Francisco Giants,Chicago Cubs,0,0,1.66,1,0,0,0.2,0,0,0,0,0,0,1.03
2025-08-29,Colorado Rockies,Chicago Cubs,0,0,2.09,1,0,0,0.2,3,2,2,1,0,0,1.09
2025-09-02,Chicago Cubs,Atlanta Braves,0,0,2.04,1,0,0,1.0,1,0,0,0,0,1,1.08
2025-09-03,Chicago Cubs,Atlanta Braves,0,0,2.45,1,0,0,0.2,3,2,2,1,0,1,1.14
2025-09-06,Chicago Cubs,Washington Nationals,0,0,2.4,1,0,0,1.0,0,0,0,0,0,2,1.11
2025-09-07,Chicago Cubs,Washington Nationals,0,0,2.34,1,1,0,1.0,0,0,0,0,0,2,1.09
2025-09-12,Chicago Cubs,Tampa Bay Rays,0,0,2.28,1,0,0,1.0,0,0,0,0,0,1,1.06
2025-09-13,Chicago Cubs,Tampa Bay Rays,0,0,2.25,1,0,0,0.2,1,0,0,0,0,0,1.07
2025-09-16,Pittsburgh Pirates,Chicago Cubs,0,0,2.2,1,0,0,1.0,0,0,0,0,0,2,1.04
2025-09-17,Pittsburgh Pirates,Chicago Cubs,0,0,2.15,1,0,0,1.0,1,0,0,0,1,1,1.07
2025-09-20,Cincinnati Reds,Chicago Cubs,0,1,2.3,1,0,0,1.0,2,1,1,1,0,2,1.09
2025-09-23,Chicago Cubs,New York Mets,0,0,2.28,1,0,0,0.1,1,0,0,0,1,1,1.12
2025-09-25,Chicago Cubs,New York Mets,0,0,2.22,1,0,0,1.1,0,0,0,0,0,2,1.09
2025-09-27,Chicago Cubs,St. Louis Cardinals,0,0,2.17,1,0,0,1.0,0,0,0,0,0,2,1.07
