Date,Home Tm,Away Tm,W,L,ERA,G,GS,SV,IP,H,R,ER,HR,BB,SO,WHIP
2025-03-31,Tampa Bay Rays,Pittsburgh Pirates,1,0,0.0,1,1,0,5.0,2,0,0,0,0,4,0.4
2025-04-06,Texas Rangers,Tampa Bay Rays,0,0,0.9,1,1,0,5.0,3,1,1,0,1,4,0.6
2025-04-12,Tampa Bay Rays,Atlanta Braves,0,0,0.6,1,1,0,5.0,4,0,0,0,1,7,0.73
2025-04-18,Tampa Bay Rays,New York Yankees,0,1,0.87,1,1,0,5.2,3,1,1,0,3,7,0.82
2025-04-24,Arizona Diamondbacks,Tampa Bay Rays,0,0,2.1,1,1,0,5.0,5,4,4,1,1,5,0.9
2025-04-30,Tampa Bay Rays,Kansas City Royals,0,1,2.64,1,1,0,5.0,6,3,3,1,1,3,0.98
2025-05-06,Tampa Bay Rays,Philadelphia Phillies,0,1,3.09,1,1,0,4.1,5,3,3,2,2,2,1.06
2025-05-11,Tampa Bay Rays,Milwaukee Brewers,0,1,3.38,1,1,0,5.0,4,3,3,2,1,3,1.05
2025-05-17,Miami Marlins,Tampa Bay Rays,1,0,2.93,1,1,0,6.0,4,0,0,0,0,5,1.0
2025-05-23,Tampa Bay Rays,Toronto Blue Jays,1,0,2.6,1,1,0,6.0,4,0,0,0,2,3,1.0
2025-05-28,Tampa Bay Rays,Minnesota Twins,1,0,2.33,1,1,0,6.0,1,0,0,0,1,5,0.93
2025-06-03,Tampa Bay Rays,Texas Rangers,1,0,2.14,1,1,0,5.0,1,0,0,0,0,8,0.87
2025-06-08,Tampa Bay Rays,Miami Marlins,0,0,2.22,1,1,0,6.0,6,2,2,0,1,3,0.9
2025-06-14,New York Mets,Tampa Bay Rays,1,0,2.55,1,1,0,5.0,7,4,4,2,1,3,0.95
2025-06-19,Tampa Bay Rays,Baltimore Orioles,0,1,2.61,1,1,0,5.1,4,2,2,0,3,5,0.97
2025-06-25,Kansas City Royals,Tampa Bay Rays,1,0,2.45,1,1,0,5.0,2,0,0,0,2,5,0.96
2025-06-30,Tampa Bay Rays,Athletics,0,0,2.78,1,1,0,3.0,5,4,4,1,1,2,1.0
2025-07-06,Minnesota Twins,Tampa Bay Rays,0,0,2.82,1,1,0,2.0,3,1,1,1,0,2,1.01
2025-07-11,Boston Red Sox,Tampa Bay Rays,0,0,2.86,1,1,0,2.0,3,1,1,0,1,1,1.03
2025-07-22,Tampa Bay Rays,Chicago White Sox,0,0,2.93,1,1,0,4.0,3,2,2,0,1,5,1.03
2025-07-28,New York Yankees,Tampa Bay Rays,1,0,2.96,1,1,0,5.0,4,2,2,0,2,5,1.04
2025-08-02,Tampa Bay Rays,Los Angeles Dodgers,1,0,2.81,1,1,0,5.1,4,0,0,0,0,6,1.02
2025-08-08,Seattle Mariners,Tampa Bay Rays,0,0,2.66,1,1,0,6.0,4,0,0,0,0,4,1.0
2025-08-13,Athletics,Tampa Bay Rays,1,0,2.6,1,1,0,6.0,3,2,1,1,0,5,0.98
2025-08-20,Tampa Bay Rays,New York Yankees,0,0,2.62,1,1,0,6.0,5,2,2,2,2,6,0.99
2025-08-27,Cleveland Guardians,Tampa Bay Rays,0,0,2.64,1,1,0,6.0,4,2,2,0,1,5,0.98
2025-09-02,Tampa Bay Rays,Seattle Mariners,0,0,2.74,1,1,0,5.0,4,3,3,3,0,2,0.97
2025-09-07,Tampa Bay Rays,Cleveland Guardians,0,0,2.64,1,1,0,5.0,3,0,0,0,3,2,0.98
2025-09-13,Chicago Cubs,Tampa Bay Rays,0,0,2.74,1,1,0,5.0,4,3,3,1,3,5,1.0
2025-09-19,Tampa Bay Rays,Boston Red Sox,0,0,2.8,1,1,0,3.0,4,2,2,1,1,2,1.01
2025-09-25,Baltimore Orioles,Tampa Bay Rays,0,0,2.76,1,1,0,2.1,2,0,0,0,2,3,1.02
