Date,Home Tm,Away Tm,W,L,ERA,G,GS,SV,IP,H,R,ER,HR,BB,SO,WHIP
2025-04-01,Los Angeles Dodgers,Atlanta Braves,0,0,0.0,1,1,0,5.0,1,1,0,0,3,6,0.8
2025-04-07,Washington Nationals,Los Angeles Dodgers,0,1,0.82,1,1,0,6.0,3,3,1,0,3,1,0.91
2025-04-14,Los Angeles Dodgers,Colorado Rockies,1,0,1.06,1,1,0,6.0,3,1,1,0,0,7,0.76
2025-04-22,Chicago Cubs,Los Angeles Dodgers,0,0,3.68,1,1,0,5.0,10,7,7,1,3,5,1.18
2025-04-28,Los Angeles Dodgers,Miami Marlins,0,0,3.95,1,1,0,5.1,5,3,3,0,3,3,1.24
2025-05-04,Atlanta Braves,Los Angeles Dodgers,0,1,4.36,1,1,0,5.2,5,4,4,2,2,6,1.24
2025-05-10,Arizona Diamondbacks,Los Angeles Dodgers,0,1,4.08,1,1,0,6.2,7,2,2,1,1,5,1.24
2025-05-16,Los Angeles Dodgers,Los Angeles Angels,0,1,4.43,1,1,0,5.0,6,4,4,1,2,8,1.28
2025-05-21,Los Angeles Dodgers,Arizona Diamondbacks,1,0,4.09,1,1,0,6.0,5,1,1,1,1,8,1.24
2025-05-27,Cleveland Guardians,Los Angeles Dodgers,1,0,4.2,1,1,0,5.0,4,3,3,1,2,9,1.24
2025-06-02,Los Angeles Dodgers,New York Mets,0,0,4.09,1,1,0,6.0,6,2,2,1,2,5,1.25
2025-06-09,San Diego Padres,Los Angeles Dodgers,0,0,4.46,1,1,0,5.0,6,6,5,0,4,1,1.31
2025-06-15,Los Angeles Dodgers,San Francisco Giants,1,0,4.46,1,1,0,6.0,6,3,3,0,4,3,1.33
2025-06-21,Los Angeles Dodgers,Washington Nationals,0,1,4.46,1,1,0,6.0,5,3,3,3,2,5,1.32
2025-06-27,Kansas City Royals,Los Angeles Dodgers,0,0,4.68,1,1,0,4.0,6,4,4,1,3,3,1.37
2025-07-03,Los Angeles Dodgers,Chicago White Sox,1,0,4.52,1,1,0,7.0,4,2,2,1,1,9,1.32
2025-07-11,San Francisco Giants,Los Angeles Dodgers,0,1,4.96,1,1,0,4.2,5,7,7,2,4,4,1.35
2025-07-21,Los Angeles Dodgers,Minnesota Twins,1,0,4.73,1,0,0,4.2,5,0,0,0,3,4,1.36
2025-07-27,Boston Red Sox,Los Angeles Dodgers,0,1,4.85,1,1,0,5.0,5,4,4,1,0,5,1.35
2025-08-06,Boston Red Sox,Kansas City Royals,0,1,4.93,1,1,0,3.2,6,3,3,0,1,4,1.37
2025-08-12,Houston Astros,Boston Red Sox,1,0,4.67,1,1,0,6.0,5,0,0,0,1,8,1.35
2025-08-18,Boston Red Sox,Baltimore Orioles,0,1,4.59,1,1,0,6.0,8,2,2,1,2,5,1.36
2025-08-24,New York Yankees,Boston Red Sox,0,1,4.79,1,1,0,4.1,5,5,5,3,3,3,1.38
2025-08-30,Boston Red Sox,Pittsburgh Pirates,0,1,5.01,1,1,0,5.1,8,7,6,1,4,5,1.41
2025-09-03,Boston Red Sox,Cleveland Guardians,0,0,4.96,1,0,0,3.0,3,1,1,0,2,1,1.42
