Date,Home Tm,Away Tm,W,L,ERA,G,GS,SV,IP,H,R,ER,HR,BB,SO,WHIP
2025-03-28,San Diego Padres,Atlanta Braves,0,0,6.23,1,1,0,4.1,4,3,3,1,2,7,1.38
2025-04-02,San Diego Padres,Cleveland Guardians,1,0,3.38,1,1,0,6.1,4,1,1,0,1,7,1.03
2025-04-08,Athletics,San Diego Padres,0,1,7.98,1,1,0,4.0,9,9,9,0,3,4,1.57
2025-04-14,San Diego Padres,Chicago Cubs,0,0,6.64,1,1,0,5.2,7,3,2,1,1,6,1.52
2025-04-20,Houston Astros,San Diego Padres,0,0,6.04,1,1,0,5.0,6,2,2,0,1,6,1.5
2025-04-26,San Diego Padres,Tampa Bay Rays,0,1,5.76,1,1,0,4.1,6,3,2,1,4,6,1.62
2025-05-02,Pittsburgh Pirates,San Diego Padres,0,0,5.61,1,1,0,4.0,3,2,2,0,3,3,1.6
2025-05-07,New York Yankees,San Diego Padres,0,0,4.91,1,1,0,6.2,1,1,1,1,2,9,1.41
2025-05-13,San Diego Padres,Los Angeles Angels,0,0,4.6,1,1,0,6.2,5,2,2,1,1,10,1.34
2025-05-20,Toronto Blue Jays,San Diego Padres,0,1,4.5,1,1,0,7.0,3,3,3,2,1,6,1.24
2025-05-25,Atlanta Braves,San Diego Padres,0,0,4.58,1,1,0,5.0,6,3,3,0,1,8,1.25
2025-05-31,San Diego Padres,Pittsburgh Pirates,0,1,4.66,1,1,0,4.2,7,3,3,1,1,6,1.29
2025-06-05,San Francisco Giants,San Diego Padres,0,1,4.72,1,1,0,5.0,5,3,3,0,3,7,1.31
2025-06-10,San Diego Padres,Los Angeles Dodgers,1,0,4.28,1,1,0,7.0,3,0,0,0,5,11,1.3
2025-06-16,Los Angeles Dodgers,San Diego Padres,0,1,4.69,1,1,0,5.0,8,6,6,0,1,9,1.33
2025-06-21,San Diego Padres,Kansas City Royals,1,0,4.43,1,1,0,6.2,3,1,1,0,3,4,1.29
2025-06-27,Cincinnati Reds,San Diego Padres,0,1,4.53,1,1,0,4.0,5,4,3,2,3,8,1.32
2025-07-02,Philadelphia Phillies,San Diego Padres,0,1,4.62,1,1,0,6.0,8,4,4,2,0,4,1.33
2025-07-09,San Diego Padres,Arizona Diamondbacks,0,1,4.88,1,1,0,6.0,5,6,6,3,3,8,1.33
2025-07-18,Washington Nationals,San Diego Padres,0,0,4.64,1,1,0,5.1,4,0,0,0,0,10,1.3
2025-07-23,Miami Marlins,San Diego Padres,0,1,4.59,1,1,0,5.0,4,3,2,1,3,5,1.3
2025-07-28,San Diego Padres,New York Mets,0,0,4.79,1,1,0,4.2,5,5,5,1,5,9,1.34
2025-08-03,San Diego Padres,St. Louis Cardinals,1,0,4.6,1,1,0,5.0,1,0,0,0,1,9,1.3
2025-08-10,San Diego Padres,Boston Red Sox,1,0,4.52,1,1,0,6.0,4,2,2,0,2,7,1.28
2025-08-16,Los Angeles Dodgers,San Diego Padres,0,1,4.61,1,1,0,3.1,2,5,3,0,6,2,1.31
2025-08-21,San Diego Padres,San Francisco Giants,1,0,4.71,1,1,0,5.0,6,4,4,2,2,7,1.32
2025-08-26,Seattle Mariners,San Diego Padres,0,0,4.82,1,1,0,4.1,4,4,4,1,3,5,1.33
2025-09-01,San Diego Padres,Baltimore Orioles,0,0,4.81,1,1,0,4.0,5,2,2,0,2,7,1.34
2025-09-07,Colorado Rockies,San Diego Padres,1,0,4.71,1,1,0,5.0,4,1,1,0,2,5,1.34
2025-09-13,San Diego Padres,Colorado Rockies,1,0,4.59,1,1,0,6.0,5,1,1,0,1,6,1.32
2025-09-19,Chicago White Sox,San Diego Padres,0,1,4.64,1,1,0,6.0,4,4,4,1,3,6,1.32
2025-09-24,San Diego Padres,Milwaukee Brewers,0,0,4.55,1,1,0,5.0,6,1,1,0,2,8,1.33
