Date,Home Tm,Away Tm,W,L,ERA,G,GS,SV,IP,H,R,ER,HR,BB,SO,WHIP
2025-04-02,Toronto Blue Jays,Washington Nationals,1,0,0.0,1,1,0,5.0,1,0,0,0,2,3,0.6
2025-04-08,Boston Red Sox,Toronto Blue Jays,1,0,0.0,1,1,0,5.1,3,0,0,0,1,8,0.68
2025-04-14,Toronto Blue Jays,Atlanta Braves,0,1,4.7,1,1,0,5.0,6,8,8,3,4,3,1.11
2025-04-20,Toronto Blue Jays,Seattle Mariners,0,1,7.41,1,1,0,1.2,7,6,6,2,2,5,1.53
2025-05-31,Toronto Blue Jays,Athletics,1,0,5.82,1,0,0,4.2,4,0,0,0,1,3,1.43
2025-07-29,Baltimore Orioles,Toronto Blue Jays,0,1,6.66,1,1,0,2.2,4,4,4,0,2,1,1.52
