Date,Home Tm,Away Tm,W,L,ERA,G,GS,SV,IP,H,R,ER,HR,BB,SO,WHIP
2025-03-30,Arizona Diamondbacks,Chicago Cubs,0,0,5.06,1,1,0,5.1,3,3,3,2,3,5,1.13
2025-04-05,Washington Nationals,Arizona Diamondbacks,0,1,6.1,1,1,0,5.0,5,4,4,0,1,12,1.16
2025-04-11,Arizona Diamondbacks,Milwaukee Brewers,0,1,4.86,1,1,0,6.1,6,3,2,0,2,3,1.2
2025-04-17,Miami Marlins,Arizona Diamondbacks,1,0,4.09,1,1,0,5.1,10,3,1,0,0,9,1.36
2025-04-23,Arizona Diamondbacks,Tampa Bay Rays,0,0,4.4,1,1,0,6.2,6,4,4,1,1,5,1.29
2025-04-29,New York Mets,Arizona Diamondbacks,0,1,6.06,1,1,0,4.0,9,8,8,3,1,1,1.44
2025-05-04,Philadelphia Phillies,Arizona Diamondbacks,0,0,5.92,1,1,0,5.1,5,4,3,1,4,10,1.47
2025-05-09,Arizona Diamondbacks,Los Angeles Dodgers,0,0,6.86,1,1,0,2.2,9,8,6,1,3,3,1.67
2025-05-14,San Francisco Giants,Arizona Diamondbacks,0,0,7.05,1,1,0,4.0,5,4,4,0,3,4,1.7
2025-06-06,Cincinnati Reds,Arizona Diamondbacks,0,0,6.7,1,1,0,5.0,6,2,2,1,0,3,1.65
2025-06-11,Arizona Diamondbacks,Seattle Mariners,1,0,6.27,1,1,0,6.1,6,2,2,1,1,5,1.59
2025-06-18,Toronto Blue Jays,Arizona Diamondbacks,0,1,5.93,1,1,0,4.2,6,2,1,1,3,4,1.62
2025-06-23,Chicago White Sox,Arizona Diamondbacks,1,0,5.4,1,1,0,6.0,5,0,0,0,2,10,1.58
2025-06-29,Arizona Diamondbacks,Miami Marlins,0,0,5.13,1,1,0,5.1,4,1,1,0,3,6,1.56
2025-07-04,Arizona Diamondbacks,Kansas City Royals,0,1,5.78,1,1,0,4.1,12,9,8,3,0,7,1.62
2025-07-10,San Diego Padres,Arizona Diamondbacks,0,1,5.94,1,1,0,4.0,8,4,4,2,2,3,1.67
2025-07-22,Arizona Diamondbacks,Houston Astros,0,0,5.5,1,1,0,6.1,6,0,0,0,3,3,1.65
2025-07-28,Detroit Tigers,Arizona Diamondbacks,0,1,5.63,1,1,0,6.0,8,5,5,2,2,5,1.65
2025-08-03,Athletics,Arizona Diamondbacks,1,0,5.53,1,1,0,5.0,6,2,2,0,3,5,1.66
2025-08-09,Arizona Diamondbacks,Colorado Rockies,0,0,5.68,1,1,0,5.1,6,5,5,1,5,2,1.68
2025-08-14,Colorado Rockies,Arizona Diamondbacks,1,0,5.4,1,1,0,7.0,6,1,1,1,1,6,1.64
2025-08-19,Arizona Diamondbacks,Cleveland Guardians,0,0,5.4,1,1,0,6.2,5,4,4,1,3,4,1.61
2025-08-25,Milwaukee Brewers,Arizona Diamondbacks,0,1,5.67,1,1,0,2.1,6,5,5,0,1,1,1.64
2025-08-30,Los Angeles Dodgers,Arizona Diamondbacks,1,0,5.4,1,1,0,6.0,4,0,0,0,4,4,1.62
2025-09-05,Arizona Diamondbacks,Boston Red Sox,1,0,5.22,1,1,0,6.0,4,1,1,0,2,4,1.6
2025-09-10,San Francisco Giants,Arizona Diamondbacks,1,0,4.98,1,1,0,6.1,2,0,0,0,2,6,1.55
2025-09-16,Arizona Diamondbacks,San Francisco Giants,0,0,5.12,1,1,0,5.0,8,5,5,1,1,2,1.56
2025-09-21,Arizona Diamondbacks,Philadelphia Phillies,1,0,4.91,1,1,0,6.0,6,0,0,0,3,5,1.56
2025-09-27,San Diego Padres,Arizona Diamondbacks,0,1,5.02,1,1,0,6.0,6,5,5,3,1,6,1.54
