Date,Home Tm,Away Tm,W,L,ERA,G,GS,SV,IP,H,R,ER,HR,BB,SO,WHIP
2025-04-11,Miami Marlins,Washington Nationals,0,0,3.18,1,1,0,5.2,4,2,2,1,3,5,1.24
2025-04-17,Miami Marlins,Arizona Diamondbacks,0,1,6.52,1,1,0,4.0,4,5,5,1,3,6,1.45
2025-04-22,Miami Marlins,Cincinnati Reds,0,0,6.14,1,1,0,5.0,5,3,3,1,2,7,1.43
2025-04-28,Los Angeles Dodgers,Miami Marlins,0,0,7.23,1,1,0,4.0,9,5,5,1,3,2,1.77
2025-05-04,Miami Marlins,Athletics,0,0,6.29,1,1,0,5.2,7,2,2,0,1,4,1.68
2025-05-10,Chicago White Sox,Miami Marlins,0,0,5.52,1,1,0,5.0,3,1,1,1,1,2,1.53
2025-05-19,Miami Marlins,Chicago Cubs,0,0,5.5,1,1,0,5.0,5,3,3,1,1,7,1.49
2025-05-25,Los Angeles Angels,Miami Marlins,1,0,4.73,1,1,0,5.2,3,0,0,0,2,10,1.4
2025-05-31,Miami Marlins,San Francisco Giants,1,0,4.14,1,1,0,5.2,6,0,0,0,3,5,1.42
2025-06-06,Tampa Bay Rays,Miami Marlins,0,1,3.99,1,1,0,4.0,6,3,1,0,2,5,1.47
2025-06-13,Washington Nationals,Miami Marlins,0,0,4.1,1,1,0,3.0,2,2,2,1,2,5,1.46
2025-06-19,Miami Marlins,Philadelphia Phillies,0,0,3.81,1,1,0,6.1,2,1,1,0,3,5,1.39
2025-06-25,San Francisco Giants,Miami Marlins,0,0,3.78,1,1,0,5.1,3,2,2,1,3,6,1.37
2025-07-01,Miami Marlins,Minnesota Twins,1,0,3.41,1,1,0,7.0,2,0,0,0,1,6,1.28
2025-07-06,Miami Marlins,Milwaukee Brewers,0,1,3.33,1,1,0,7.0,5,2,2,1,0,5,1.23
2025-07-11,Baltimore Orioles,Miami Marlins,0,1,3.61,1,1,0,4.0,8,4,4,0,0,6,1.26
2025-07-22,Miami Marlins,San Diego Padres,1,0,3.48,1,1,0,5.2,5,1,1,0,0,6,1.24
2025-07-28,St. Louis Cardinals,Miami Marlins,0,1,3.35,1,1,0,6.0,4,2,1,1,3,4,1.23
2025-08-03,Miami Marlins,New York Yankees,1,0,3.24,1,1,0,6.0,2,1,1,1,1,7,1.19
2025-08-08,Atlanta Braves,Miami Marlins,1,0,3.08,1,1,0,8.0,2,1,1,1,1,11,1.13
2025-08-14,Cleveland Guardians,Miami Marlins,0,1,3.34,1,1,0,5.1,7,5,5,0,3,6,1.16
2025-08-19,Miami Marlins,St. Louis Cardinals,0,1,3.52,1,1,0,4.1,11,6,4,0,1,6,1.22
2025-08-25,Miami Marlins,Atlanta Braves,1,0,3.32,1,1,0,7.0,1,0,0,0,2,10,1.18
2025-08-30,New York Mets,Miami Marlins,0,0,3.57,1,1,0,4.0,8,6,5,3,1,4,1.21
2025-09-23,Philadelphia Phillies,Miami Marlins,0,0,3.66,1,1,0,4.0,5,3,3,2,1,3,1.22
2025-09-28,Miami Marlins,New York Mets,1,0,3.53,1,1,0,5.0,2,0,0,0,5,7,1.23
