Date,Home Tm,Away Tm,W,L,ERA,G,GS,SV,IP,H,R,ER,HR,BB,SO,WHIP
2025-03-31,Milwaukee Brewers,Kansas City Royals,0,1,9.0,1,1,0,4.0,6,4,4,1,1,3,1.75
2025-04-05,Milwaukee Brewers,Cincinnati Reds,0,1,11.0,1,1,0,5.0,8,7,7,4,1,2,1.78
2025-04-10,Colorado Rockies,Milwaukee Brewers,0,0,10.61,1,0,0,0.1,1,0,0,0,0,1,1.82
2025-04-14,Milwaukee Brewers,Detroit Tigers,0,0,7.53,1,0,0,5.0,3,1,1,1,0,7,1.4
2025-05-03,Milwaukee Brewers,Chicago Cubs,0,0,7.04,1,0,0,1.0,0,0,0,0,1,2,1.37
2025-05-07,Milwaukee Brewers,Houston Astros,0,0,8.68,1,0,0,3.1,5,6,6,1,4,2,1.61
2025-08-04,Philadelphia Phillies,Baltimore Orioles,0,0,9.15,1,0,0,1.0,3,2,2,2,0,1,1.68
