Date,Home Tm,Away Tm,W,L,ERA,G,GS,SV,IP,H,R,ER,HR,BB,SO,WHIP
2025-03-29,New York Yankees,Milwaukee Brewers,0,0,0.0,1,0,0,2.0,2,2,0,0,0,0,1.0
2025-03-31,Milwaukee Brewers,Kansas City Royals,0,0,10.8,1,0,0,1.1,4,4,4,1,1,0,2.1
2025-04-03,Milwaukee Brewers,Cincinnati Reds,0,0,8.31,1,0,0,1.0,1,0,0,0,1,1,2.08
2025-04-05,Milwaukee Brewers,Cincinnati Reds,0,0,7.2,1,0,0,0.2,0,0,0,0,0,1,1.8
2025-04-09,Colorado Rockies,Milwaukee Brewers,0,0,5.68,1,0,0,1.1,0,0,0,0,2,1,1.74
2025-05-12,Cleveland Guardians,Milwaukee Brewers,0,0,4.91,1,0,0,1.0,1,0,0,0,0,2,1.64
2025-08-11,Chicago White Sox,Detroit Tigers,0,0,5.0,1,1,0,1.2,3,1,1,0,0,3,1.67
2025-08-19,Atlanta Braves,Chicago White Sox,0,0,6.75,1,0,0,0.1,1,2,2,0,2,0,1.93
