Date,Home Tm,Away Tm,W,L,ERA,G,GS,SV,IP,H,R,ER,HR,BB,SO,WHIP
2025-03-31,Seattle Mariners,Detroit Tigers,0,1,81.0,1,1,0,0.2,7,6,6,1,1,0,12.0
2025-04-17,Cincinnati Reds,Seattle Mariners,0,0,12.71,1,1,0,5.0,5,2,2,1,0,4,2.29
2025-04-23,Boston Red Sox,Seattle Mariners,1,0,7.71,1,1,0,6.0,5,2,2,0,2,7,1.71
2025-04-30,Seattle Mariners,Los Angeles Angels,0,0,6.62,1,1,0,6.0,9,3,3,1,2,4,1.75
2025-05-06,Athletics,Seattle Mariners,0,0,5.7,1,1,0,6.0,4,2,2,0,2,2,1.56
2025-05-12,Seattle Mariners,New York Yankees,0,1,6.91,1,1,0,5.0,8,7,7,3,4,5,1.71
2025-05-17,San Diego Padres,Seattle Mariners,0,0,6.21,1,1,0,4.2,6,1,1,1,1,3,1.68
2025-05-23,Houston Astros,Seattle Mariners,1,0,5.95,1,1,0,6.0,9,3,3,1,0,3,1.65
2025-05-29,Seattle Mariners,Washington Nationals,0,0,5.64,1,1,0,5.1,2,2,2,0,3,4,1.57
2025-06-04,Seattle Mariners,Baltimore Orioles,0,0,5.19,1,1,0,5.2,2,1,1,1,2,6,1.47
2025-06-09,Arizona Diamondbacks,Seattle Mariners,0,0,5.04,1,1,0,5.0,6,2,2,1,3,3,1.5
2025-06-15,Seattle Mariners,Cleveland Guardians,1,0,4.48,1,1,0,7.0,2,0,0,0,1,4,1.38
2025-06-21,Chicago Cubs,Seattle Mariners,0,1,5.43,1,1,0,4.0,6,9,9,4,3,5,1.43
2025-06-26,Minnesota Twins,Seattle Mariners,0,1,5.3,1,1,0,5.0,3,2,2,1,3,2,1.42
2025-07-01,Seattle Mariners,Kansas City Royals,0,1,5.47,1,1,0,6.0,7,5,5,0,3,1,1.44
2025-09-01,Tampa Bay Rays,Seattle Mariners,0,0,5.51,1,0,0,1.0,3,3,1,0,0,2,1.46
2025-09-03,Tampa Bay Rays,Seattle Mariners,0,0,5.49,1,0,0,2.0,4,1,1,0,1,0,1.48
2025-09-07,Atlanta Braves,Seattle Mariners,0,0,5.42,1,0,0,1.0,2,0,0,0,0,0,1.49
2025-09-10,Seattle Mariners,St. Louis Cardinals,1,0,5.29,1,0,0,2.0,0,0,0,0,0,0,1.45
2025-09-14,Seattle Mariners,Los Angeles Angels,0,0,5.19,1,0,0,1.2,1,0,0,0,0,2,1.44
2025-09-16,Kansas City Royals,Seattle Mariners,0,0,5.13,1,0,0,1.0,0,0,0,0,0,0,1.42
2025-09-25,Seattle Mariners,Colorado Rockies,0,0,4.9,1,1,0,4.0,2,0,0,0,0,7,1.38
