Date,Home Tm,Away Tm,W,L,ERA,G,GS,SV,IP,H,R,ER,HR,BB,SO,WHIP
2025-06-18,Los Angeles Dodgers,San Diego Padres,0,0,2.25,1,1,0,4.0,3,1,1,0,0,6,0.75
2025-07-06,Los Angeles Dodgers,Houston Astros,0,0,2.0,1,1,0,5.0,5,1,1,0,1,4,1.0
2025-07-12,San Francisco Giants,Los Angeles Dodgers,1,0,2.03,1,0,0,4.1,2,1,1,0,3,3,1.05
2025-07-19,Los Angeles Dodgers,Milwaukee Brewers,0,1,4.41,1,1,0,3.0,7,5,5,1,1,3,1.35
2025-07-25,Boston Red Sox,Los Angeles Dodgers,1,0,4.22,1,1,0,5.0,3,2,2,0,2,5,1.27
2025-07-30,Cincinnati Reds,Los Angeles Dodgers,0,1,3.6,1,0,0,3.2,1,3,0,0,3,5,1.24
2025-08-05,Los Angeles Dodgers,St. Louis Cardinals,1,0,3.0,1,1,0,5.0,4,2,0,1,1,5,1.2
2025-08-12,Los Angeles Angels,Los Angeles Dodgers,0,0,3.86,1,1,0,5.0,5,5,5,1,2,6,1.23
2025-08-19,Colorado Rockies,Los Angeles Dodgers,1,0,4.17,1,1,0,6.0,6,4,4,2,2,7,1.24
2025-08-25,Los Angeles Dodgers,Cincinnati Reds,1,0,3.56,1,1,0,7.0,2,0,0,0,1,10,1.13
2025-09-03,Pittsburgh Pirates,Los Angeles Dodgers,0,1,3.59,1,1,0,4.2,5,2,2,2,2,6,1.16
2025-09-09,Los Angeles Dodgers,Colorado Rockies,1,0,3.32,1,1,0,7.0,3,1,1,0,1,9,1.09
2025-09-15,Los Angeles Dodgers,Philadelphia Phillies,0,0,3.17,1,0,0,5.2,1,1,1,0,3,7,1.06
2025-09-21,Los Angeles Dodgers,San Francisco Giants,0,0,2.86,1,1,0,7.0,1,0,0,0,0,10,0.97
2025-09-26,Seattle Mariners,Los Angeles Dodgers,0,0,2.82,1,1,0,1.0,1,1,0,0,0,3,0.97
