Date,Home Tm,Away Tm,W,L,ERA,G,GS,SV,IP,H,R,ER,HR,BB,SO,WHIP
2025-03-29,St. Louis Cardinals,Minnesota Twins,1,0,1.5,1,1,0,6.0,2,1,1,0,0,2,0.33
2025-04-04,Boston Red Sox,St. Louis Cardinals,0,1,7.0,1,1,0,3.0,5,6,6,2,4,1,1.22
2025-04-09,Pittsburgh Pirates,St. Louis Cardinals,0,0,4.2,1,1,0,6.0,0,0,0,0,4,2,1.0
2025-04-15,St. Louis Cardinals,Houston Astros,0,1,3.43,1,1,0,6.0,6,1,1,0,3,5,1.14
2025-04-21,Atlanta Braves,St. Louis Cardinals,0,0,3.33,1,1,0,6.0,5,2,2,1,3,3,1.19
2025-04-27,St. Louis Cardinals,Milwaukee Brewers,0,1,4.68,1,1,0,5.2,10,7,7,0,2,4,1.35
2025-05-04,St. Louis Cardinals,New York Mets,1,0,4.78,1,1,0,5.0,6,3,3,0,5,4,1.46
2025-05-09,Washington Nationals,St. Louis Cardinals,1,0,3.86,1,1,0,9.0,6,0,0,0,0,8,1.31
2025-05-14,Philadelphia Phillies,St. Louis Cardinals,0,0,3.44,1,1,0,5.2,3,0,0,0,4,3,1.3
2025-05-20,St. Louis Cardinals,Detroit Tigers,0,0,3.77,1,1,0,5.0,5,4,4,2,0,2,1.27
2025-05-26,Baltimore Orioles,St. Louis Cardinals,0,1,3.9,1,1,0,5.0,7,5,3,1,1,5,1.3
2025-06-01,Texas Rangers,St. Louis Cardinals,0,1,3.82,1,1,0,6.0,4,2,2,0,3,5,1.29
2025-06-07,St. Louis Cardinals,Los Angeles Dodgers,0,0,3.54,1,1,0,5.1,4,0,0,0,4,2,1.3
2025-06-13,Milwaukee Brewers,St. Louis Cardinals,0,1,3.65,1,1,0,5.1,4,3,3,0,1,5,1.28
2025-06-19,Chicago White Sox,St. Louis Cardinals,0,0,3.54,1,1,0,5.0,6,2,1,0,2,4,1.3
2025-06-25,St. Louis Cardinals,Chicago Cubs,0,1,4.11,1,1,0,3.2,8,7,7,3,2,2,1.36
2025-06-30,Pittsburgh Pirates,St. Louis Cardinals,0,1,4.56,1,1,0,5.0,10,7,7,1,3,0,1.42
2025-07-06,Chicago Cubs,St. Louis Cardinals,0,1,4.79,1,1,0,1.1,2,3,3,0,4,0,1.47
2025-07-12,St. Louis Cardinals,Atlanta Braves,0,0,4.83,1,1,0,4.2,6,3,3,2,1,1,1.47
2025-07-22,Colorado Rockies,St. Louis Cardinals,0,1,5.22,1,1,0,3.0,7,6,6,2,1,5,1.5
2025-07-29,Kansas City Royals,Atlanta Braves,0,1,5.33,1,1,0,4.2,5,4,4,1,2,3,1.5
2025-08-04,Atlanta Braves,Milwaukee Brewers,0,1,5.32,1,1,0,5.1,3,3,3,1,2,0,1.48
2025-08-09,Atlanta Braves,Miami Marlins,1,0,5.4,1,1,0,5.0,5,4,4,0,4,4,1.49
2025-08-17,Cleveland Guardians,Atlanta Braves,0,0,5.52,1,1,0,4.0,6,4,4,0,3,5,1.52
2025-08-22,Atlanta Braves,New York Mets,0,0,5.76,1,0,0,4.1,11,6,6,1,2,1,1.57
2025-08-27,Milwaukee Brewers,Arizona Diamondbacks,0,1,5.71,1,0,0,4.1,8,2,2,1,0,2,1.58
2025-09-06,Pittsburgh Pirates,Milwaukee Brewers,0,0,5.68,1,0,0,0.2,1,0,0,0,0,0,1.58
2025-09-10,Texas Rangers,Milwaukee Brewers,0,0,5.63,1,0,0,1.0,0,1,0,0,2,0,1.58
2025-09-13,Milwaukee Brewers,St. Louis Cardinals,0,0,5.58,1,0,0,1.1,0,0,0,0,2,0,1.58
2025-09-17,Milwaukee Brewers,Los Angeles Angels,0,0,5.49,1,0,0,2.0,0,0,0,0,0,2,1.56
2025-09-21,St. Louis Cardinals,Milwaukee Brewers,0,0,5.53,1,0,0,4.0,1,3,3,0,3,1,1.54
2025-09-24,San Diego Padres,Milwaukee Brewers,0,0,5.49,1,0,0,2.2,1,1,1,1,0,2,1.52
