Date,Home Tm,Away Tm,W,L,ERA,G,GS,SV,IP,H,R,ER,HR,BB,SO,WHIP
2025-04-30,Toronto Blue Jays,Boston Red Sox,0,0,4.5,1,0,0,4.0,3,2,2,0,2,4,1.25
2025-05-06,Los Angeles Angels,Toronto Blue Jays,0,0,4.15,1,0,0,0.1,0,0,0,0,0,0,1.15
2025-05-11,Seattle Mariners,Toronto Blue Jays,1,0,2.0,1,0,0,4.2,1,0,0,0,1,5,0.78
2025-05-17,Toronto Blue Jays,Detroit Tigers,0,0,2.25,1,1,0,3.0,3,1,1,1,0,5,0.83
2025-05-23,Tampa Bay Rays,Toronto Blue Jays,0,1,3.31,1,1,0,4.1,6,3,3,2,2,2,1.1
2025-05-28,Texas Rangers,Toronto Blue Jays,0,0,2.75,1,0,0,3.1,0,0,0,0,2,4,1.02
2025-06-03,Toronto Blue Jays,Philadelphia Phillies,0,0,2.28,1,0,0,4.0,0,0,0,0,1,2,0.89
2025-06-06,Minnesota Twins,Toronto Blue Jays,1,0,2.08,1,0,0,2.1,1,0,0,0,1,2,0.88
2025-06-11,St. Louis Cardinals,Toronto Blue Jays,0,0,2.37,1,1,0,4.1,4,2,2,1,1,4,0.92
2025-06-18,Toronto Blue Jays,Arizona Diamondbacks,1,0,2.29,1,1,0,5.0,4,1,1,0,1,8,0.93
2025-06-24,Cleveland Guardians,Toronto Blue Jays,1,0,2.21,1,1,0,5.1,5,1,1,1,3,5,1.01
2025-06-29,Boston Red Sox,Toronto Blue Jays,0,0,2.6,1,1,0,4.1,7,3,3,1,0,4,1.07
2025-07-04,Toronto Blue Jays,Los Angeles Angels,0,0,2.65,1,1,0,6.0,3,2,2,0,1,6,1.02
2025-07-09,Chicago White Sox,Toronto Blue Jays,0,1,2.78,1,1,0,4.0,4,2,2,0,1,7,1.04
2025-07-19,Toronto Blue Jays,San Francisco Giants,1,0,2.8,1,1,0,6.0,2,2,2,1,0,7,0.97
2025-07-24,Detroit Tigers,Toronto Blue Jays,1,0,2.61,1,1,0,8.0,5,1,1,1,0,6,0.93
2025-07-29,Baltimore Orioles,Toronto Blue Jays,0,0,2.68,1,1,0,5.0,5,2,2,0,1,4,0.95
2025-08-04,Colorado Rockies,Toronto Blue Jays,1,0,2.59,1,1,0,6.0,7,1,1,0,1,4,0.98
2025-08-10,Los Angeles Dodgers,Toronto Blue Jays,0,0,2.82,1,1,0,3.0,6,3,3,2,4,4,1.06
2025-08-16,Toronto Blue Jays,Texas Rangers,1,0,2.76,1,1,0,5.0,4,1,1,0,3,4,1.08
2025-08-27,Toronto Blue Jays,Minnesota Twins,0,0,3.21,1,1,0,4.2,10,8,6,4,0,4,1.13
2025-09-02,Cincinnati Reds,Toronto Blue Jays,0,0,3.32,1,0,0,2.1,5,2,2,0,0,2,1.16
2025-09-13,Toronto Blue Jays,Baltimore Orioles,0,0,3.35,1,0,0,1.2,0,1,1,0,1,2,1.15
2025-09-16,Tampa Bay Rays,Toronto Blue Jays,1,0,3.31,1,0,0,1.1,2,0,0,0,0,2,1.15
2025-09-18,Tampa Bay Rays,Toronto Blue Jays,0,0,3.35,1,0,0,1.1,3,1,1,1,0,2,1.17
2025-09-21,Kansas City Royals,Toronto Blue Jays,0,0,3.32,1,0,0,1.0,0,0,0,0,0,0,1.16
2025-09-25,Toronto Blue Jays,Boston Red Sox,0,0,3.21,1,0,0,3.1,0,0,0,0,0,2,1.12
2025-09-28,Toronto Blue Jays,Tampa Bay Rays,0,0,3.18,1,0,0,1.0,0,0,0,0,0,1,1.11
