Date,Home Tm,Away Tm,W,L,ERA,G,GS,SV,IP,H,R,ER,HR,BB,SO,WHIP
2025-06-09,Pittsburgh Pirates,Miami Marlins,0,1,12.0,1,1,0,3.0,4,4,4,0,2,5,2.0
2025-06-15,Washington Nationals,Miami Marlins,0,0,6.43,1,1,0,4.0,4,1,1,0,3,0,1.86
2025-06-21,Miami Marlins,Atlanta Braves,0,1,6.17,1,1,0,4.2,4,3,3,0,2,6,1.63
2025-06-27,Arizona Diamondbacks,Miami Marlins,0,0,6.19,1,1,0,4.1,2,3,3,1,3,3,1.5
2025-07-03,Miami Marlins,Minnesota Twins,1,0,4.5,1,1,0,6.0,1,0,0,0,1,7,1.18
2025-07-08,Cincinnati Reds,Miami Marlins,1,0,4.0,1,1,0,5.0,2,1,1,1,0,8,1.04
2025-07-13,Baltimore Orioles,Miami Marlins,1,0,3.18,1,1,0,7.0,3,0,0,0,0,6,0.91
2025-07-21,Miami Marlins,San Diego Padres,0,1,3.23,1,1,0,5.0,5,2,2,0,2,5,0.97
2025-07-27,Milwaukee Brewers,Miami Marlins,0,0,3.07,1,1,0,5.0,2,1,1,0,2,6,0.95
2025-08-02,Miami Marlins,New York Yankees,1,0,2.7,1,1,0,6.0,2,0,0,0,3,5,0.94
2025-08-07,Atlanta Braves,Miami Marlins,0,0,3.25,1,1,0,5.1,7,5,5,3,2,1,1.01
2025-08-13,Cleveland Guardians,Miami Marlins,1,0,3.58,1,1,0,5.0,3,4,4,2,0,8,0.98
2025-08-18,Miami Marlins,St. Louis Cardinals,0,0,3.48,1,1,0,4.1,2,3,1,0,4,6,1.01
2025-08-24,Miami Marlins,Toronto Blue Jays,1,0,3.44,1,1,0,6.0,3,2,2,0,1,4,0.98
2025-08-29,New York Mets,Miami Marlins,0,1,4.04,1,1,0,0.2,3,5,5,2,2,0,1.04
2025-09-03,Washington Nationals,Miami Marlins,0,1,4.66,1,1,0,4.0,8,7,7,2,1,2,1.1
2025-09-10,Miami Marlins,Washington Nationals,0,0,4.67,1,1,0,5.2,7,3,3,0,0,7,1.11
2025-09-16,Colorado Rockies,Miami Marlins,1,0,4.4,1,1,0,5.0,1,0,0,0,0,6,1.06
2025-09-21,Texas Rangers,Miami Marlins,0,0,4.2,1,1,0,4.0,2,0,0,0,1,9,1.04
2025-09-27,Miami Marlins,New York Mets,0,1,4.25,1,1,0,5.1,3,3,3,1,3,11,1.05
