Date,Home Tm,Away Tm,W,L,ERA,G,GS,SV,IP,H,R,ER,HR,BB,SO,WHIP
2025-03-27,Houston Astros,New York Mets,1,0,0.0,1,1,0,7.0,4,0,0,0,2,4,0.86
2025-04-02,Houston Astros,San Francisco Giants,0,1,3.75,1,1,0,5.0,4,5,5,2,4,9,1.17
2025-04-08,Seattle Mariners,Houston Astros,0,0,2.5,1,1,0,6.0,2,0,0,0,1,8,0.94
2025-04-14,St. Louis Cardinals,Houston Astros,0,1,4.91,1,1,0,4.0,10,7,7,0,1,3,1.27
2025-04-20,Houston Astros,San Diego Padres,0,0,4.5,1,1,0,6.0,7,2,2,0,3,2,1.36
2025-04-26,Kansas City Royals,Houston Astros,0,1,4.0,1,1,0,8.0,3,2,2,1,2,5,1.19
2025-05-02,Chicago White Sox,Houston Astros,0,1,4.39,1,1,0,5.0,7,4,4,1,2,6,1.27
2025-05-07,Milwaukee Brewers,Houston Astros,1,0,3.94,1,1,0,7.0,3,1,1,1,2,7,1.19
2025-05-13,Houston Astros,Kansas City Royals,0,0,3.54,1,1,0,8.0,6,1,1,0,1,7,1.14
2025-05-18,Texas Rangers,Houston Astros,1,0,3.57,1,1,0,7.0,6,3,3,0,1,8,1.13
2025-05-24,Houston Astros,Seattle Mariners,1,0,3.39,1,1,0,6.0,4,1,1,0,4,5,1.14
2025-05-30,Houston Astros,Tampa Bay Rays,1,0,3.12,1,1,0,9.0,3,1,1,1,1,9,1.06
2025-06-05,Pittsburgh Pirates,Houston Astros,1,0,3.07,1,1,0,7.0,4,2,2,0,3,11,1.06
2025-06-12,Houston Astros,Chicago White Sox,1,0,3.1,1,1,0,5.0,7,2,2,0,1,12,1.09
2025-06-18,Athletics,Houston Astros,1,0,3.09,1,1,0,6.0,5,2,2,0,5,3,1.13
2025-06-24,Houston Astros,Philadelphia Phillies,0,0,2.88,1,1,0,7.0,4,0,0,0,4,3,1.13
2025-06-29,Houston Astros,Chicago Cubs,1,0,2.72,1,1,0,6.0,5,0,0,0,2,6,1.13
2025-07-05,Los Angeles Dodgers,Houston Astros,1,0,2.9,1,1,0,6.0,7,4,4,2,2,7,1.15
2025-07-12,Houston Astros,Texas Rangers,0,0,2.75,1,1,0,6.0,4,1,0,0,0,10,1.12
2025-07-22,Arizona Diamondbacks,Houston Astros,1,0,2.67,1,1,0,7.0,7,1,1,0,1,4,1.13
2025-07-28,Houston Astros,Washington Nationals,0,0,2.62,1,1,0,6.0,3,1,1,0,2,12,1.11
2025-08-03,Boston Red Sox,Houston Astros,0,1,2.83,1,1,0,6.0,7,6,5,0,1,3,1.12
2025-08-09,New York Yankees,Houston Astros,0,0,2.97,1,1,0,5.2,8,4,4,0,4,1,1.16
2025-08-15,Houston Astros,Baltimore Orioles,0,1,3.01,1,1,0,6.2,9,4,3,1,1,6,1.18
2025-08-20,Detroit Tigers,Houston Astros,0,1,3.32,1,1,0,5.0,7,7,7,0,4,2,1.21
2025-08-27,Houston Astros,Colorado Rockies,1,0,3.18,1,1,0,7.0,3,0,0,0,2,5,1.19
2025-09-02,Houston Astros,New York Yankees,0,1,3.4,1,1,0,5.0,8,6,6,2,1,8,1.2
2025-09-07,Texas Rangers,Houston Astros,0,1,3.42,1,1,0,7.0,5,4,3,1,1,5,1.19
2025-09-14,Atlanta Braves,Houston Astros,0,1,3.59,1,1,0,4.0,6,5,5,1,4,2,1.22
2025-09-20,Houston Astros,Seattle Mariners,0,1,3.75,1,1,0,4.2,6,5,5,1,4,4,1.24
2025-09-25,Athletics,Houston Astros,1,0,3.66,1,1,0,7.0,7,1,1,1,2,10,1.24
