Date,Home Tm,Away Tm,W,L,ERA,G,GS,SV,IP,H,R,ER,HR,BB,SO,WHIP
2025-06-24,New York Mets,Atlanta Braves,0,0,0.0,1,1,0,5.0,3,0,0,0,3,5,1.2
2025-06-29,Pittsburgh Pirates,New York Mets,0,1,6.0,1,1,0,4.0,7,6,6,2,1,5,1.56
2025-07-05,New York Mets,New York Yankees,1,0,6.14,1,1,0,5.2,5,4,4,2,0,2,1.3
2025-07-12,Kansas City Royals,New York Mets,1,0,5.03,1,1,0,5.0,4,1,1,0,0,5,1.17
2025-07-22,New York Mets,Los Angeles Angels,1,0,4.62,1,1,0,5.2,8,2,2,1,2,6,1.3
2025-07-28,San Diego Padres,New York Mets,0,0,5.46,1,1,0,4.1,8,5,5,1,2,3,1.45
2025-08-03,New York Mets,San Francisco Giants,0,1,6.68,1,1,0,4.0,7,7,7,1,2,3,1.54
2025-08-09,Milwaukee Brewers,New York Mets,0,0,6.38,1,0,0,3.0,3,3,1,1,2,3,1.55
2025-08-15,New York Mets,Seattle Mariners,0,0,6.28,1,0,0,2.0,3,1,1,0,2,0,1.6
