Date,Home Tm,Away Tm,W,L,ERA,G,GS,SV,IP,H,R,ER,HR,BB,SO,WHIP
2025-03-30,Chicago White Sox,Los Angeles Angels,0,0,0.0,1,0,0,1.0,0,0,0,0,0,1,0.0
2025-04-01,Chicago White Sox,Minnesota Twins,0,0,0.0,1,0,0,1.1,0,0,0,0,1,1,0.43
2025-04-05,Detroit Tigers,Chicago White Sox,0,0,0.0,1,0,0,1.0,0,0,0,0,0,2,0.3
2025-04-06,Detroit Tigers,Chicago White Sox,0,1,6.75,1,0,0,0.2,1,3,3,0,2,0,1.0
2025-04-09,Cleveland Guardians,Chicago White Sox,0,0,5.4,1,0,0,1.0,0,0,0,0,1,2,1.0
2025-04-30,Chicago White Sox,Milwaukee Brewers,0,0,4.5,1,0,0,1.0,0,0,0,0,0,2,0.83
2025-05-03,Chicago White Sox,Houston Astros,0,1,6.75,1,0,0,0.2,0,2,2,0,2,2,1.05
2025-07-11,Chicago White Sox,Cleveland Guardians,0,0,5.87,1,0,0,1.0,0,0,0,0,0,1,0.91
2025-09-01,Minnesota Twins,Chicago White Sox,0,0,4.82,1,1,0,1.2,0,1,0,0,3,2,1.07
2025-09-04,Minnesota Twins,Chicago White Sox,0,0,4.22,1,1,0,1.1,2,0,0,0,1,2,1.22
2025-09-09,Chicago White Sox,Tampa Bay Rays,0,0,3.86,1,0,0,1.0,1,0,0,0,0,2,1.2
2025-09-10,Chicago White Sox,Tampa Bay Rays,0,0,3.55,1,0,0,1.0,1,0,0,0,0,1,1.18
2025-09-13,Cleveland Guardians,Chicago White Sox,0,0,3.95,1,0,0,1.0,1,1,1,1,0,1,1.17
2025-09-14,Cleveland Guardians,Chicago White Sox,0,0,3.86,1,0,0,0.1,0,0,0,0,1,0,1.21
2025-09-16,Chicago White Sox,Baltimore Orioles,0,0,3.45,1,0,0,1.2,1,0,0,0,2,0,1.28
2025-09-20,Chicago White Sox,San Diego Padres,0,0,4.5,1,0,0,0.1,1,2,2,0,3,1,1.5
2025-09-24,New York Yankees,Chicago White Sox,0,0,4.32,1,1,0,0.2,0,0,0,0,3,1,1.62
2025-09-26,Washington Nationals,Chicago White Sox,1,0,4.24,1,0,0,0.1,0,0,0,0,0,1,1.59
