Date,Home Tm,Away Tm,W,L,ERA,G,GS,SV,IP,H,R,ER,HR,BB,SO,WHIP
2025-03-27,Texas Rangers,Boston Red Sox,0,0,3.6,1,1,0,5.0,5,2,2,0,2,4,1.4
2025-04-02,Baltimore Orioles,Boston Red Sox,1,0,1.38,1,1,0,8.0,4,0,0,0,1,8,0.92
2025-04-08,Boston Red Sox,Toronto Blue Jays,0,1,1.45,1,1,0,5.2,5,4,1,1,4,5,1.13
2025-04-13,Chicago White Sox,Boston Red Sox,1,0,1.38,1,1,0,7.1,1,1,1,0,1,11,0.88
2025-04-19,Boston Red Sox,Chicago White Sox,0,0,1.13,1,1,0,6.0,4,0,0,0,2,7,0.91
2025-04-24,Boston Red Sox,Seattle Mariners,0,1,1.95,1,1,0,5.0,5,4,4,0,5,9,1.05
2025-04-29,Toronto Blue Jays,Boston Red Sox,1,0,2.05,1,1,0,7.0,4,2,2,1,3,6,1.05
2025-05-04,Boston Red Sox,Minnesota Twins,0,0,2.02,1,1,0,5.0,4,1,1,1,2,6,1.06
2025-05-10,Kansas City Royals,Boston Red Sox,1,0,1.93,1,1,0,7.0,7,1,1,0,1,9,1.07
2025-05-16,Boston Red Sox,Atlanta Braves,0,1,2.0,1,1,0,7.0,7,2,2,2,0,8,1.06
2025-05-21,Boston Red Sox,New York Mets,0,0,1.98,1,1,0,5.1,5,1,1,0,1,5,1.07
2025-05-26,Milwaukee Brewers,Boston Red Sox,0,1,2.04,1,1,0,6.2,5,2,2,1,2,11,1.07
2025-06-01,Atlanta Braves,Boston Red Sox,1,0,1.98,1,1,0,7.0,5,1,1,1,2,12,1.06
2025-06-07,New York Yankees,Boston Red Sox,1,0,2.35,1,1,0,6.0,6,5,5,1,1,9,1.07
2025-06-13,Boston Red Sox,New York Yankees,0,0,2.24,1,1,0,8.1,4,1,1,1,1,7,1.03
2025-06-18,Seattle Mariners,Boston Red Sox,1,0,2.2,1,1,0,6.0,6,1,1,0,0,8,1.03
2025-06-24,Los Angeles Angels,Boston Red Sox,0,0,2.06,1,1,0,7.0,3,0,0,0,3,10,1.02
2025-06-30,Boston Red Sox,Cincinnati Reds,1,0,2.34,1,1,0,6.0,8,5,5,1,1,9,1.04
2025-07-06,Washington Nationals,Boston Red Sox,1,0,2.39,1,1,0,5.0,9,2,2,0,2,7,1.09
2025-07-12,Boston Red Sox,Tampa Bay Rays,1,0,2.23,1,1,0,9.0,3,0,0,0,0,9,1.04
2025-07-20,Chicago Cubs,Boston Red Sox,1,0,2.19,1,1,0,6.0,8,1,1,0,2,5,1.06
2025-07-26,Boston Red Sox,Los Angeles Dodgers,1,0,2.23,1,1,0,6.0,8,2,2,2,2,10,1.09
2025-08-05,Boston Red Sox,Kansas City Royals,1,0,2.24,1,1,0,7.0,4,2,2,0,1,8,1.07
2025-08-11,Houston Astros,Boston Red Sox,0,1,2.48,1,1,0,4.0,7,5,5,1,1,5,1.1
2025-08-17,Boston Red Sox,Miami Marlins,0,0,2.43,1,1,0,7.0,3,1,1,1,1,8,1.07
2025-08-23,New York Yankees,Boston Red Sox,1,0,2.38,1,1,0,7.0,5,1,1,1,1,11,1.06
2025-08-28,Baltimore Orioles,Boston Red Sox,0,0,2.4,1,1,0,6.0,6,2,2,1,0,7,1.06
2025-09-02,Boston Red Sox,Cleveland Guardians,0,0,2.67,1,1,0,6.0,9,7,7,4,0,4,1.08
2025-09-08,Athletics,Boston Red Sox,1,0,2.57,1,1,0,7.0,3,0,0,0,0,10,1.05
2025-09-14,Boston Red Sox,New York Yankees,1,0,2.63,1,1,0,6.0,5,3,3,2,1,12,1.05
2025-09-19,Tampa Bay Rays,Boston Red Sox,1,0,2.69,1,1,0,6.0,4,3,3,2,3,9,1.05
2025-09-24,Toronto Blue Jays,Boston Red Sox,1,0,2.59,1,1,0,8.0,3,0,0,0,0,6,1.03
