Date,Home Tm,Away Tm,W,L,ERA,G,GS,SV,IP,H,R,ER,HR,BB,SO,WHIP
2025-03-29,Kansas City Royals,Cleveland Guardians,0,0,3.6,1,1,0,5.0,4,2,2,0,1,2,1.0
2025-04-04,Los Angeles Angels,Cleveland Guardians,0,0,4.5,1,1,0,3.0,5,4,2,1,3,5,1.63
2025-04-10,Cleveland Guardians,Chicago White Sox,1,0,3.46,1,1,0,5.0,3,1,1,0,2,7,1.38
2025-04-16,Baltimore Orioles,Cleveland Guardians,0,1,4.58,1,1,0,6.2,4,5,5,2,4,4,1.32
2025-04-21,Cleveland Guardians,New York Yankees,1,0,4.15,1,1,0,6.1,7,2,2,1,2,8,1.35
2025-04-28,Cleveland Guardians,Minnesota Twins,0,1,5.14,1,1,0,2.0,7,4,4,1,2,2,1.57
2025-05-03,Toronto Blue Jays,Cleveland Guardians,0,0,5.06,1,1,0,4.0,7,2,2,1,5,9,1.75
2025-05-09,Cleveland Guardians,Philadelphia Phillies,1,0,4.38,1,1,0,5.0,4,0,0,0,4,8,1.73
2025-05-14,Cleveland Guardians,Milwaukee Brewers,0,0,4.29,1,1,0,5.0,4,2,2,1,1,6,1.64
2025-05-21,Minnesota Twins,Cleveland Guardians,1,0,3.94,1,1,0,6.0,2,1,1,0,2,6,1.52
2025-05-26,Cleveland Guardians,Los Angeles Dodgers,0,1,4.27,1,1,0,4.2,4,4,4,1,6,3,1.58
2025-06-01,Cleveland Guardians,Los Angeles Angels,1,0,3.79,1,1,0,6.2,1,2,0,0,2,6,1.45
2025-06-07,Cleveland Guardians,Houston Astros,0,0,3.86,1,1,0,6.0,5,3,3,1,2,5,1.42
2025-06-13,Seattle Mariners,Cleveland Guardians,0,0,3.89,1,1,0,4.0,6,2,2,1,3,1,1.47
2025-06-19,San Francisco Giants,Cleveland Guardians,0,0,3.58,1,1,0,6.0,2,0,0,0,3,6,1.42
2025-06-25,Cleveland Guardians,Toronto Blue Jays,0,0,3.68,1,1,0,5.1,5,4,3,1,3,2,1.43
2025-07-01,Chicago Cubs,Cleveland Guardians,0,1,3.86,1,1,0,5.2,7,4,4,1,4,2,1.46
2025-07-06,Cleveland Guardians,Detroit Tigers,0,0,3.61,1,1,0,6.0,1,0,0,0,3,8,1.41
2025-07-11,Chicago White Sox,Cleveland Guardians,0,0,3.7,1,1,0,5.0,4,3,3,2,5,5,1.43
2025-07-20,Cleveland Guardians,Athletics,1,0,3.54,1,1,0,7.0,4,1,1,0,1,11,1.38
2025-07-26,Kansas City Royals,Cleveland Guardians,0,0,3.51,1,1,0,6.0,5,2,2,1,2,3,1.37
2025-08-01,Cleveland Guardians,Minnesota Twins,0,0,3.33,1,1,0,6.0,4,0,0,0,2,8,1.35
2025-08-06,New York Mets,Cleveland Guardians,1,0,3.17,1,1,0,8.2,1,1,1,1,4,6,1.3
2025-08-13,Cleveland Guardians,Miami Marlins,0,0,3.38,1,1,0,3.0,5,4,4,2,1,4,1.31
2025-08-18,Arizona Diamondbacks,Cleveland Guardians,1,0,3.24,1,1,0,5.1,4,0,0,0,1,5,1.3
2025-08-24,Texas Rangers,Cleveland Guardians,0,1,3.36,1,1,0,3.1,3,3,3,1,4,3,1.32
2025-08-30,Cleveland Guardians,Seattle Mariners,1,0,3.26,1,1,0,7.0,4,1,1,1,1,8,1.29
2025-09-05,Tampa Bay Rays,Cleveland Guardians,1,0,3.17,1,1,0,7.0,7,1,1,1,3,3,1.29
2025-09-11,Cleveland Guardians,Kansas City Royals,0,0,3.16,1,1,0,6.0,4,2,2,1,3,6,1.29
2025-09-17,Detroit Tigers,Cleveland Guardians,1,0,3.06,1,1,0,5.0,3,0,0,0,2,9,1.28
2025-09-23,Cleveland Guardians,Detroit Tigers,1,0,3.06,1,1,0,6.0,4,2,2,1,2,12,1.27
