Date,Home Tm,Away Tm,W,L,ERA,G,GS,SV,IP,H,R,ER,HR,BB,SO,WHIP
2025-05-22,Houston Astros,Seattle Mariners,0,1,12.27,1,1,0,3.2,6,5,5,0,1,4,1.91
2025-05-28,Seattle Mariners,Washington Nationals,0,1,11.42,1,1,0,5.0,7,6,6,3,2,4,1.85
2025-06-03,Seattle Mariners,Baltimore Orioles,0,1,8.56,1,1,0,5.0,8,2,2,0,1,3,1.83
2025-06-08,Los Angeles Angels,Seattle Mariners,1,0,6.53,1,1,0,7.0,2,2,2,1,0,14,1.31
2025-06-14,Seattle Mariners,Cleveland Guardians,0,0,5.96,1,1,0,5.0,5,2,2,1,3,5,1.36
2025-06-20,Chicago Cubs,Seattle Mariners,0,0,6.16,1,1,0,5.0,7,4,4,2,1,3,1.4
2025-06-25,Minnesota Twins,Seattle Mariners,0,1,5.4,1,1,0,6.0,3,1,1,0,1,3,1.28
2025-06-30,Seattle Mariners,Kansas City Royals,1,0,4.85,1,1,0,6.0,3,1,1,0,0,5,1.17
2025-07-06,Seattle Mariners,Pittsburgh Pirates,1,0,4.22,1,1,0,6.1,4,0,0,0,0,9,1.1
2025-07-12,Detroit Tigers,Seattle Mariners,1,0,4.5,1,1,0,5.0,5,4,4,1,3,6,1.15
2025-07-21,Seattle Mariners,Milwaukee Brewers,0,1,4.65,1,1,0,6.0,5,4,4,0,1,3,1.13
2025-07-26,Los Angeles Angels,Seattle Mariners,1,0,4.5,1,1,0,6.0,5,2,2,1,3,9,1.15
2025-07-31,Seattle Mariners,Texas Rangers,1,0,4.13,1,1,0,6.0,3,0,0,0,2,6,1.13
2025-08-06,Seattle Mariners,Chicago White Sox,1,0,4.04,1,1,0,6.0,5,2,2,0,2,9,1.13
2025-08-12,Baltimore Orioles,Seattle Mariners,1,0,3.71,1,1,0,7.0,3,0,0,0,0,7,1.07
2025-08-17,New York Mets,Seattle Mariners,0,1,4.22,1,1,0,4.2,12,7,7,1,3,4,1.18
2025-08-23,Seattle Mariners,Athletics,0,0,4.05,1,1,0,6.0,4,1,1,0,3,3,1.18
2025-08-29,Cleveland Guardians,Seattle Mariners,0,0,3.94,1,1,0,7.0,6,2,2,2,0,6,1.16
2025-09-03,Tampa Bay Rays,Seattle Mariners,0,1,4.47,1,1,0,2.0,10,8,7,0,0,1,1.23
2025-09-09,Seattle Mariners,St. Louis Cardinals,0,0,4.56,1,1,0,4.0,7,3,3,0,2,2,1.27
2025-09-14,Seattle Mariners,Los Angeles Angels,1,0,4.46,1,1,0,6.1,3,2,2,2,0,14,1.23
2025-09-20,Houston Astros,Seattle Mariners,1,0,4.24,1,1,0,6.0,5,0,0,0,0,7,1.21
2025-09-26,Seattle Mariners,Los Angeles Dodgers,0,1,4.21,1,1,0,5.0,3,2,2,1,1,10,1.19
