Date,Home Tm,Away Tm,W,L,ERA,G,GS,SV,IP,H,R,ER,HR,BB,SO,WHIP
2025-03-31,Philadelphia Phillies,Colorado Rockies,0,0,0.0,1,1,0,6.0,4,0,0,0,0,4,0.67
2025-04-05,Colorado Rockies,Athletics,0,1,2.45,1,1,0,5.0,5,4,3,0,6,3,1.36
2025-04-11,San Diego Padres,Colorado Rockies,0,1,4.6,1,1,0,4.2,7,6,5,0,1,3,1.47
2025-04-16,Los Angeles Dodgers,Colorado Rockies,0,1,8.27,1,1,0,0.2,6,7,7,2,1,1,1.84
2025-04-24,Kansas City Royals,Colorado Rockies,0,1,9.3,1,1,0,4.0,8,6,6,0,3,3,2.02
2025-04-29,Colorado Rockies,Atlanta Braves,0,1,9.82,1,1,0,5.1,11,7,7,0,1,1,2.06
2025-05-04,San Francisco Giants,Colorado Rockies,0,1,9.9,1,1,0,4.1,6,5,5,2,0,3,1.97
2025-05-11,Colorado Rockies,San Diego Padres,1,0,8.27,1,1,0,7.0,3,1,1,0,1,2,1.7
2025-05-17,Arizona Diamondbacks,Colorado Rockies,0,0,8.78,1,1,0,3.0,7,7,5,0,3,1,1.83
2025-05-22,Colorado Rockies,Philadelphia Phillies,0,1,7.66,1,1,0,7.0,4,2,1,0,2,5,1.68
2025-05-27,Chicago Cubs,Colorado Rockies,0,0,7.13,1,1,0,6.0,7,2,2,0,1,6,1.64
2025-06-02,Miami Marlins,Colorado Rockies,1,0,6.98,1,1,0,5.0,9,4,3,0,2,6,1.69
2025-06-07,Colorado Rockies,New York Mets,0,1,7.0,1,1,0,5.0,8,4,4,3,0,3,1.68
2025-06-13,Atlanta Braves,Colorado Rockies,0,0,6.62,1,1,0,5.0,6,1,1,0,1,7,1.66
2025-06-18,Washington Nationals,Colorado Rockies,1,0,6.11,1,1,0,5.2,6,0,0,0,2,2,1.64
2025-06-24,Colorado Rockies,Los Angeles Dodgers,0,1,5.79,1,1,0,4.0,6,6,0,1,0,6,1.64
2025-06-29,Milwaukee Brewers,Colorado Rockies,0,0,5.62,1,1,0,5.2,3,2,2,2,3,5,1.6
2025-07-05,Colorado Rockies,Chicago White Sox,0,1,5.84,1,1,0,6.0,11,6,6,1,1,2,1.62
2025-07-11,Cincinnati Reds,Colorado Rockies,0,0,5.57,1,1,0,6.0,5,1,1,1,3,8,1.6
2025-07-20,Colorado Rockies,Minnesota Twins,0,1,5.67,1,1,0,3.0,4,3,3,1,4,2,1.64
2025-08-29,Colorado Rockies,Chicago Cubs,0,1,6.14,1,1,0,4.1,9,8,8,2,3,0,1.69
2025-09-03,Colorado Rockies,San Francisco Giants,0,0,6.19,1,1,0,5.0,8,4,4,1,3,2,1.71
2025-09-09,Los Angeles Dodgers,Colorado Rockies,0,1,6.31,1,1,0,5.0,6,5,5,2,1,2,1.7
2025-09-14,San Diego Padres,Colorado Rockies,0,1,6.73,1,1,0,2.1,10,7,7,1,2,0,1.77
2025-09-20,Colorado Rockies,Los Angeles Angels,0,1,6.49,1,1,0,7.0,4,2,2,2,1,5,1.7
2025-09-26,San Francisco Giants,Colorado Rockies,0,1,6.7,1,1,0,4.1,5,6,6,2,3,1,1.71
