Date,Home Tm,Away Tm,W,L,ERA,G,GS,SV,IP,H,R,ER,HR,BB,SO,WHIP
2025-06-10,Houston Astros,Chicago White Sox,0,0,0.0,1,0,0,1.0,0,0,0,0,0,0,0.0
2025-06-12,Houston Astros,Chicago White Sox,0,0,0.0,1,0,0,1.0,2,0,0,0,0,1,1.0
2025-06-14,Texas Rangers,Chicago White Sox,0,0,6.0,1,0,0,1.0,2,2,2,0,1,3,1.67
2025-06-19,Chicago White Sox,St. Louis Cardinals,0,0,4.5,1,0,0,1.0,0,0,0,0,0,1,1.25
2025-06-20,Toronto Blue Jays,Chicago White Sox,0,0,3.6,1,1,0,1.0,0,0,0,0,0,1,1.0
2025-06-22,Toronto Blue Jays,Chicago White Sox,0,0,3.0,1,0,1,1.0,1,0,0,0,0,1,1.0
2025-06-25,Chicago White Sox,Arizona Diamondbacks,0,0,3.38,1,0,0,2.0,2,1,1,0,0,1,1.0
2025-06-28,Chicago White Sox,San Francisco Giants,0,0,2.7,1,0,1,2.0,0,0,0,0,0,2,0.8
2025-07-02,Los Angeles Dodgers,Chicago White Sox,0,1,4.76,1,0,0,1.1,1,3,3,0,2,2,0.97
2025-07-04,Colorado Rockies,Chicago White Sox,0,0,4.38,1,0,1,1.0,1,0,0,0,0,2,0.97
2025-07-09,Chicago White Sox,Toronto Blue Jays,0,0,4.05,1,0,0,1.0,1,0,0,0,0,1,0.98
2025-07-11,Chicago White Sox,Cleveland Guardians,0,0,4.4,1,0,0,1.0,3,1,1,0,0,2,1.12
2025-07-13,Chicago White Sox,Cleveland Guardians,0,0,4.41,1,0,0,2.0,1,1,1,0,1,2,1.1
2025-07-20,Pittsburgh Pirates,Chicago White Sox,0,0,4.15,1,0,0,1.0,0,0,0,0,1,3,1.1
2025-07-23,Tampa Bay Rays,Chicago White Sox,0,0,3.93,1,0,0,1.0,1,0,0,0,1,1,1.15
2025-07-27,Chicago White Sox,Chicago Cubs,0,1,4.66,1,1,0,1.0,2,2,2,0,1,2,1.24
2025-07-28,Chicago White Sox,Philadelphia Phillies,0,0,4.43,1,0,0,1.0,0,0,0,0,0,2,1.18
2025-08-01,Los Angeles Angels,Chicago White Sox,0,0,4.29,1,0,0,0.2,1,0,0,0,0,0,1.19
2025-08-07,Seattle Mariners,Chicago White Sox,0,0,4.09,1,0,0,1.0,1,0,0,0,2,2,1.27
2025-08-10,Chicago White Sox,Cleveland Guardians,0,0,3.91,1,0,1,1.0,0,0,0,0,0,1,1.22
2025-08-11,Chicago White Sox,Detroit Tigers,0,0,3.75,1,0,0,1.0,1,0,0,0,0,1,1.21
2025-08-17,Kansas City Royals,Chicago White Sox,0,1,4.68,1,0,0,1.0,3,3,3,0,0,1,1.28
2025-08-18,Atlanta Braves,Chicago White Sox,0,0,4.5,1,0,0,1.0,1,0,0,0,0,2,1.27
2025-08-22,Chicago White Sox,Minnesota Twins,0,0,4.67,1,0,0,1.0,2,1,1,0,1,2,1.33
2025-08-26,Chicago White Sox,Kansas City Royals,0,1,5.53,1,0,0,0.2,4,3,3,0,0,2,1.45
2025-08-29,Chicago White Sox,New York Yankees,0,0,6.51,1,0,0,0.0,2,3,3,0,2,0,1.59
2025-08-30,Chicago White Sox,New York Yankees,0,0,6.28,1,0,0,1.0,0,0,0,0,1,1,1.57
2025-09-03,Minnesota Twins,Chicago White Sox,1,0,6.0,1,0,0,1.1,1,0,0,0,0,2,1.53
2025-09-04,Minnesota Twins,Chicago White Sox,0,0,5.81,1,0,0,1.0,1,0,0,0,0,1,1.52
2025-09-07,Detroit Tigers,Chicago White Sox,1,0,5.68,1,0,0,0.2,0,0,0,0,0,2,1.48
2025-09-10,Chicago White Sox,Tampa Bay Rays,0,0,5.68,1,0,0,0.0,0,0,0,0,1,0,1.52
2025-09-17,Chicago White Sox,Baltimore Orioles,0,0,5.51,1,0,0,1.0,0,0,0,0,1,3,1.5
2025-09-19,Chicago White Sox,San Diego Padres,0,0,5.35,1,0,1,1.0,0,0,0,0,0,2,1.46
2025-09-21,Chicago White Sox,San Diego Padres,0,0,5.19,1,0,0,1.0,0,0,0,0,0,2,1.41
2025-09-23,New York Yankees,Chicago White Sox,0,0,5.05,1,0,0,1.0,2,0,0,0,0,1,1.43
2025-09-26,Washington Nationals,Chicago White Sox,0,0,4.91,1,0,1,1.0,1,0,0,0,0,2,1.42
