Date,Home Tm,Away Tm,W,L,ERA,G,GS,SV,IP,H,R,ER,HR,BB,SO,WHIP
2025-03-27,San Diego Padres,Atlanta Braves,0,0,0.0,1,0,0,1.0,0,0,0,0,0,2,0.0
2025-03-31,Los Angeles Dodgers,Atlanta Braves,0,1,7.2,1,1,0,4.0,4,4,4,1,4,3,1.6
2025-04-09,Atlanta Braves,Philadelphia Phillies,0,0,4.0,1,1,0,4.0,3,0,0,0,4,6,1.67
2025-04-14,Toronto Blue Jays,Atlanta Braves,1,0,3.78,1,1,0,7.2,2,3,3,1,2,4,1.14
2025-04-20,Atlanta Braves,Minnesota Twins,1,0,3.22,1,1,0,5.2,4,1,1,0,4,7,1.21
2025-04-26,Arizona Diamondbacks,Atlanta Braves,0,0,4.5,1,1,0,5.2,5,6,6,3,3,4,1.25
2025-05-02,Atlanta Braves,Los Angeles Dodgers,0,1,4.24,1,1,0,6.0,4,2,2,1,2,9,1.21
2025-05-07,Atlanta Braves,Cincinnati Reds,0,1,4.58,1,1,0,5.1,7,4,4,2,1,5,1.25
2025-05-12,Atlanta Braves,Washington Nationals,0,0,4.14,1,1,0,6.1,4,1,1,1,1,4,1.18
2025-05-17,Boston Red Sox,Atlanta Braves,0,0,4.01,1,1,0,6.0,3,2,2,1,4,5,1.18
2025-05-24,Atlanta Braves,San Diego Padres,1,0,3.68,1,1,0,7.0,6,1,1,0,1,6,1.16
2025-05-30,Atlanta Braves,Boston Red Sox,0,1,3.78,1,1,0,5.2,6,3,3,1,1,9,1.17
2025-06-05,Atlanta Braves,Arizona Diamondbacks,0,0,3.99,1,1,0,3.1,4,3,3,0,2,4,1.2
2025-06-10,Milwaukee Brewers,Atlanta Braves,0,1,4.07,1,1,0,5.1,5,3,3,2,3,9,1.22
2025-06-15,Atlanta Braves,Colorado Rockies,0,1,3.97,1,1,0,6.1,3,3,2,1,2,15,1.18
2025-06-21,Miami Marlins,Atlanta Braves,1,0,3.71,1,1,0,5.2,5,0,0,0,5,5,1.22
2025-06-26,New York Mets,Atlanta Braves,0,1,3.7,1,1,0,5.0,6,2,2,0,3,6,1.26
2025-07-01,Atlanta Braves,Los Angeles Angels,0,0,3.47,1,1,0,6.0,3,0,0,0,3,10,1.24
2025-07-06,Atlanta Braves,Baltimore Orioles,0,1,3.44,1,1,0,6.0,4,2,2,1,3,5,1.24
2025-07-11,St. Louis Cardinals,Atlanta Braves,0,0,3.77,1,1,0,3.0,9,5,5,0,2,1,1.3
2025-07-20,Atlanta Braves,New York Yankees,0,1,3.81,1,1,0,6.0,7,3,3,1,2,2,1.32
2025-07-26,Texas Rangers,Atlanta Braves,0,0,3.99,1,1,0,4.0,6,4,4,0,2,2,1.34
