Date,Home Tm,Away Tm,W,L,ERA,G,GS,SV,IP,H,R,ER,HR,BB,SO,WHIP
2025-04-24,Athletics,Texas Rangers,1,0,0.0,1,0,0,2.0,0,0,0,0,0,0,0.0
2025-04-26,Athletics,Chicago White Sox,0,0,0.0,1,0,0,1.0,0,0,0,0,0,1,0.0
2025-04-27,Athletics,Chicago White Sox,1,0,0.0,1,0,0,1.0,2,1,0,0,0,0,0.5
2025-04-30,Texas Rangers,Athletics,1,0,0.0,1,0,0,2.0,1,0,0,0,1,2,0.67
2025-05-03,Miami Marlins,Athletics,0,0,0.0,1,0,0,1.0,0,0,0,0,0,1,0.57
2025-05-05,Athletics,Seattle Mariners,0,0,1.04,1,0,0,1.2,3,1,1,0,1,1,0.92
2025-05-07,Athletics,Seattle Mariners,0,0,0.93,1,0,0,1.0,2,0,0,0,0,0,1.03
2025-05-10,Athletics,New York Yankees,1,0,0.82,1,0,0,1.1,1,0,0,0,0,1,1.0
2025-05-13,Los Angeles Dodgers,Athletics,0,0,0.75,1,0,0,1.0,1,0,0,0,0,0,1.0
2025-05-16,San Francisco Giants,Athletics,0,0,0.69,1,0,0,1.0,0,0,0,0,1,1,1.0
2025-05-18,San Francisco Giants,Athletics,0,0,0.68,1,0,0,0.1,0,0,0,0,0,0,0.98
2025-05-20,Athletics,Los Angeles Angels,0,0,0.63,1,0,0,1.0,0,0,0,0,0,1,0.91
2025-05-22,Athletics,Los Angeles Angels,0,1,3.6,1,0,0,0.2,4,5,5,2,1,2,1.2
2025-05-24,Athletics,Philadelphia Phillies,0,0,3.38,1,0,0,1.0,2,0,0,0,0,2,1.25
2025-05-28,Houston Astros,Athletics,0,0,3.12,1,0,0,1.1,0,0,0,0,1,1,1.21
2025-05-30,Toronto Blue Jays,Athletics,0,0,4.0,1,0,0,0.2,3,2,2,1,1,0,1.39
2025-06-01,Toronto Blue Jays,Athletics,0,0,4.74,1,0,0,1.0,2,2,2,0,1,1,1.47
2025-06-03,Athletics,Minnesota Twins,0,0,4.43,1,1,0,1.1,1,0,0,0,1,0,1.48
2025-06-06,Athletics,Baltimore Orioles,0,0,4.22,1,0,0,1.0,2,0,0,0,0,2,1.5
2025-06-08,Athletics,Baltimore Orioles,0,0,4.09,1,0,0,0.2,1,0,0,0,0,1,1.5
2025-06-09,Los Angeles Angels,Athletics,0,0,3.91,1,1,0,1.0,0,0,0,0,0,0,1.43
2025-06-11,Los Angeles Angels,Athletics,0,1,5.09,1,0,0,0.0,1,3,3,0,1,0,1.52
