Date,Home Tm,Away Tm,W,L,ERA,G,GS,SV,IP,H,R,ER,HR,BB,SO,WHIP
2025-03-29,Houston Astros,New York Mets,0,1,3.18,1,1,0,5.2,4,2,2,1,2,4,1.06
2025-04-05,New York Mets,Toronto Blue Jays,0,0,2.79,1,1,0,4.0,4,1,1,0,3,6,1.34
2025-04-11,Athletics,New York Mets,1,0,4.2,1,1,0,5.1,7,4,4,1,3,3,1.53
2025-04-17,New York Mets,St. Louis Cardinals,1,0,3.43,1,1,0,6.0,3,1,1,0,2,8,1.33
2025-04-22,New York Mets,Philadelphia Phillies,1,0,3.12,1,1,0,5.0,7,1,1,0,1,5,1.38
2025-04-28,Washington Nationals,New York Mets,1,0,2.61,1,1,0,5.0,4,0,0,0,3,5,1.39
2025-05-05,Arizona Diamondbacks,New York Mets,1,0,2.5,1,1,0,5.0,6,1,1,1,1,6,1.39
2025-05-11,New York Mets,Chicago Cubs,0,0,2.36,1,1,0,6.0,2,1,1,1,1,5,1.26
2025-05-17,New York Yankees,New York Mets,0,0,2.47,1,1,0,5.1,7,2,2,2,1,4,1.29
2025-05-23,New York Mets,Los Angeles Dodgers,0,0,2.88,1,1,0,2.2,1,3,3,0,4,1,1.32
2025-05-28,New York Mets,Chicago White Sox,0,1,3.23,1,1,0,3.0,4,5,3,0,4,3,1.4
2025-06-04,Los Angeles Dodgers,New York Mets,1,0,2.9,1,1,0,6.0,3,0,0,0,1,7,1.32
2025-06-10,New York Mets,Washington Nationals,0,0,3.22,1,1,0,5.1,7,4,4,2,2,4,1.35
2025-06-15,New York Mets,Tampa Bay Rays,0,1,3.8,1,1,0,4.1,4,6,6,0,5,2,1.4
2025-06-21,Philadelphia Phillies,New York Mets,1,0,3.91,1,1,0,5.0,6,4,3,0,2,4,1.41
2025-06-26,New York Mets,Atlanta Braves,0,0,3.77,1,1,0,2.2,1,0,0,0,0,3,1.38
