Date,Home Tm,Away Tm,W,L,ERA,G,GS,SV,IP,H,R,ER,HR,BB,SO,WHIP
2025-03-27,St. Louis Cardinals,Minnesota Twins,0,0,13.5,1,0,0,0.2,1,1,1,1,1,1,3.0
2025-04-01,Chicago White Sox,Minnesota Twins,0,0,5.4,1,0,0,1.0,2,0,0,0,0,2,2.4
2025-04-06,Minnesota Twins,Houston Astros,0,0,10.13,1,0,0,1.0,3,2,2,1,0,3,2.63
2025-04-08,Kansas City Royals,Minnesota Twins,0,1,7.36,1,0,0,1.0,0,1,0,0,0,0,1.91
2025-04-09,Kansas City Royals,Minnesota Twins,0,0,5.79,1,0,0,1.0,1,0,0,0,0,0,1.71
2025-04-13,Minnesota Twins,Detroit Tigers,0,0,4.76,1,0,0,1.0,0,0,0,0,0,3,1.41
2025-04-15,Minnesota Twins,New York Mets,0,0,4.05,1,0,0,1.0,1,0,0,0,0,1,1.35
2025-04-16,Minnesota Twins,New York Mets,0,0,7.04,1,0,0,1.0,4,3,3,0,0,1,1.7
2025-04-18,Atlanta Braves,Minnesota Twins,0,1,11.25,1,0,0,0.1,2,4,4,0,2,1,2.13
2025-04-22,Minnesota Twins,Chicago White Sox,0,0,10.0,1,0,0,1.0,1,0,0,0,0,2,2.0
2025-04-23,Minnesota Twins,Chicago White Sox,0,0,9.0,1,0,0,1.0,0,0,0,0,0,2,1.8
2025-04-26,Minnesota Twins,Los Angeles Angels,0,0,8.18,1,0,0,1.0,1,0,0,0,0,3,1.73
2025-04-29,Cleveland Guardians,Minnesota Twins,0,0,7.5,1,0,0,1.0,1,0,0,0,0,2,1.67
2025-05-01,Cleveland Guardians,Minnesota Twins,0,0,6.92,1,0,0,1.0,0,0,0,0,0,2,1.54
2025-05-03,Boston Red Sox,Minnesota Twins,0,0,6.59,1,0,0,0.2,0,0,0,0,0,0,1.46
2025-05-04,Boston Red Sox,Minnesota Twins,0,0,6.75,1,0,0,1.0,1,1,1,1,0,1,1.43
2025-05-07,Minnesota Twins,Baltimore Orioles,0,0,6.32,1,0,0,1.0,2,0,0,0,0,0,1.47
2025-05-08,Minnesota Twins,Baltimore Orioles,1,0,5.94,1,0,0,1.0,0,0,0,0,0,2,1.38
2025-05-10,Minnesota Twins,San Francisco Giants,0,0,5.6,1,0,0,1.0,0,0,0,0,0,1,1.3
2025-05-11,Minnesota Twins,San Francisco Giants,0,0,5.79,1,0,0,1.0,3,1,1,0,1,1,1.45
2025-05-14,Baltimore Orioles,Minnesota Twins,0,0,5.49,1,0,0,1.0,0,0,0,0,1,2,1.42
2025-05-16,Milwaukee Brewers,Minnesota Twins,0,0,5.23,1,0,0,1.0,1,0,0,0,0,2,1.4
2025-05-21,Minnesota Twins,Cleveland Guardians,0,0,4.98,1,0,0,1.0,0,0,0,0,0,3,1.34
2025-05-23,Minnesota Twins,Kansas City Royals,0,0,4.76,1,0,0,1.0,1,0,0,0,0,1,1.32
2025-05-24,Minnesota Twins,Kansas City Royals,0,0,4.56,1,0,0,1.0,0,0,0,0,0,2,1.27
2025-05-27,Tampa Bay Rays,Minnesota Twins,0,0,4.38,1,0,0,1.0,0,0,0,0,0,3,1.22
2025-05-31,Seattle Mariners,Minnesota Twins,0,0,4.21,1,0,0,1.0,2,0,0,0,1,1,1.29
2025-06-01,Seattle Mariners,Minnesota Twins,0,1,4.5,1,0,0,0.1,2,1,1,0,0,1,1.35
2025-06-04,Athletics,Minnesota Twins,0,0,4.33,1,0,0,1.0,0,0,0,0,0,3,1.3
2025-06-07,Minnesota Twins,Toronto Blue Jays,0,1,4.82,1,0,0,1.0,2,2,2,1,0,1,1.32
2025-06-08,Minnesota Twins,Toronto Blue Jays,0,0,4.66,1,0,0,1.0,0,0,0,0,0,0,1.28
2025-06-13,Houston Astros,Minnesota Twins,0,0,4.5,1,0,0,1.0,0,0,0,0,1,3,1.27
2025-06-14,Houston Astros,Minnesota Twins,0,0,4.35,1,0,0,1.0,0,0,0,0,1,2,1.26
2025-06-19,Cincinnati Reds,Minnesota Twins,0,0,4.22,1,0,0,1.0,2,0,0,0,0,2,1.28
2025-06-22,Minnesota Twins,Milwaukee Brewers,0,0,4.18,1,0,0,0.1,0,0,0,0,0,0,1.27
2025-06-24,Minnesota Twins,Seattle Mariners,0,0,4.05,1,0,0,1.0,0,0,0,0,0,2,1.23
2025-06-25,Minnesota Twins,Seattle Mariners,0,0,3.93,1,0,0,1.0,0,0,0,0,0,1,1.19
2025-06-27,Detroit Tigers,Minnesota Twins,0,0,4.08,1,0,0,1.0,3,1,1,0,0,3,1.25
2025-07-02,Miami Marlins,Minnesota Twins,0,0,3.96,1,0,0,1.0,0,0,0,0,0,1,1.21
2025-07-05,Minnesota Twins,Tampa Bay Rays,0,0,3.86,1,0,0,1.0,0,0,0,0,1,0,1.21
2025-07-06,Minnesota Twins,Tampa Bay Rays,0,0,4.23,1,0,0,1.0,3,2,2,0,0,1,1.25
2025-07-08,Minnesota Twins,Chicago Cubs,0,0,4.12,1,0,0,1.0,1,0,0,0,1,2,1.27
2025-07-11,Minnesota Twins,Pittsburgh Pirates,0,0,4.02,1,0,0,1.0,0,0,0,0,0,1,1.24
2025-07-13,Minnesota Twins,Pittsburgh Pirates,0,0,3.92,1,0,0,1.0,0,0,0,0,0,1,1.21
2025-07-20,Colorado Rockies,Minnesota Twins,0,0,3.83,1,0,0,1.0,0,0,0,0,0,1,1.18
2025-07-22,Los Angeles Dodgers,Minnesota Twins,0,0,3.74,1,0,0,1.0,0,0,0,0,0,1,1.15
2025-07-23,Los Angeles Dodgers,Minnesota Twins,0,1,4.09,1,0,0,0.2,2,2,2,0,2,0,1.23
2025-07-25,Minnesota Twins,Washington Nationals,0,0,4.0,1,0,0,1.0,1,0,0,0,1,2,1.24
2025-07-28,Minnesota Twins,Boston Red Sox,0,0,3.91,1,0,0,1.0,0,0,0,0,0,2,1.22
2025-07-30,Minnesota Twins,Boston Red Sox,0,0,4.5,1,0,0,0.0,3,3,3,0,0,0,1.28
2025-08-03,Tampa Bay Rays,Los Angeles Dodgers,0,0,4.6,1,0,0,1.0,1,1,1,0,1,0,1.3
2025-08-05,Los Angeles Angels,Tampa Bay Rays,0,0,4.56,1,0,0,0.1,0,0,0,0,0,0,1.29
2025-08-06,Los Angeles Angels,Tampa Bay Rays,0,0,4.47,1,0,0,1.0,1,0,0,0,1,3,1.3
2025-08-08,Seattle Mariners,Tampa Bay Rays,0,1,4.93,1,0,0,1.0,3,3,3,1,0,1,1.34
2025-08-11,Athletics,Tampa Bay Rays,0,0,4.86,1,0,0,0.2,0,0,0,0,0,0,1.32
2025-08-13,Athletics,Tampa Bay Rays,0,0,4.76,1,0,0,1.0,0,0,0,0,0,3,1.29
2025-08-15,San Francisco Giants,Tampa Bay Rays,0,0,4.7,1,0,0,0.2,0,0,0,0,0,0,1.28
2025-08-20,Tampa Bay Rays,New York Yankees,0,0,4.78,1,0,0,1.0,2,1,1,1,0,2,1.29
2025-08-22,Tampa Bay Rays,St. Louis Cardinals,0,0,5.06,1,0,0,0.2,3,2,2,1,0,1,1.33
2025-08-26,Cleveland Guardians,Tampa Bay Rays,0,0,4.97,1,0,0,1.0,0,0,0,0,0,2,1.31
2025-08-27,Cleveland Guardians,Tampa Bay Rays,0,1,4.91,1,0,0,0.2,1,1,0,0,1,1,1.33
2025-08-30,Washington Nationals,Tampa Bay Rays,0,0,4.82,1,0,0,1.0,0,0,0,0,1,2,1.32
2025-09-02,Tampa Bay Rays,Seattle Mariners,0,0,4.98,1,0,0,0.0,1,1,1,0,2,0,1.38
2025-09-05,Tampa Bay Rays,Cleveland Guardians,0,0,4.89,1,1,0,1.0,2,0,0,0,0,1,1.39
2025-09-07,Tampa Bay Rays,Cleveland Guardians,0,0,4.81,1,0,0,1.0,1,0,0,0,0,1,1.38
2025-09-10,Chicago White Sox,Tampa Bay Rays,0,0,4.73,1,1,0,1.0,1,0,0,0,1,1,1.39
2025-09-12,Chicago Cubs,Tampa Bay Rays,0,0,4.65,1,0,0,1.0,1,0,0,0,0,3,1.38
2025-09-13,Chicago Cubs,Tampa Bay Rays,0,0,4.57,1,0,0,1.0,0,0,0,0,0,1,1.36
2025-09-15,Tampa Bay Rays,Toronto Blue Jays,0,0,4.5,1,0,0,1.0,0,0,0,0,0,2,1.34
2025-09-18,Tampa Bay Rays,Toronto Blue Jays,0,0,4.43,1,0,0,1.0,0,0,0,0,0,1,1.32
2025-09-19,Tampa Bay Rays,Boston Red Sox,0,0,4.36,1,0,0,1.0,0,0,0,0,0,2,1.3
2025-09-24,Baltimore Orioles,Tampa Bay Rays,0,0,4.29,1,0,0,1.0,1,0,0,0,1,0,1.31
2025-09-27,Toronto Blue Jays,Tampa Bay Rays,0,0,4.23,1,0,0,1.0,0,0,0,0,0,0,1.29
