Date,Home Tm,Away Tm,W,L,ERA,G,GS,SV,IP,H,R,ER,HR,BB,SO,WHIP
2025-05-02,Miami Marlins,Athletics,1,0,1.5,1,1,0,6.0,6,1,1,1,0,7,1.0
2025-05-07,Athletics,Seattle Mariners,0,0,2.38,1,1,0,5.1,5,2,2,0,1,3,1.06
2025-05-14,Los Angeles Dodgers,Athletics,0,1,3.78,1,1,0,5.1,7,4,4,3,3,5,1.32
2025-05-20,Athletics,Los Angeles Angels,0,1,5.06,1,1,0,4.2,6,5,5,2,2,5,1.41
2025-05-25,Athletics,Philadelphia Phillies,0,0,5.13,1,1,0,5.0,4,3,3,0,3,2,1.41
2025-05-31,Toronto Blue Jays,Athletics,0,1,6.4,1,1,0,6.0,10,8,8,4,2,1,1.52
