Date,Home Tm,Away Tm,W,L,ERA,G,GS,SV,IP,H,R,ER,HR,BB,SO,WHIP
2025-04-01,Houston Astros,San Francisco Giants,0,1,5.4,1,1,0,5.0,2,3,3,1,3,6,1.0
2025-04-07,Seattle Mariners,Houston Astros,0,0,3.75,1,1,0,7.0,3,2,2,1,0,5,0.67
2025-04-13,Houston Astros,Los Angeles Angels,1,0,4.0,1,1,0,6.0,5,3,3,3,0,10,0.72
2025-04-19,Houston Astros,San Diego Padres,0,0,3.91,1,1,0,5.0,6,2,2,1,1,4,0.87
2025-04-25,Kansas City Royals,Houston Astros,0,1,3.86,1,1,0,5.0,8,2,2,0,0,1,1.0
2025-05-06,Milwaukee Brewers,Houston Astros,0,1,4.5,1,1,0,4.0,5,4,4,1,2,3,1.09
