Date,Home Tm,Away Tm,W,L,ERA,G,GS,SV,IP,H,R,ER,HR,BB,SO,WHIP
2025-04-02,Houston Astros,San Francisco Giants,0,0,0.0,1,0,0,2.0,2,0,0,0,1,2,1.5
2025-04-05,San Francisco Giants,Seattle Mariners,0,0,0.0,1,0,0,2.0,2,0,0,0,1,2,1.5
2025-04-08,San Francisco Giants,Cincinnati Reds,0,0,0.0,1,0,0,3.0,1,0,0,0,1,2,1.14
2025-04-13,New York Yankees,San Francisco Giants,0,0,0.0,1,0,0,2.0,0,0,0,0,0,3,0.89
2025-04-15,Philadelphia Phillies,San Francisco Giants,0,0,1.8,1,0,0,1.0,2,2,2,1,1,0,1.1
2025-04-21,San Francisco Giants,Milwaukee Brewers,1,0,1.38,1,0,0,3.0,1,0,0,0,2,4,1.08
2025-04-27,San Francisco Giants,Texas Rangers,0,0,1.13,1,0,0,3.0,3,0,0,0,0,5,1.06
2025-05-02,San Francisco Giants,Colorado Rockies,0,0,1.0,1,0,0,2.0,1,0,0,0,0,1,1.0
2025-05-05,Chicago Cubs,San Francisco Giants,0,0,1.47,1,0,0,0.1,2,5,1,1,2,0,1.2
2025-05-11,Minnesota Twins,San Francisco Giants,0,0,1.33,1,0,0,2.0,2,0,0,0,0,3,1.18
2025-05-14,San Francisco Giants,Arizona Diamondbacks,0,0,2.31,1,0,0,3.0,4,3,3,2,2,3,1.29
2025-05-20,San Francisco Giants,Kansas City Royals,1,0,1.91,1,1,0,5.0,5,1,0,0,0,4,1.24
2025-05-26,Detroit Tigers,San Francisco Giants,0,1,2.48,1,1,0,4.1,5,3,3,0,2,6,1.29
2025-06-01,Miami Marlins,San Francisco Giants,1,0,2.37,1,1,0,5.1,5,1,1,0,0,5,1.24
2025-06-06,San Francisco Giants,Atlanta Braves,0,0,2.55,1,1,0,4.1,2,2,2,0,5,5,1.28
2025-06-12,Colorado Rockies,San Francisco Giants,0,0,2.79,1,1,0,6.0,6,3,3,1,2,6,1.28
2025-06-20,San Francisco Giants,Boston Red Sox,0,0,3.25,1,1,0,4.1,7,5,4,1,1,4,1.33
2025-06-26,San Francisco Giants,Miami Marlins,0,1,4.13,1,1,0,4.0,4,7,7,2,4,1,1.38
2025-07-01,Arizona Diamondbacks,San Francisco Giants,0,1,4.3,1,1,0,4.0,3,4,3,1,4,6,1.4
2025-07-06,Athletics,San Francisco Giants,1,0,4.11,1,1,0,5.0,3,1,1,1,5,6,1.42
2025-07-21,Atlanta Braves,San Francisco Giants,0,1,4.8,1,1,0,0.0,1,5,5,0,4,0,1.49
