Date,Home Tm,Away Tm,W,L,ERA,G,GS,SV,IP,H,R,ER,HR,BB,SO,WHIP
2025-03-27,Houston Astros,New York Mets,0,0,0.0,1,0,0,2.1,1,0,0,0,1,2,0.86
2025-03-31,Miami Marlins,New York Mets,0,0,0.0,1,0,0,2.0,1,0,0,0,0,2,0.69
2025-04-02,Miami Marlins,New York Mets,0,0,0.0,1,0,1,0.2,0,0,0,0,0,1,0.6
2025-04-05,New York Mets,Toronto Blue Jays,0,0,0.0,1,0,0,2.1,1,0,0,0,0,1,0.55
2025-04-08,New York Mets,Miami Marlins,0,0,1.08,1,0,0,1.0,2,1,1,1,0,1,0.72
2025-04-09,New York Mets,Miami Marlins,0,0,0.96,1,0,0,1.0,1,0,0,0,0,1,0.75
2025-04-14,Minnesota Twins,New York Mets,0,0,0.79,1,0,0,2.0,0,0,0,0,1,1,0.71
2025-04-16,Minnesota Twins,New York Mets,0,0,0.73,1,1,0,1.0,0,0,0,0,1,1,0.73
2025-04-18,New York Mets,St. Louis Cardinals,1,0,1.35,1,0,0,1.0,1,1,1,1,0,3,0.75
2025-04-22,New York Mets,Philadelphia Phillies,0,0,1.26,1,0,0,1.0,1,0,0,0,1,1,0.84
2025-04-23,New York Mets,Philadelphia Phillies,0,0,1.17,1,0,0,1.0,0,0,0,0,0,0,0.78
2025-04-25,Washington Nationals,New York Mets,0,0,1.65,1,0,0,1.0,3,1,1,0,0,1,0.92
2025-04-27,Washington Nationals,New York Mets,0,0,1.56,1,0,0,1.0,1,0,0,0,1,1,0.98
2025-04-30,New York Mets,Arizona Diamondbacks,0,0,1.4,1,1,0,2.0,0,0,0,0,1,3,0.93
2025-05-04,St. Louis Cardinals,New York Mets,0,0,1.37,1,0,0,0.1,0,0,0,0,0,1,0.92
2025-05-05,Arizona Diamondbacks,New York Mets,0,0,1.25,1,0,0,2.0,0,0,0,0,0,1,0.83
2025-05-07,Arizona Diamondbacks,New York Mets,0,0,1.21,1,0,0,0.2,0,0,0,0,0,1,0.81
2025-05-10,New York Mets,Chicago Cubs,0,0,1.13,1,0,0,1.2,0,0,0,0,0,2,0.75
2025-05-12,New York Mets,Pittsburgh Pirates,1,0,1.08,1,0,0,1.0,1,1,0,0,0,0,0.76
2025-05-17,New York Yankees,New York Mets,0,0,1.01,1,0,0,1.2,0,0,0,0,0,1,0.71
2025-05-18,New York Yankees,New York Mets,0,0,0.98,1,0,0,1.0,1,0,0,0,2,1,0.8
2025-05-21,Boston Red Sox,New York Mets,1,0,0.9,1,0,0,2.1,1,0,0,0,0,4,0.77
2025-05-23,New York Mets,Los Angeles Dodgers,0,1,1.16,1,0,0,1.0,3,2,1,0,0,0,0.84
2025-05-26,New York Mets,Chicago White Sox,0,0,1.11,1,0,0,1.1,0,0,0,0,1,1,0.84
2025-05-30,New York Mets,Colorado Rockies,0,0,1.34,1,0,0,1.1,1,1,1,1,0,1,0.83
2025-06-02,Los Angeles Dodgers,New York Mets,0,0,1.3,1,0,0,1.0,1,0,0,0,2,2,0.89
2025-06-03,Los Angeles Dodgers,New York Mets,0,0,1.51,1,0,0,1.0,1,1,1,1,0,3,0.9
2025-06-06,Colorado Rockies,New York Mets,0,0,1.72,1,0,0,1.0,2,1,1,0,0,0,0.93
2025-06-12,New York Mets,Washington Nationals,0,0,1.64,1,0,0,1.2,0,0,0,0,0,0,0.89
2025-06-17,Atlanta Braves,New York Mets,0,1,1.62,1,0,0,0.2,0,1,0,0,2,0,0.92
2025-06-19,Atlanta Braves,New York Mets,0,0,2.5,1,0,0,0.2,2,4,4,0,3,0,1.03
2025-06-21,Philadelphia Phillies,New York Mets,0,0,2.38,1,0,0,2.0,1,0,0,0,0,2,1.01
2025-06-24,New York Mets,Atlanta Braves,0,0,3.0,1,0,0,0.1,0,3,3,0,3,0,1.07
2025-06-28,Pittsburgh Pirates,New York Mets,0,0,3.83,1,0,0,0.1,2,4,4,0,2,1,1.16
2025-07-02,New York Mets,Milwaukee Brewers,0,0,3.74,1,1,0,1.0,0,0,0,0,1,1,1.15
2025-07-04,New York Mets,New York Yankees,1,0,3.65,1,0,0,1.0,0,0,0,0,1,3,1.15
2025-07-06,New York Mets,New York Yankees,0,0,3.77,1,0,0,1.0,2,1,1,0,1,2,1.19
2025-07-08,Baltimore Orioles,New York Mets,0,0,3.69,1,0,1,1.0,0,0,0,0,0,1,1.17
2025-07-11,Kansas City Royals,New York Mets,1,0,3.99,1,0,0,1.0,4,2,2,1,0,0,1.23
2025-07-20,New York Mets,Cincinnati Reds,0,0,3.91,1,0,0,1.0,1,0,0,0,0,1,1.22
2025-07-21,New York Mets,Los Angeles Angels,0,0,3.86,1,0,0,0.2,0,0,0,0,0,1,1.2
2025-07-23,New York Mets,Los Angeles Angels,0,0,3.78,1,0,0,1.0,0,0,0,0,1,1,1.2
2025-07-25,San Francisco Giants,New York Mets,0,0,3.71,1,0,0,1.0,2,0,0,0,0,1,1.22
2025-07-28,San Diego Padres,New York Mets,0,0,3.83,1,0,0,0.2,3,1,1,0,1,0,1.28
2025-08-24,Atlanta Braves,New York Mets,0,0,3.81,1,0,0,0.1,1,0,0,0,0,0,1.29
2025-08-26,New York Mets,Philadelphia Phillies,0,0,3.91,1,0,0,1.0,3,1,1,0,0,0,1.32
2025-09-12,New York Mets,Texas Rangers,0,0,3.67,1,0,0,3.1,2,0,0,0,1,0,1.3
2025-09-19,New York Mets,Washington Nationals,0,0,3.97,1,0,0,0.1,2,2,2,1,0,1,1.32
2025-09-20,New York Mets,Washington Nationals,0,0,3.86,1,0,0,1.2,0,0,0,0,0,1,1.29
2025-09-23,Chicago Cubs,New York Mets,0,0,3.69,1,0,0,2.2,1,1,0,0,0,2,1.25
2025-09-26,Miami Marlins,New York Mets,0,0,3.63,1,0,0,1.0,1,0,0,0,0,2,1.24
2025-09-28,Miami Marlins,New York Mets,0,0,3.57,1,0,0,1.0,1,0,0,0,0,0,1.24
