Date,Home Tm,Away Tm,W,L,ERA,G,GS,SV,IP,H,R,ER,HR,BB,SO,WHIP
2025-03-27,Cincinnati Reds,San Francisco Giants,0,0,3.6,1,1,0,5.0,3,2,2,1,1,8,0.8
2025-04-02,Cincinnati Reds,Texas Rangers,0,1,2.25,1,1,0,7.0,3,1,1,0,1,8,0.67
2025-04-07,San Francisco Giants,Cincinnati Reds,1,0,1.31,1,1,0,8.2,4,0,0,0,1,7,0.63
2025-04-13,Cincinnati Reds,Pittsburgh Pirates,1,0,0.98,1,1,0,7.0,2,0,0,0,1,8,0.58
2025-04-19,Baltimore Orioles,Cincinnati Reds,0,1,2.35,1,1,0,3.0,6,5,5,3,2,4,0.78
2025-04-26,Colorado Rockies,Cincinnati Reds,1,0,2.7,1,1,0,6.0,7,3,3,2,0,8,0.85
2025-05-02,Cincinnati Reds,Washington Nationals,1,0,2.53,1,1,0,6.0,2,1,1,1,2,12,0.82
2025-05-07,Atlanta Braves,Cincinnati Reds,0,0,2.36,1,1,0,3.0,2,0,0,0,0,6,0.81
2025-05-23,Cincinnati Reds,Chicago Cubs,0,0,2.54,1,1,0,4.0,3,2,2,1,2,2,0.85
2025-05-28,Kansas City Royals,Cincinnati Reds,0,1,2.63,1,1,0,5.0,7,2,2,0,1,3,0.91
2025-06-03,Cincinnati Reds,Milwaukee Brewers,0,0,2.72,1,1,0,5.0,5,2,2,1,3,7,0.97
2025-08-13,Cincinnati Reds,Philadelphia Phillies,1,0,2.47,1,1,0,6.0,3,0,0,0,0,6,0.93
2025-08-19,Los Angeles Angels,Cincinnati Reds,0,0,2.63,1,1,0,6.1,6,3,3,1,0,12,0.93
2025-08-25,Los Angeles Dodgers,Cincinnati Reds,0,1,2.81,1,1,0,5.0,6,5,3,2,2,3,0.97
2025-09-01,Cincinnati Reds,Toronto Blue Jays,0,0,2.7,1,1,0,6.1,5,1,1,0,1,7,0.97
2025-09-07,Cincinnati Reds,New York Mets,1,0,2.59,1,1,0,7.0,1,1,1,1,2,12,0.93
2025-09-13,Athletics,Cincinnati Reds,0,0,3.01,1,1,0,2.1,4,5,5,2,4,3,0.99
2025-09-18,Cincinnati Reds,Chicago Cubs,1,0,2.74,1,1,0,9.0,1,0,0,0,1,9,0.92
2025-09-24,Cincinnati Reds,Pittsburgh Pirates,0,0,2.76,1,1,0,6.0,5,2,2,0,2,7,0.94
