Date,Home Tm,Away Tm,W,L,ERA,G,GS,SV,IP,H,R,ER,HR,BB,SO,WHIP
2025-04-06,Boston Red Sox,St. Louis Cardinals,1,0,3.6,1,1,0,5.0,8,2,2,0,2,5,2.0
2025-04-18,Boston Red Sox,Chicago White Sox,1,0,2.45,1,1,0,6.0,3,2,1,1,0,6,1.18
2025-05-03,Boston Red Sox,Minnesota Twins,0,1,3.78,1,1,0,5.2,7,4,4,1,2,2,1.32
2025-05-09,Kansas City Royals,Boston Red Sox,0,0,2.78,1,1,0,6.0,5,0,0,0,0,6,1.19
2025-05-14,Detroit Tigers,Boston Red Sox,0,0,3.9,1,1,0,5.0,9,5,5,1,0,4,1.3
2025-05-19,Boston Red Sox,New York Mets,0,0,3.62,1,1,0,4.2,5,1,1,0,1,2,1.3
2025-05-24,Boston Red Sox,Baltimore Orioles,0,0,4.21,1,1,0,4.0,5,4,4,0,1,7,1.32
2025-05-28,Milwaukee Brewers,Boston Red Sox,0,0,4.35,1,0,0,3.0,3,2,2,0,3,1,1.37
2025-06-02,Boston Red Sox,Los Angeles Angels,0,0,4.06,1,0,0,5.0,4,1,1,1,1,4,1.33
2025-06-08,New York Yankees,Boston Red Sox,1,0,4.2,1,1,0,5.0,4,3,3,2,0,0,1.28
2025-06-14,Boston Red Sox,New York Yankees,1,0,3.74,1,1,0,6.0,2,0,0,0,1,5,1.19
2025-06-20,San Francisco Giants,Boston Red Sox,0,0,4.1,1,1,0,4.0,4,5,4,0,5,1,1.26
2025-07-11,Boston Red Sox,Tampa Bay Rays,0,0,4.13,1,1,0,1.2,2,1,1,0,1,2,1.28
