Date,Home Tm,Away Tm,W,L,ERA,G,GS,SV,IP,H,R,ER,HR,BB,SO,WHIP
2025-03-28,Houston Astros,New York Mets,0,1,3.0,1,1,0,6.0,4,3,2,1,3,7,1.17
2025-04-03,Minnesota Twins,Houston Astros,1,0,3.0,1,1,0,6.0,5,2,2,0,0,8,1.0
2025-04-09,Seattle Mariners,Houston Astros,0,0,2.0,1,1,0,6.0,2,0,0,0,0,3,0.78
2025-04-15,St. Louis Cardinals,Houston Astros,1,0,1.5,1,1,0,6.0,4,0,0,0,2,4,0.83
2025-04-21,Houston Astros,Toronto Blue Jays,1,0,1.16,1,1,0,7.0,2,0,0,0,1,9,0.74
2025-04-27,Kansas City Royals,Houston Astros,1,0,1.22,1,1,0,6.0,7,1,1,0,1,9,0.84
2025-05-03,Chicago White Sox,Houston Astros,1,0,1.67,1,1,0,6.0,4,3,3,0,3,9,0.88
2025-05-09,Houston Astros,Cincinnati Reds,1,0,1.48,1,1,0,5.2,2,0,0,0,4,9,0.9
2025-05-15,Texas Rangers,Houston Astros,0,1,1.43,1,1,0,8.0,3,1,1,1,0,9,0.83
2025-05-21,Tampa Bay Rays,Houston Astros,0,1,2.04,1,1,0,5.0,7,5,5,3,2,4,0.91
2025-05-27,Houston Astros,Athletics,1,0,2.0,1,1,0,6.0,6,1,1,1,0,8,0.92
2025-06-01,Houston Astros,Tampa Bay Rays,1,0,1.83,1,1,0,6.0,1,0,0,0,4,5,0.91
2025-06-07,Cleveland Guardians,Houston Astros,0,0,1.82,1,1,0,5.1,4,1,1,0,5,9,0.96
2025-06-14,Houston Astros,Minnesota Twins,0,0,1.88,1,1,0,7.0,3,2,2,1,1,12,0.93
2025-06-20,Los Angeles Angels,Houston Astros,0,0,1.88,1,1,0,5.0,2,1,1,1,2,4,0.92
2025-06-26,Houston Astros,Philadelphia Phillies,0,0,1.74,1,1,0,7.0,3,0,0,0,0,9,0.89
2025-07-02,Colorado Rockies,Houston Astros,1,0,1.82,1,1,0,6.0,6,2,2,1,1,8,0.9
2025-07-08,Houston Astros,Cleveland Guardians,0,0,2.21,1,1,0,6.0,6,6,6,2,3,3,0.94
2025-07-13,Houston Astros,Texas Rangers,0,1,2.43,1,1,0,5.0,5,4,4,1,2,8,0.96
2025-07-20,Seattle Mariners,Houston Astros,0,0,2.57,1,1,0,4.0,6,3,3,0,2,7,0.99
2025-07-26,Houston Astros,Athletics,0,1,2.54,1,1,0,5.0,4,1,1,0,2,5,1.0
2025-08-01,Boston Red Sox,Houston Astros,0,0,2.47,1,1,0,7.0,4,1,1,0,1,6,0.98
2025-08-08,New York Yankees,Houston Astros,0,0,2.51,1,1,0,5.1,4,2,2,0,1,5,0.98
2025-08-13,Houston Astros,Boston Red Sox,1,0,2.45,1,1,0,6.2,6,1,1,0,3,4,1.0
2025-08-19,Detroit Tigers,Houston Astros,0,0,2.36,1,1,0,6.0,5,0,0,0,3,6,1.01
2025-08-26,Houston Astros,Colorado Rockies,0,1,2.37,1,1,0,6.2,6,6,2,1,0,7,1.01
2025-08-31,Houston Astros,Los Angeles Angels,0,1,2.34,1,1,0,6.0,3,1,1,1,3,5,1.01
2025-09-06,Texas Rangers,Houston Astros,1,0,2.25,1,1,0,6.0,4,0,0,0,3,8,1.01
2025-09-13,Atlanta Braves,Houston Astros,1,0,2.27,1,1,0,6.2,4,2,2,1,1,2,1.0
2025-09-19,Houston Astros,Seattle Mariners,0,1,2.3,1,1,0,6.0,5,2,2,2,2,9,1.01
2025-09-24,Athletics,Houston Astros,0,1,2.43,1,1,0,5.0,6,4,4,0,2,5,1.03
