Date,Home Tm,Away Tm,W,L,ERA,G,GS,SV,IP,H,R,ER,HR,BB,SO,WHIP
2025-08-02,Cincinnati Reds,Atlanta Braves,1,0,1.59,1,0,0,5.2,3,1,1,0,2,4,0.88
2025-08-09,Atlanta Braves,Miami Marlins,1,0,1.54,1,1,0,6.0,4,1,1,0,1,6,0.86
2025-08-15,Cleveland Guardians,Atlanta Braves,1,0,1.02,1,1,0,6.0,2,0,0,0,2,7,0.79
2025-08-20,Atlanta Braves,Chicago White Sox,1,0,0.73,1,1,0,7.0,4,0,0,0,1,7,0.77
2025-08-26,Miami Marlins,Atlanta Braves,0,0,0.9,1,1,0,5.1,8,1,1,0,1,0,0.93
2025-08-31,Philadelphia Phillies,Atlanta Braves,0,0,1.01,1,1,0,5.2,4,1,1,1,4,9,1.01
2025-09-06,Atlanta Braves,Seattle Mariners,0,0,1.33,1,1,0,5.0,2,2,2,1,5,5,1.06
2025-09-12,Atlanta Braves,Houston Astros,0,1,2.78,1,1,0,4.2,8,8,8,1,2,4,1.17
2025-09-17,Washington Nationals,Atlanta Braves,1,0,3.04,1,1,0,5.0,5,3,3,0,0,8,1.15
2025-09-23,Atlanta Braves,Washington Nationals,1,0,2.88,1,1,0,6.0,5,1,1,0,4,5,1.19
