Date,Home Tm,Away Tm,W,L,ERA,G,GS,SV,IP,H,R,ER,HR,BB,SO,WHIP
2025-06-09,Boston Red Sox,Tampa Bay Rays,1,0,0.0,1,0,0,2.0,0,1,0,0,2,2,1.0
2025-07-13,Boston Red Sox,Tampa Bay Rays,0,0,0.0,1,0,0,2.0,1,0,0,0,0,1,0.75
2025-07-20,Tampa Bay Rays,Baltimore Orioles,0,0,0.0,1,0,0,2.0,2,0,0,0,0,2,0.83
2025-07-23,Tampa Bay Rays,Chicago White Sox,0,0,0.0,1,0,0,1.2,2,0,0,0,0,0,0.91
2025-07-25,Cincinnati Reds,Tampa Bay Rays,0,0,2.08,1,0,0,1.0,3,2,2,0,1,3,1.27
2025-07-27,Cincinnati Reds,Tampa Bay Rays,0,0,1.86,1,0,0,1.0,0,0,0,0,0,0,1.14
2025-07-29,New York Yankees,Tampa Bay Rays,0,0,1.69,1,0,0,1.0,0,0,0,0,0,1,1.03
2025-08-01,Tampa Bay Rays,Los Angeles Dodgers,0,0,1.42,1,0,0,2.0,1,0,0,0,0,4,0.95
2025-08-04,Los Angeles Angels,Tampa Bay Rays,0,0,1.2,1,0,0,2.1,0,0,0,0,0,3,0.8
2025-08-09,Seattle Mariners,Tampa Bay Rays,0,0,1.06,1,0,0,2.0,1,0,0,0,2,2,0.88
2025-08-15,San Francisco Giants,Tampa Bay Rays,0,0,1.77,1,0,0,3.1,3,2,2,0,1,4,0.93
2025-08-19,Tampa Bay Rays,New York Yankees,0,0,3.86,1,0,0,3.0,6,6,6,3,2,4,1.16
2025-08-25,Cleveland Guardians,Tampa Bay Rays,1,0,3.18,1,1,0,5.0,1,0,0,0,1,8,1.02
2025-08-31,Washington Nationals,Tampa Bay Rays,1,0,2.97,1,1,0,5.0,4,4,1,0,1,8,1.02
2025-09-05,Tampa Bay Rays,Cleveland Guardians,0,1,2.89,1,0,0,4.0,5,5,1,0,2,5,1.1
2025-09-11,Chicago White Sox,Tampa Bay Rays,0,1,2.95,1,1,0,5.1,4,3,2,0,2,5,1.1
2025-09-17,Tampa Bay Rays,Toronto Blue Jays,1,0,2.54,1,1,0,7.0,4,1,0,0,1,3,1.05
2025-09-23,Baltimore Orioles,Tampa Bay Rays,0,0,2.85,1,0,0,4.0,4,3,3,1,2,2,1.08
2025-09-28,Toronto Blue Jays,Tampa Bay Rays,0,1,3.63,1,1,0,3.1,7,6,6,1,2,7,1.18
