Date,Home Tm,Away Tm,W,L,ERA,G,GS,SV,IP,H,R,ER,HR,BB,SO,WHIP
2025-04-08,Detroit Tigers,New York Yankees,0,0,0.0,1,0,0,1.0,1,0,0,0,0,2,1.0
2025-04-11,New York Yankees,San Francisco Giants,0,0,9.0,1,0,0,1.0,0,2,2,0,2,1,1.5
2025-04-13,New York Yankees,San Francisco Giants,0,0,6.0,1,0,0,1.0,0,0,0,0,2,2,1.67
2025-04-17,Tampa Bay Rays,New York Yankees,0,0,3.86,1,0,0,1.2,1,0,0,0,0,3,1.29
2025-04-19,Tampa Bay Rays,New York Yankees,0,0,2.7,1,0,0,2.0,0,0,0,0,1,0,1.05
2025-04-25,New York Yankees,Toronto Blue Jays,0,0,2.45,1,0,0,0.2,0,0,0,0,0,0,0.95
2025-04-29,Baltimore Orioles,New York Yankees,0,0,1.93,1,0,0,2.0,0,0,0,0,0,3,0.75
2025-05-03,New York Yankees,Tampa Bay Rays,0,0,1.74,1,0,0,1.0,1,0,0,0,1,3,0.87
2025-05-07,New York Yankees,San Diego Padres,0,0,3.38,1,0,0,0.1,0,2,2,0,2,0,1.03
2025-05-10,Athletics,New York Yankees,0,0,5.56,1,0,0,0.2,1,3,3,0,2,1,1.24
2025-05-12,Seattle Mariners,New York Yankees,0,0,5.11,1,0,0,1.0,0,0,0,0,0,2,1.14
2025-05-14,Seattle Mariners,New York Yankees,1,0,4.61,1,0,0,1.1,0,0,0,0,0,2,1.02
2025-05-20,New York Yankees,Texas Rangers,0,0,5.65,1,0,0,0.2,2,2,2,1,1,0,1.19
2025-05-21,New York Yankees,Texas Rangers,0,0,6.14,1,0,0,0.1,2,1,1,1,0,1,1.3
2025-05-24,Colorado Rockies,New York Yankees,0,0,5.51,1,0,0,1.2,2,0,0,0,0,3,1.29
2025-05-28,Los Angeles Angels,New York Yankees,0,0,5.0,1,0,0,1.2,1,0,0,0,0,2,1.22
2025-05-31,Los Angeles Dodgers,New York Yankees,0,0,4.5,1,0,0,2.0,0,0,0,0,1,1,1.15
2025-06-07,New York Yankees,Boston Red Sox,0,0,5.14,1,0,0,1.0,3,2,2,0,1,0,1.29
2025-06-08,New York Yankees,Boston Red Sox,0,0,5.06,1,0,0,0.1,0,0,0,0,1,0,1.31
2025-06-13,Boston Red Sox,New York Yankees,0,0,4.76,1,0,0,1.1,1,0,0,0,0,1,1.28
2025-06-17,New York Yankees,Los Angeles Angels,0,0,4.38,1,0,0,2.0,1,1,0,0,1,1,1.26
2025-06-20,New York Yankees,Baltimore Orioles,0,0,4.21,1,0,0,1.0,0,0,0,0,0,1,1.21
2025-06-23,Cincinnati Reds,New York Yankees,0,0,3.9,1,0,0,2.0,2,0,0,0,1,2,1.23
2025-06-28,New York Yankees,Athletics,0,0,3.77,1,0,0,1.0,1,0,0,0,1,0,1.26
2025-06-29,New York Yankees,Athletics,0,0,3.64,1,0,0,1.0,0,0,0,0,1,2,1.25
2025-07-02,Toronto Blue Jays,New York Yankees,0,0,3.45,1,0,0,1.2,1,0,0,0,1,1,1.24
2025-07-04,New York Mets,New York Yankees,0,0,3.66,1,0,0,0.2,2,1,1,1,0,0,1.28
2025-07-08,New York Yankees,Seattle Mariners,0,0,3.58,1,0,0,0.2,0,0,0,0,0,0,1.26
2025-07-10,New York Yankees,Seattle Mariners,0,0,3.48,1,0,0,1.0,0,0,0,0,0,2,1.22
2025-07-12,New York Yankees,Chicago Cubs,0,0,3.28,1,0,0,2.0,0,0,0,0,0,2,1.15
2025-07-13,New York Yankees,Chicago Cubs,0,0,3.47,1,0,0,0.2,1,1,1,1,0,2,1.16
2025-07-18,Atlanta Braves,New York Yankees,0,1,4.1,1,1,0,1.0,3,3,3,0,1,0,1.23
2025-07-20,Atlanta Braves,New York Yankees,0,0,3.99,1,0,0,1.0,0,0,0,0,0,1,1.2
2025-07-22,Toronto Blue Jays,New York Yankees,1,0,3.96,1,0,0,0.1,0,0,0,0,0,0,1.19
2025-07-25,New York Yankees,Philadelphia Phillies,0,0,4.31,1,0,0,1.0,1,2,2,1,1,1,1.21
2025-07-28,New York Yankees,Tampa Bay Rays,0,0,4.28,1,0,0,0.1,1,0,0,0,1,0,1.25
