Date,Home Tm,Away Tm,W,L,ERA,G,GS,SV,IP,H,R,ER,HR,BB,SO,WHIP
2025-04-12,Athletics,New York Mets,1,0,1.69,1,1,0,5.1,5,1,1,1,2,6,1.31
2025-04-18,Milwaukee Brewers,Athletics,0,1,3.6,1,1,0,4.2,4,3,3,0,2,7,1.3
2025-04-24,Athletics,Texas Rangers,0,0,4.61,1,1,0,3.2,6,3,3,3,2,2,1.54
2025-05-19,Athletics,Los Angeles Angels,0,1,5.6,1,1,0,4.0,6,4,4,2,0,7,1.53
2025-06-16,Athletics,Houston Astros,0,0,4.79,1,0,0,3.0,1,0,0,0,0,5,1.35
2025-06-19,Athletics,Houston Astros,0,0,5.24,1,0,0,1.2,2,2,2,0,1,0,1.39
2025-06-26,Detroit Tigers,Athletics,0,0,5.55,1,0,0,2.0,4,2,2,1,0,2,1.44
2025-06-30,Tampa Bay Rays,Athletics,0,0,4.82,1,0,0,3.2,0,0,0,0,0,5,1.25
2025-07-06,Athletics,San Francisco Giants,0,0,4.75,1,0,0,2.1,3,1,1,0,2,2,1.32
2025-07-10,Athletics,Atlanta Braves,0,0,4.78,1,0,0,1.2,1,1,1,1,0,2,1.28
2025-07-18,Cleveland Guardians,Athletics,0,0,4.91,1,0,0,1.0,2,1,1,0,0,3,1.3
2025-07-22,Texas Rangers,Athletics,0,0,4.5,1,1,0,5.0,5,1,1,1,1,2,1.29
2025-07-27,Houston Astros,Athletics,1,0,3.89,1,1,0,6.0,3,0,0,0,0,4,1.18
2025-08-02,Athletics,Arizona Diamondbacks,0,1,4.28,1,1,0,4.1,4,4,4,1,5,2,1.26
2025-08-08,Baltimore Orioles,Athletics,0,1,4.39,1,1,0,5.0,3,3,3,2,2,9,1.24
2025-08-13,Athletics,Tampa Bay Rays,0,1,5.04,1,1,0,2.0,6,6,5,1,1,3,1.32
2025-08-20,Minnesota Twins,Athletics,0,0,4.95,1,1,0,4.2,7,2,2,0,2,5,1.37
2025-08-25,Athletics,Detroit Tigers,0,0,4.96,1,1,0,5.1,7,3,3,1,1,8,1.38
2025-08-31,Athletics,Texas Rangers,0,1,5.17,1,1,0,6.0,5,5,5,2,2,7,1.36
2025-09-06,Los Angeles Angels,Athletics,1,0,4.95,1,1,0,5.0,5,1,1,0,0,5,1.34
2025-09-12,Athletics,Cincinnati Reds,0,0,4.69,1,1,0,4.1,2,0,0,0,4,6,1.34
2025-09-18,Boston Red Sox,Athletics,1,0,4.57,1,1,0,6.0,5,2,2,1,1,3,1.32
2025-09-25,Athletics,Houston Astros,0,1,5.08,1,1,0,3.2,6,7,7,0,3,4,1.36
