Date,Home Tm,Away Tm,W,L,ERA,G,GS,SV,IP,H,R,ER,HR,BB,SO,WHIP
2025-03-28,Texas Rangers,Boston Red Sox,1,0,1.8,1,1,0,5.0,5,1,1,0,1,4,1.2
2025-04-02,Cincinnati Reds,Texas Rangers,1,0,0.9,1,1,0,5.0,1,0,0,0,0,6,0.7
2025-04-27,San Francisco Giants,Texas Rangers,0,0,2.03,1,1,0,3.1,2,2,2,0,4,3,0.98
2025-05-02,Texas Rangers,Seattle Mariners,0,1,4.58,1,1,0,4.1,8,6,6,2,2,2,1.3
2025-05-08,Boston Red Sox,Texas Rangers,0,1,5.09,1,1,0,5.1,3,4,4,0,4,3,1.3
2025-05-13,Texas Rangers,Colorado Rockies,1,0,4.34,1,1,0,6.0,2,1,1,0,3,5,1.21
2025-05-18,Texas Rangers,Houston Astros,0,0,4.25,1,1,0,7.0,3,3,3,1,2,4,1.11
2025-05-24,Chicago White Sox,Texas Rangers,0,0,4.17,1,1,0,5.0,6,2,2,1,5,3,1.24
2025-05-30,Texas Rangers,St. Louis Cardinals,1,0,3.66,1,1,0,5.2,3,0,0,0,2,6,1.2
2025-06-05,Tampa Bay Rays,Texas Rangers,0,0,3.48,1,1,0,5.0,3,1,1,1,1,6,1.16
2025-06-11,Minnesota Twins,Texas Rangers,0,1,3.88,1,1,0,4.0,5,4,4,1,4,3,1.24
2025-06-17,Texas Rangers,Kansas City Royals,0,1,4.4,1,1,0,5.2,8,6,6,3,2,4,1.29
2025-06-22,Pittsburgh Pirates,Texas Rangers,0,1,4.55,1,1,0,4.0,5,3,3,0,2,2,1.32
2025-06-29,Texas Rangers,Seattle Mariners,0,0,4.29,1,1,0,6.0,7,1,1,0,0,7,1.3
2025-07-06,San Diego Padres,Texas Rangers,0,1,4.32,1,1,0,3.2,5,2,2,0,2,5,1.33
2025-07-11,Houston Astros,Texas Rangers,1,0,4.37,1,1,0,5.1,5,3,3,1,4,6,1.36
2025-07-21,Texas Rangers,Athletics,1,0,4.27,1,1,0,6.0,4,2,2,1,4,7,1.36
2025-07-27,Texas Rangers,Atlanta Braves,1,0,4.09,1,1,0,6.0,2,1,1,0,3,7,1.32
2025-08-01,Seattle Mariners,Texas Rangers,0,0,4.1,1,1,0,4.1,3,2,2,0,3,7,1.32
2025-08-06,Texas Rangers,New York Yankees,0,0,4.05,1,1,0,3.1,3,2,1,0,4,3,1.35
2025-08-12,Texas Rangers,Arizona Diamondbacks,0,0,3.94,1,1,0,5.0,4,1,1,1,2,3,1.34
2025-08-18,Kansas City Royals,Texas Rangers,0,1,4.06,1,1,0,3.2,6,3,3,2,3,5,1.38
2025-08-23,Texas Rangers,Cleveland Guardians,1,0,3.81,1,1,0,7.0,2,0,0,0,0,10,1.31
2025-08-29,Athletics,Texas Rangers,1,0,3.77,1,1,0,6.0,5,2,2,0,2,7,1.31
2025-09-03,Arizona Diamondbacks,Texas Rangers,0,1,3.74,1,1,0,6.0,3,2,2,0,3,8,1.29
2025-09-09,Texas Rangers,Milwaukee Brewers,0,0,3.81,1,1,0,4.2,7,3,3,0,2,4,1.31
2025-09-15,Houston Astros,Texas Rangers,0,1,3.82,1,1,0,6.2,5,6,3,1,1,4,1.29
2025-09-20,Texas Rangers,Miami Marlins,0,1,3.92,1,1,0,5.2,8,4,4,2,1,4,1.31
2025-09-26,Cleveland Guardians,Texas Rangers,1,0,3.86,1,1,0,7.0,4,2,2,1,1,10,1.28
