Date,Home Tm,Away Tm,W,L,ERA,G,GS,SV,IP,H,R,ER,HR,BB,SO,WHIP
2025-03-19,Chicago Cubs,Los Angeles Dodgers,0,0,9.0,1,0,0,1.0,2,1,1,0,0,1,2.0
2025-03-29,Los Angeles Dodgers,Detroit Tigers,0,0,3.86,1,0,0,1.1,0,0,0,0,0,1,0.86
2025-03-31,Los Angeles Dodgers,Atlanta Braves,0,0,2.7,1,0,0,1.0,0,0,0,0,1,1,0.9
2025-04-02,Los Angeles Dodgers,Atlanta Braves,1,0,1.69,1,0,0,2.0,0,0,0,0,0,1,0.56
2025-04-06,Philadelphia Phillies,Los Angeles Dodgers,0,0,1.17,1,0,0,2.1,0,0,0,0,2,4,0.65
2025-04-09,Washington Nationals,Los Angeles Dodgers,0,0,0.96,1,0,0,1.2,0,0,0,0,1,2,0.64
2025-04-13,Los Angeles Dodgers,Chicago Cubs,0,0,0.87,1,0,0,1.0,1,0,0,0,0,2,0.68
2025-04-15,Los Angeles Dodgers,Colorado Rockies,1,0,0.75,1,0,0,1.2,0,0,0,0,1,4,0.67
2025-04-19,Texas Rangers,Los Angeles Dodgers,0,0,0.69,1,0,0,1.0,0,0,0,0,0,0,0.62
2025-04-20,Texas Rangers,Los Angeles Dodgers,0,0,0.66,1,0,0,0.2,0,0,0,0,1,1,0.66
2025-04-23,Chicago Cubs,Los Angeles Dodgers,0,1,3.07,1,0,0,1.0,2,4,4,0,3,0,0.95
2025-04-26,Los Angeles Dodgers,Pittsburgh Pirates,0,0,3.52,1,0,0,0.2,2,1,1,0,1,1,1.11
2025-04-29,Los Angeles Dodgers,Miami Marlins,0,0,3.63,1,1,0,2.0,2,1,1,0,0,3,1.1
2025-05-04,Atlanta Braves,Los Angeles Dodgers,0,0,3.57,1,0,0,0.1,1,0,0,0,0,1,1.13
2025-05-05,Miami Marlins,Los Angeles Dodgers,0,0,3.32,1,1,0,1.1,0,0,0,0,0,0,1.05
2025-05-08,Arizona Diamondbacks,Los Angeles Dodgers,0,0,2.86,1,0,0,3.0,3,0,0,0,1,1,1.09
2025-05-11,Arizona Diamondbacks,Los Angeles Dodgers,0,0,2.78,1,0,0,0.2,1,0,0,0,0,2,1.1
2025-05-16,Los Angeles Dodgers,Los Angeles Angels,0,0,2.55,1,0,0,2.0,0,0,0,0,0,4,1.01
2025-05-19,Los Angeles Dodgers,Arizona Diamondbacks,0,1,3.38,1,1,0,2.0,3,3,3,0,1,1,1.09
2025-05-21,Los Angeles Dodgers,Arizona Diamondbacks,0,0,3.29,1,0,0,0.2,2,0,0,0,0,0,1.13
2025-05-25,New York Mets,Los Angeles Dodgers,0,0,3.18,1,0,0,1.0,1,0,0,0,0,1,1.13
2025-05-27,Cleveland Guardians,Los Angeles Dodgers,0,0,3.03,1,0,0,1.1,0,0,0,0,0,0,1.08
2025-05-30,Los Angeles Dodgers,New York Yankees,0,0,2.97,1,0,0,0.2,1,0,0,0,0,1,1.09
2025-06-02,Los Angeles Dodgers,New York Mets,0,0,2.78,1,0,0,2.0,0,0,0,0,0,1,1.02
2025-06-05,Los Angeles Dodgers,New York Mets,0,0,2.62,1,0,0,2.0,3,0,0,0,1,2,1.08
2025-06-08,St. Louis Cardinals,Los Angeles Dodgers,0,0,2.83,1,0,0,0.2,1,1,1,0,1,0,1.11
2025-06-11,San Diego Padres,Los Angeles Dodgers,0,0,2.78,1,0,0,0.2,1,1,0,0,1,0,1.15
2025-06-17,Los Angeles Dodgers,San Diego Padres,0,0,2.87,1,1,0,2.0,2,1,1,0,0,2,1.14
2025-06-20,Los Angeles Dodgers,Washington Nationals,0,0,2.79,1,0,0,1.0,0,0,0,0,0,1,1.11
2025-06-21,Los Angeles Dodgers,Washington Nationals,0,0,3.18,1,0,0,1.0,2,2,2,1,0,1,1.13
2025-06-24,Colorado Rockies,Los Angeles Dodgers,0,0,3.32,1,1,0,1.0,2,1,1,0,0,0,1.16
2025-06-29,Kansas City Royals,Los Angeles Dodgers,0,0,3.24,1,0,0,1.0,0,0,0,0,0,2,1.13
2025-07-01,Los Angeles Dodgers,Chicago White Sox,0,0,3.16,1,0,0,1.0,0,0,0,0,1,1,1.13
2025-07-04,Los Angeles Dodgers,Houston Astros,0,0,3.25,1,0,0,1.2,2,1,1,0,2,2,1.17
2025-07-07,Milwaukee Brewers,Los Angeles Dodgers,0,0,3.09,1,0,0,2.1,0,0,0,0,0,2,1.11
2025-07-11,San Francisco Giants,Los Angeles Dodgers,0,0,3.02,1,0,0,1.0,1,0,0,0,0,1,1.11
2025-07-13,San Francisco Giants,Los Angeles Dodgers,0,0,2.98,1,0,0,0.2,0,0,0,0,1,0,1.12
2025-07-19,Los Angeles Dodgers,Milwaukee Brewers,0,0,2.86,1,0,0,2.0,0,0,0,0,1,1,1.09
2025-07-22,Los Angeles Dodgers,Minnesota Twins,0,0,2.98,1,0,0,1.0,2,1,1,0,0,2,1.11
2025-07-27,Boston Red Sox,Los Angeles Dodgers,0,0,2.92,1,0,0,1.0,0,0,0,0,0,1,1.09
2025-07-28,Cincinnati Reds,Los Angeles Dodgers,0,0,2.91,1,0,1,0.1,0,0,0,0,0,0,1.08
2025-07-29,Cincinnati Reds,Los Angeles Dodgers,0,0,2.87,1,0,0,0.2,1,0,0,0,0,0,1.09
2025-08-02,Tampa Bay Rays,Los Angeles Dodgers,0,0,2.98,1,0,0,1.0,3,1,1,1,0,1,1.12
2025-08-04,Los Angeles Dodgers,St. Louis Cardinals,0,0,2.96,1,0,0,0.1,0,0,0,0,0,0,1.12
2025-08-05,Los Angeles Dodgers,St. Louis Cardinals,0,0,2.93,1,0,0,0.2,1,0,0,0,0,0,1.12
2025-08-09,Los Angeles Dodgers,Toronto Blue Jays,0,0,2.98,1,0,0,2.0,1,1,1,1,0,2,1.1
2025-08-11,Los Angeles Angels,Los Angeles Dodgers,0,0,2.93,1,0,0,1.0,0,0,0,0,0,0,1.08
2025-08-12,Los Angeles Angels,Los Angeles Dodgers,0,0,2.9,1,0,0,0.2,1,0,0,0,0,0,1.08
2025-08-15,Los Angeles Dodgers,San Diego Padres,0,0,2.88,1,0,1,0.1,0,0,0,0,0,0,1.08
2025-08-16,Los Angeles Dodgers,San Diego Padres,0,0,2.83,1,0,0,1.0,0,0,0,0,0,0,1.06
2025-08-19,Colorado Rockies,Los Angeles Dodgers,0,0,2.79,1,0,0,1.0,1,0,0,0,0,0,1.06
2025-08-20,Colorado Rockies,Los Angeles Dodgers,0,0,3.03,1,0,0,1.0,3,2,2,0,0,1,1.09
2025-08-24,San Diego Padres,Los Angeles Dodgers,0,0,3.0,1,0,0,0.2,1,0,0,0,0,1,1.1
2025-08-25,Los Angeles Dodgers,Cincinnati Reds,0,0,2.95,1,0,0,1.0,1,0,0,0,0,1,1.09
2025-08-27,Los Angeles Dodgers,Cincinnati Reds,0,0,2.91,1,0,0,1.0,0,0,0,0,1,2,1.09
2025-08-29,Los Angeles Dodgers,Arizona Diamondbacks,0,0,2.86,1,0,0,1.0,0,0,0,0,0,2,1.08
2025-09-04,Pittsburgh Pirates,Los Angeles Dodgers,0,0,2.82,1,0,0,1.0,0,0,0,0,0,1,1.06
2025-09-05,Baltimore Orioles,Los Angeles Dodgers,0,0,2.78,1,0,0,1.0,0,0,0,0,1,1,1.06
2025-09-07,Baltimore Orioles,Los Angeles Dodgers,0,0,2.74,1,0,1,1.0,1,0,0,0,0,2,1.06
2025-09-12,San Francisco Giants,Los Angeles Dodgers,0,0,2.69,1,0,0,1.1,1,0,0,0,0,3,1.05
2025-09-15,Los Angeles Dodgers,Philadelphia Phillies,0,0,2.9,1,0,0,1.0,2,2,2,1,0,1,1.07
2025-09-16,Los Angeles Dodgers,Philadelphia Phillies,0,0,2.86,1,0,0,1.0,0,0,0,0,0,1,1.05
2025-09-18,Los Angeles Dodgers,San Francisco Giants,1,0,2.84,1,0,0,0.2,0,0,0,0,0,1,1.04
2025-09-20,Los Angeles Dodgers,San Francisco Giants,0,0,2.8,1,0,1,1.0,0,0,0,0,0,1,1.03
2025-09-23,Arizona Diamondbacks,Los Angeles Dodgers,0,0,3.01,1,0,0,0.2,2,2,2,0,0,1,1.04
2025-09-24,Arizona Diamondbacks,Los Angeles Dodgers,0,0,2.99,1,0,0,0.2,0,0,0,0,2,0,1.06
2025-09-27,Seattle Mariners,Los Angeles Dodgers,0,0,2.95,1,0,0,1.0,0,0,0,0,0,1,1.05
