Date,Home Tm,Away Tm,W,L,ERA,G,GS,SV,IP,H,R,ER,HR,BB,SO,WHIP
2025-03-31,Seattle Mariners,Detroit Tigers,0,0,6.75,1,1,0,4.0,3,3,3,2,4,3,1.75
2025-04-06,Detroit Tigers,Chicago White Sox,0,0,5.0,1,1,0,5.0,4,3,2,0,3,4,1.56
2025-04-12,Minnesota Twins,Detroit Tigers,1,0,3.0,1,1,0,6.0,2,0,0,0,1,2,1.13
2025-04-18,Detroit Tigers,Kansas City Royals,1,0,2.7,1,1,0,5.0,5,1,1,0,2,5,1.2
2025-04-30,Houston Astros,Detroit Tigers,0,0,3.38,1,1,0,4.0,4,3,3,1,4,4,1.33
2025-05-07,Colorado Rockies,Detroit Tigers,0,0,4.88,1,1,0,3.2,8,6,6,2,1,2,1.48
2025-05-12,Detroit Tigers,Boston Red Sox,1,0,4.32,1,1,0,5.2,3,1,1,1,5,7,1.47
2025-05-18,Toronto Blue Jays,Detroit Tigers,1,0,4.12,1,1,0,6.0,6,2,2,0,2,5,1.45
2025-05-23,Detroit Tigers,Cleveland Guardians,0,1,4.06,1,1,0,5.0,4,2,2,0,2,3,1.42
2025-05-28,Detroit Tigers,San Francisco Giants,0,0,4.22,1,1,0,4.2,7,3,3,1,3,4,1.49
