Date,Home Tm,Away Tm,W,L,ERA,G,GS,SV,IP,H,R,ER,HR,BB,SO,WHIP
2025-03-30,Chicago White Sox,Los Angeles Angels,0,0,3.0,1,1,0,6.0,4,2,2,1,0,4,0.67
2025-04-05,Los Angeles Angels,Cleveland Guardians,1,0,3.27,1,1,0,5.0,4,3,2,2,3,4,1.0
2025-04-11,Houston Astros,Los Angeles Angels,0,1,5.74,1,1,0,4.2,7,6,6,0,3,1,1.34
2025-04-17,Texas Rangers,Los Angeles Angels,0,1,6.2,1,1,0,4.2,8,4,4,1,1,1,1.48
2025-04-23,Los Angeles Angels,Pittsburgh Pirates,0,1,5.47,1,1,0,6.0,8,2,2,1,1,3,1.48
2025-04-29,Seattle Mariners,Los Angeles Angels,0,1,5.29,1,1,0,6.0,4,3,3,1,4,6,1.45
2025-05-04,Los Angeles Angels,Detroit Tigers,0,1,5.79,1,1,0,5.0,7,5,5,1,2,1,1.5
2025-05-10,Los Angeles Angels,Baltimore Orioles,1,0,5.23,1,1,0,5.2,4,1,1,0,4,4,1.49
2025-05-16,Los Angeles Dodgers,Los Angeles Angels,1,0,4.71,1,1,0,6.2,5,1,1,0,4,5,1.47
2025-05-21,Athletics,Los Angeles Angels,0,0,5.03,1,1,0,4.0,7,4,4,2,5,6,1.58
2025-05-26,Los Angeles Angels,New York Yankees,0,1,5.07,1,1,0,6.2,5,4,4,0,2,5,1.52
2025-06-01,Cleveland Guardians,Los Angeles Angels,0,1,5.34,1,1,0,3.2,5,4,4,1,3,4,1.56
2025-06-07,Los Angeles Angels,Seattle Mariners,0,0,5.61,1,1,0,3.1,9,4,4,1,1,4,1.63
2025-06-13,Baltimore Orioles,Los Angeles Angels,0,1,5.53,1,1,0,4.1,4,2,2,2,0,2,1.59
2025-06-18,New York Yankees,Los Angeles Angels,0,0,5.38,1,1,0,5.1,2,2,2,2,3,8,1.55
2025-06-23,Los Angeles Angels,Boston Red Sox,0,0,5.49,1,1,0,5.0,6,4,4,0,2,1,1.55
2025-06-29,Los Angeles Angels,Washington Nationals,0,0,5.44,1,1,0,4.0,5,2,2,0,2,2,1.56
2025-07-05,Toronto Blue Jays,Los Angeles Angels,0,0,5.42,1,1,0,5.1,6,3,3,1,2,1,1.55
2025-07-10,Los Angeles Angels,Texas Rangers,0,1,6.03,1,1,0,2.2,8,8,8,0,3,3,1.63
2025-07-28,Los Angeles Angels,Texas Rangers,0,0,5.75,1,1,0,4.2,1,2,0,0,6,3,1.62
2025-08-03,Los Angeles Angels,Chicago White Sox,0,0,5.85,1,1,0,6.0,9,5,5,1,2,2,1.63
2025-08-10,Detroit Tigers,Los Angeles Angels,0,1,6.19,1,1,0,3.0,9,7,6,1,2,1,1.69
2025-08-27,Texas Rangers,Los Angeles Angels,0,1,6.81,1,1,0,3.1,9,11,10,3,3,1,1.75
