Date,Home Tm,Away Tm,W,L,ERA,G,GS,SV,IP,H,R,ER,HR,BB,SO,WHIP
2025-06-22,Athletics,Cleveland Guardians,0,0,0.0,1,0,0,3.0,1,0,0,0,0,2,0.33
2025-06-28,New York Yankees,Athletics,0,0,0.0,1,0,1,3.1,1,0,0,0,2,3,0.63
2025-07-04,Athletics,San Francisco Giants,0,0,1.93,1,0,1,3.0,3,2,2,1,0,5,0.75
2025-07-11,Athletics,Toronto Blue Jays,0,0,3.72,1,0,0,0.1,2,2,2,0,1,1,1.03
2025-07-19,Cleveland Guardians,Athletics,0,0,2.84,1,0,0,3.0,0,0,0,0,1,3,0.87
2025-07-23,Texas Rangers,Athletics,0,1,2.87,1,0,0,3.0,1,1,1,0,2,4,0.89
2025-07-27,Houston Astros,Athletics,0,0,2.55,1,0,0,2.0,2,0,0,0,1,1,0.96
2025-07-30,Athletics,Seattle Mariners,0,0,2.75,1,0,1,2.0,1,1,1,1,0,0,0.92
2025-08-03,Athletics,Arizona Diamondbacks,0,1,3.97,1,1,0,3.0,5,4,4,0,3,4,1.15
2025-08-09,Baltimore Orioles,Athletics,1,0,4.08,1,1,0,6.0,3,3,3,1,1,5,1.05
2025-08-15,Athletics,Los Angeles Angels,1,0,4.28,1,1,0,5.0,5,3,3,1,3,7,1.13
2025-08-21,Minnesota Twins,Athletics,1,0,4.19,1,1,0,5.0,3,2,2,0,4,2,1.16
