Date,Home Tm,Away Tm,W,L,ERA,G,GS,SV,IP,H,R,ER,HR,BB,SO,WHIP
2025-03-28,Los Angeles Dodgers,Detroit Tigers,0,0,3.18,1,1,0,5.2,3,2,2,1,2,5,0.88
2025-04-04,Detroit Tigers,Chicago White Sox,1,0,2.38,1,1,0,5.2,3,1,1,0,2,7,0.88
2025-04-09,Detroit Tigers,New York Yankees,0,0,1.62,1,1,0,5.1,3,0,0,0,3,9,0.96
2025-04-15,Milwaukee Brewers,Detroit Tigers,0,1,2.53,1,1,0,4.2,5,3,3,1,2,4,1.08
2025-04-22,Detroit Tigers,San Diego Padres,0,1,2.63,1,1,0,6.0,5,2,2,1,0,9,1.02
2025-04-28,Houston Astros,Detroit Tigers,0,1,3.34,1,1,0,5.0,6,4,4,2,2,4,1.11
2025-05-03,Los Angeles Angels,Detroit Tigers,0,1,3.79,1,1,0,5.2,8,5,4,0,1,8,1.18
2025-05-10,Detroit Tigers,Texas Rangers,0,1,4.61,1,1,0,3.0,4,5,5,4,2,4,1.24
2025-05-16,Toronto Blue Jays,Detroit Tigers,1,0,4.44,1,1,0,5.2,5,2,2,1,1,6,1.22
2025-05-22,Detroit Tigers,Cleveland Guardians,0,1,4.39,1,1,0,6.2,3,3,3,1,3,8,1.18
2025-05-27,Detroit Tigers,San Francisco Giants,1,0,3.94,1,1,0,6.0,2,0,0,0,1,8,1.11
2025-06-02,Chicago White Sox,Detroit Tigers,1,0,3.72,1,1,0,6.0,4,1,1,0,1,4,1.09
2025-06-08,Detroit Tigers,Chicago Cubs,1,0,3.41,1,1,0,6.0,2,0,0,0,3,9,1.07
2025-06-14,Detroit Tigers,Cincinnati Reds,0,1,4.03,1,1,0,4.2,5,7,7,3,5,5,1.13
2025-06-20,Tampa Bay Rays,Detroit Tigers,0,1,4.83,1,1,0,2.1,6,8,8,1,3,3,1.21
2025-06-25,Detroit Tigers,Athletics,0,1,4.8,1,1,0,6.0,5,3,3,1,4,7,1.23
2025-07-02,Washington Nationals,Detroit Tigers,0,0,4.84,1,1,0,5.0,5,3,3,0,2,9,1.24
2025-07-08,Detroit Tigers,Tampa Bay Rays,0,0,4.7,1,1,0,6.1,7,2,2,1,1,8,1.24
2025-07-13,Detroit Tigers,Seattle Mariners,0,0,4.65,1,1,0,5.0,4,2,2,2,2,7,1.24
2025-07-21,Pittsburgh Pirates,Detroit Tigers,0,1,4.77,1,1,0,3.0,6,3,3,0,3,6,1.29
2025-07-27,Detroit Tigers,Toronto Blue Jays,1,0,4.51,1,1,0,6.0,5,0,0,0,1,7,1.28
2025-08-01,Philadelphia Phillies,Detroit Tigers,0,0,4.36,1,1,0,6.0,2,1,1,0,3,7,1.25
2025-08-06,Detroit Tigers,Minnesota Twins,0,1,4.56,1,1,0,4.2,8,6,5,1,1,3,1.28
2025-08-12,Chicago White Sox,Detroit Tigers,0,1,4.76,1,1,0,4.1,8,5,5,0,1,6,1.31
2025-08-18,Detroit Tigers,Houston Astros,1,0,4.51,1,1,0,7.0,3,0,0,0,1,9,1.27
2025-08-24,Detroit Tigers,Kansas City Royals,0,1,4.87,1,1,0,5.0,10,8,8,1,0,3,1.3
2025-08-30,Kansas City Royals,Detroit Tigers,0,0,4.74,1,1,0,5.2,4,1,1,1,2,4,1.29
2025-09-05,Detroit Tigers,Chicago White Sox,0,0,4.85,1,1,0,4.1,6,4,4,0,2,2,1.3
2025-09-10,New York Yankees,Detroit Tigers,1,0,4.69,1,1,0,5.0,2,0,0,0,1,7,1.28
2025-09-17,Detroit Tigers,Cleveland Guardians,0,1,4.6,1,1,0,5.0,3,1,1,0,4,4,1.28
2025-09-24,Cleveland Guardians,Detroit Tigers,0,1,4.64,1,1,0,4.1,5,3,3,1,0,6,1.28
