Date,Home Tm,Away Tm,W,L,ERA,G,GS,SV,IP,H,R,ER,HR,BB,SO,WHIP
2025-04-23,Athletics,Texas Rangers,0,0,0.0,1,0,0,4.1,2,0,0,0,3,2,1.15
2025-04-26,San Francisco Giants,Texas Rangers,0,0,0.0,1,0,0,0.0,1,0,0,0,0,0,1.38
2025-04-27,San Francisco Giants,Texas Rangers,0,0,0.0,1,0,0,1.1,1,0,0,0,0,0,1.24
2025-05-01,Texas Rangers,Athletics,0,0,0.0,1,0,0,1.0,0,0,0,0,1,2,1.2
2025-05-02,Texas Rangers,Seattle Mariners,0,0,4.32,1,0,0,1.2,4,4,4,1,1,0,1.56
2025-05-08,Boston Red Sox,Texas Rangers,0,0,4.09,1,0,0,2.2,3,1,1,1,0,4,1.45
2025-05-11,Detroit Tigers,Texas Rangers,0,0,4.76,1,0,0,0.1,2,1,1,0,1,1,1.68
2025-05-23,Chicago White Sox,Texas Rangers,0,0,4.38,1,0,0,1.0,0,0,0,0,0,2,1.54
2025-05-25,Chicago White Sox,Texas Rangers,0,0,4.15,1,0,0,0.2,1,0,0,0,0,1,1.54
2025-05-27,Texas Rangers,Toronto Blue Jays,0,0,3.38,1,0,0,3.0,2,0,0,0,2,4,1.5
2025-06-03,Tampa Bay Rays,Texas Rangers,0,0,3.12,1,0,0,1.1,2,0,0,0,0,3,1.5
2025-06-05,Tampa Bay Rays,Texas Rangers,0,0,2.95,1,0,0,1.0,0,0,0,0,0,1,1.42
2025-06-08,Washington Nationals,Texas Rangers,0,0,3.32,1,1,0,3.1,2,2,2,1,2,7,1.38
2025-06-11,Minnesota Twins,Texas Rangers,0,0,3.97,1,0,0,1.0,3,2,2,0,0,0,1.46
2025-06-14,Texas Rangers,Chicago White Sox,1,0,3.65,1,0,0,2.0,0,0,0,0,2,3,1.42
2025-06-19,Texas Rangers,Kansas City Royals,0,0,3.26,1,0,0,5.2,3,1,1,1,1,0,1.29
2025-06-24,Baltimore Orioles,Texas Rangers,0,0,3.22,1,1,0,6.0,1,2,2,0,3,4,1.18
2025-06-29,Texas Rangers,Seattle Mariners,0,0,3.03,1,0,0,2.1,1,0,0,0,1,4,1.16
2025-07-01,Texas Rangers,Baltimore Orioles,0,0,2.81,1,0,1,3.0,2,0,0,0,0,3,1.13
2025-07-06,San Diego Padres,Texas Rangers,0,0,3.02,1,0,0,3.0,5,2,2,0,3,1,1.23
2025-07-10,Los Angeles Angels,Texas Rangers,0,0,3.0,1,0,0,3.1,2,1,1,0,1,6,1.21
2025-07-20,Texas Rangers,Detroit Tigers,0,0,2.89,1,1,0,5.0,6,1,1,0,2,3,1.25
2025-07-25,Texas Rangers,Atlanta Braves,0,0,3.04,1,0,0,0.1,1,1,1,1,1,0,1.28
2025-07-26,Texas Rangers,Atlanta Braves,0,0,2.98,1,0,0,1.0,1,0,0,0,2,0,1.31
2025-07-31,Seattle Mariners,Texas Rangers,0,0,3.23,1,0,0,1.1,2,3,2,0,1,1,1.33
2025-08-20,Kansas City Royals,Texas Rangers,0,0,3.05,1,0,0,3.1,1,0,0,0,1,4,1.29
2025-08-27,Texas Rangers,Los Angeles Angels,0,0,3.13,1,1,0,4.1,4,2,2,1,1,5,1.28
2025-09-02,Arizona Diamondbacks,Texas Rangers,0,0,3.15,1,1,0,5.1,5,2,2,0,2,1,1.28
2025-09-08,Texas Rangers,Milwaukee Brewers,1,0,2.91,1,1,0,5.2,3,0,0,0,1,4,1.24
2025-09-14,New York Mets,Texas Rangers,0,0,2.85,1,1,0,4.2,2,1,1,0,4,4,1.24
2025-09-19,Texas Rangers,Miami Marlins,0,0,2.82,1,0,0,0.2,1,0,0,0,1,0,1.26
2025-09-21,Texas Rangers,Miami Marlins,0,0,2.8,1,0,0,0.2,1,0,0,0,0,0,1.26
2025-09-27,Cleveland Guardians,Texas Rangers,0,0,2.84,1,1,0,5.1,5,2,2,1,0,6,1.24
