Date,Home Tm,Away Tm,W,L,ERA,G,GS,SV,IP,H,R,ER,HR,BB,SO,WHIP
2025-04-18,Milwaukee Brewers,Athletics,0,0,0.0,1,0,0,1.1,3,2,0,0,0,1,2.25
2025-04-20,Milwaukee Brewers,Athletics,0,0,0.0,1,0,0,1.1,1,0,0,0,0,0,1.5
2025-04-22,Athletics,Texas Rangers,0,0,0.0,1,0,0,1.2,1,0,0,0,3,4,1.85
2025-04-29,Texas Rangers,Athletics,0,1,3.86,1,1,0,2.2,6,3,3,0,4,4,2.57
2025-05-23,Athletics,Philadelphia Phillies,0,1,2.57,1,1,0,7.0,3,1,1,1,1,8,1.57
2025-05-29,Toronto Blue Jays,Athletics,0,1,6.32,1,1,0,1.2,6,7,7,2,1,0,1.85
2025-06-03,Athletics,Minnesota Twins,0,1,7.2,1,0,0,4.1,5,5,5,3,1,9,1.75
2025-06-08,Athletics,Baltimore Orioles,0,0,6.0,1,1,0,4.0,4,1,0,0,2,5,1.71
2025-06-14,Kansas City Royals,Athletics,1,0,4.8,1,1,0,6.0,3,0,0,0,1,9,1.5
2025-06-19,Athletics,Houston Astros,0,0,4.25,1,1,0,6.0,4,1,1,0,3,9,1.44
2025-06-25,Detroit Tigers,Athletics,1,0,3.56,1,1,0,7.0,3,0,0,0,1,6,1.3
2025-06-30,Tampa Bay Rays,Athletics,0,0,3.88,1,1,0,3.1,5,4,3,1,1,1,1.34
2025-07-06,Athletics,San Francisco Giants,0,1,4.26,1,1,0,4.1,5,4,4,1,1,8,1.34
2025-07-12,Athletics,Toronto Blue Jays,1,0,4.2,1,1,0,5.0,4,2,2,1,2,5,1.33
2025-07-21,Texas Rangers,Athletics,0,1,4.6,1,1,0,5.0,4,5,5,2,3,6,1.34
2025-07-26,Houston Astros,Athletics,0,0,4.29,1,1,0,4.1,2,0,0,0,4,4,1.34
2025-08-01,Athletics,Arizona Diamondbacks,1,0,3.99,1,1,0,5.0,5,0,0,0,2,5,1.34
2025-08-07,Washington Nationals,Athletics,1,0,3.59,1,1,0,7.2,3,0,0,0,0,10,1.25
2025-08-12,Athletics,Tampa Bay Rays,1,0,3.3,1,1,0,7.0,4,0,0,0,0,9,1.19
2025-08-19,Minnesota Twins,Athletics,1,0,3.28,1,1,0,6.0,4,3,2,2,1,8,1.17
2025-08-24,Seattle Mariners,Athletics,0,1,4.08,1,1,0,2.0,6,9,9,2,6,2,1.27
