Date,Home Tm,Away Tm,W,L,ERA,G,GS,SV,IP,H,R,ER,HR,BB,SO,WHIP
2025-03-30,Texas Rangers,Boston Red Sox,0,0,0.0,1,1,0,5.0,2,0,0,0,2,6,0.8
2025-04-05,Texas Rangers,Tampa Bay Rays,0,0,3.38,1,1,0,5.2,8,4,4,2,0,3,1.13
2025-04-11,Seattle Mariners,Texas Rangers,0,0,4.3,1,1,0,4.0,3,3,3,2,4,4,1.3
2025-04-18,Texas Rangers,Los Angeles Dodgers,0,1,3.32,1,1,0,7.0,3,1,1,1,1,7,1.06
2025-04-24,Athletics,Texas Rangers,0,0,3.33,1,1,0,5.1,6,2,2,0,0,6,1.07
2025-04-29,Texas Rangers,Athletics,1,0,2.73,1,1,0,6.0,4,0,0,0,0,7,1.0
2025-05-04,Texas Rangers,Seattle Mariners,1,0,2.61,1,1,0,5.0,3,1,1,0,2,3,1.0
2025-05-10,Detroit Tigers,Texas Rangers,1,0,2.72,1,1,0,5.0,5,2,2,2,1,10,1.02
2025-05-15,Texas Rangers,Houston Astros,1,0,2.29,1,1,0,8.0,5,0,0,0,1,7,0.98
2025-05-21,New York Yankees,Texas Rangers,0,0,2.33,1,1,0,7.0,3,2,2,1,1,9,0.93
2025-05-26,Texas Rangers,Toronto Blue Jays,0,1,2.42,1,1,0,5.1,5,2,2,1,2,0,0.96
2025-06-01,Texas Rangers,St. Louis Cardinals,1,0,2.34,1,1,0,6.0,4,1,1,0,3,4,0.98
2025-06-07,Washington Nationals,Texas Rangers,1,0,2.12,1,1,0,7.0,2,0,0,0,0,8,0.92
2025-06-14,Texas Rangers,Chicago White Sox,0,0,2.19,1,1,0,6.0,5,2,2,0,0,6,0.91
2025-06-20,Pittsburgh Pirates,Texas Rangers,1,0,2.24,1,1,0,6.0,5,2,2,0,1,7,0.92
2025-06-25,Baltimore Orioles,Texas Rangers,1,0,2.08,1,1,0,7.0,1,0,0,0,2,7,0.88
2025-07-01,Texas Rangers,Baltimore Orioles,1,0,2.13,1,1,0,6.0,5,2,2,1,1,6,0.89
2025-07-07,Los Angeles Angels,Texas Rangers,0,0,2.29,1,1,0,5.0,5,3,3,1,2,5,0.91
2025-07-12,Houston Astros,Texas Rangers,0,0,2.32,1,1,0,6.0,4,2,2,2,1,8,0.91
2025-07-22,Texas Rangers,Athletics,1,0,2.28,1,1,0,6.0,3,1,1,1,1,9,0.9
2025-07-28,Los Angeles Angels,Texas Rangers,0,1,2.55,1,1,0,5.1,7,5,5,2,1,8,0.92
2025-08-03,Seattle Mariners,Texas Rangers,0,1,2.8,1,1,0,5.0,4,5,5,3,3,5,0.94
2025-08-09,Texas Rangers,Philadelphia Phillies,0,1,2.86,1,1,0,6.2,6,3,3,0,1,8,0.95
2025-08-15,Toronto Blue Jays,Texas Rangers,0,0,2.76,1,1,0,5.0,2,0,0,0,0,5,0.93
2025-08-25,Texas Rangers,Los Angeles Angels,0,1,2.79,1,1,0,5.0,3,2,2,1,2,7,0.93
2025-08-31,Athletics,Texas Rangers,1,0,2.69,1,1,0,5.0,2,0,0,0,1,6,0.92
2025-09-06,Texas Rangers,Houston Astros,0,1,2.78,1,1,0,5.1,5,3,3,2,2,8,0.93
2025-09-12,New York Mets,Texas Rangers,1,0,2.82,1,1,0,7.0,4,3,3,1,0,2,0.92
2025-09-17,Houston Astros,Texas Rangers,0,1,3.01,1,1,0,5.0,6,5,5,2,1,6,0.93
2025-09-24,Texas Rangers,Minnesota Twins,0,0,2.97,1,1,0,5.0,2,1,1,1,1,8,0.92
