Date,Home Tm,Away Tm,W,L,ERA,G,GS,SV,IP,H,R,ER,HR,BB,SO,WHIP
2025-06-12,Milwaukee Brewers,St. Louis Cardinals,1,0,0.0,1,1,0,5.0,0,0,0,0,4,5,0.8
2025-06-20,Minnesota Twins,Milwaukee Brewers,1,0,1.64,1,1,0,6.0,1,2,2,1,1,6,0.55
2025-06-25,Milwaukee Brewers,Pittsburgh Pirates,1,0,1.13,1,1,0,5.0,2,0,0,0,2,8,0.63
2025-07-02,New York Mets,Milwaukee Brewers,0,1,3.2,1,1,0,3.2,5,5,5,2,3,2,0.92
2025-07-08,Milwaukee Brewers,Los Angeles Dodgers,1,0,2.81,1,1,0,6.0,4,1,1,1,1,12,0.9
2025-07-22,Seattle Mariners,Milwaukee Brewers,0,0,2.45,1,1,0,3.2,3,0,0,0,1,7,0.92
2025-07-28,Milwaukee Brewers,Chicago Cubs,0,0,2.7,1,1,0,4.0,3,3,2,0,2,7,0.96
2025-08-15,Cincinnati Reds,Milwaukee Brewers,0,0,3.89,1,1,0,1.1,4,5,5,0,3,3,1.13
2025-08-20,Chicago Cubs,Milwaukee Brewers,0,1,4.19,1,1,0,4.0,1,3,3,0,3,5,1.11
2025-08-26,Milwaukee Brewers,Arizona Diamondbacks,0,0,4.33,1,1,0,5.0,4,3,3,1,1,10,1.1
2025-09-01,Milwaukee Brewers,Philadelphia Phillies,0,0,4.5,1,1,0,4.1,6,3,3,1,1,4,1.15
2025-09-07,Pittsburgh Pirates,Milwaukee Brewers,1,0,4.09,1,1,0,7.0,3,1,1,0,2,8,1.09
2025-09-13,Milwaukee Brewers,St. Louis Cardinals,0,0,4.35,1,1,0,5.0,7,4,4,2,1,4,1.13
2025-09-19,St. Louis Cardinals,Milwaukee Brewers,0,1,4.38,1,1,0,3.2,5,2,2,0,3,3,1.19
2025-09-27,Milwaukee Brewers,Cincinnati Reds,0,0,4.36,1,0,0,2.1,3,2,1,0,3,3,1.24
