Date,Home Tm,Away Tm,W,L,ERA,G,GS,SV,IP,H,R,ER,HR,BB,SO,WHIP
2025-03-29,Washington Nationals,Philadelphia Phillies,0,0,3.6,1,1,0,5.0,7,2,2,1,2,2,1.8
2025-04-04,Washington Nationals,Arizona Diamondbacks,0,0,5.4,1,1,0,5.0,7,4,4,2,1,3,1.7
2025-04-09,Washington Nationals,Los Angeles Dodgers,0,0,5.63,1,1,0,6.0,4,4,4,1,3,7,1.5
2025-04-15,Pittsburgh Pirates,Washington Nationals,1,0,3.91,1,1,0,7.0,3,0,0,0,1,6,1.22
2025-04-20,Colorado Rockies,Washington Nationals,1,0,3.68,1,1,0,6.1,3,2,2,2,0,9,1.06
2025-04-25,Washington Nationals,New York Mets,0,0,3.19,1,1,0,7.1,5,1,1,0,1,4,1.01
2025-04-30,Philadelphia Phillies,Washington Nationals,0,1,4.01,1,1,0,6.0,8,6,6,2,3,2,1.13
2025-05-06,Washington Nationals,Cleveland Guardians,0,0,3.94,1,1,0,5.1,4,2,2,1,3,0,1.15
2025-05-12,Atlanta Braves,Washington Nationals,0,0,4.0,1,1,0,6.0,7,3,3,1,2,1,1.19
2025-05-17,Baltimore Orioles,Washington Nationals,1,0,3.88,1,1,0,6.1,5,2,2,0,1,6,1.16
2025-05-24,Washington Nationals,San Francisco Giants,1,0,3.42,1,1,0,8.0,3,0,0,0,2,7,1.1
2025-05-30,Arizona Diamondbacks,Washington Nationals,1,0,3.93,1,1,0,5.0,10,6,6,0,1,0,1.17
2025-06-05,Washington Nationals,Chicago Cubs,0,1,4.02,1,1,0,5.0,8,3,3,1,2,3,1.23
2025-06-11,New York Mets,Washington Nationals,0,1,4.21,1,1,0,5.0,5,4,4,2,3,4,1.25
2025-06-16,Washington Nationals,Colorado Rockies,0,0,4.23,1,1,0,6.0,5,3,3,1,1,5,1.23
2025-06-21,Los Angeles Dodgers,Washington Nationals,1,0,4.18,1,1,0,5.1,6,2,2,2,0,7,1.23
2025-06-27,Los Angeles Angels,Washington Nationals,0,0,4.73,1,1,0,4.1,9,9,8,3,4,5,1.3
2025-07-03,Washington Nationals,Detroit Tigers,1,0,4.71,1,1,0,6.0,3,3,3,1,3,4,1.29
2025-07-08,St. Louis Cardinals,Washington Nationals,0,1,4.78,1,1,0,6.0,6,4,4,2,4,3,1.31
2025-07-13,Milwaukee Brewers,Washington Nationals,0,1,4.58,1,1,0,5.0,4,3,0,0,1,5,1.29
2025-07-21,Washington Nationals,Cincinnati Reds,0,0,4.81,1,1,0,3.2,6,5,5,0,3,1,1.33
2025-07-27,Minnesota Twins,Washington Nationals,1,0,4.69,1,1,0,7.0,5,2,2,1,0,2,1.29
2025-08-02,Washington Nationals,Milwaukee Brewers,0,1,4.89,1,1,0,4.0,8,5,5,1,2,2,1.33
2025-08-08,San Francisco Giants,Washington Nationals,0,1,4.9,1,1,0,5.1,8,4,3,2,0,3,1.34
2025-08-13,Kansas City Royals,Washington Nationals,0,0,5.14,1,1,0,4.0,7,6,6,1,4,3,1.38
2025-08-19,Washington Nationals,New York Mets,0,1,5.3,1,1,0,6.0,8,6,6,2,3,3,1.4
2025-08-24,Philadelphia Phillies,Washington Nationals,0,1,5.4,1,1,0,2.1,6,3,3,0,2,2,1.43
2025-08-30,Washington Nationals,Tampa Bay Rays,0,1,5.42,1,1,0,6.0,5,4,4,2,1,3,1.41
2025-09-05,Chicago Cubs,Washington Nationals,0,1,5.71,1,1,0,3.1,5,7,7,2,4,2,1.44
2025-09-10,Miami Marlins,Washington Nationals,0,1,5.7,1,1,0,5.0,5,4,3,0,0,4,1.43
2025-09-16,Washington Nationals,Atlanta Braves,0,1,5.76,1,1,0,6.0,8,5,5,2,2,5,1.43
2025-09-21,New York Mets,Washington Nationals,1,0,5.69,1,1,0,5.1,6,2,2,1,2,5,1.44
2025-09-27,Washington Nationals,Chicago White Sox,0,0,5.7,1,1,0,6.0,6,4,4,2,1,6,1.43
