Date,Home Tm,Away Tm,W,L,ERA,G,GS,SV,IP,H,R,ER,HR,BB,SO,WHIP
2025-03-27,Arizona Diamondbacks,Chicago Cubs,0,0,0.0,1,0,0,1.2,0,0,0,0,0,1,0.0
2025-03-29,Arizona Diamondbacks,Chicago Cubs,0,0,3.38,1,0,0,1.0,1,1,1,1,0,1,0.38
2025-04-01,New York Yankees,Arizona Diamondbacks,0,0,2.08,1,0,0,1.2,0,0,0,0,0,1,0.23
2025-04-03,New York Yankees,Arizona Diamondbacks,0,0,1.69,1,0,0,1.0,2,0,0,0,1,1,0.75
2025-04-06,Washington Nationals,Arizona Diamondbacks,0,0,1.23,1,0,0,2.0,0,0,0,0,1,4,0.68
2025-04-09,Arizona Diamondbacks,Baltimore Orioles,0,0,0.96,1,0,0,2.0,0,0,0,0,0,0,0.54
2025-04-13,Arizona Diamondbacks,Milwaukee Brewers,1,0,0.87,1,0,0,1.0,1,0,0,0,0,1,0.58
2025-04-16,Miami Marlins,Arizona Diamondbacks,0,0,0.84,1,0,0,0.1,0,0,0,0,0,1,0.56
2025-04-17,Miami Marlins,Arizona Diamondbacks,0,0,0.77,1,0,0,1.0,0,0,0,0,1,3,0.6
2025-04-20,Chicago Cubs,Arizona Diamondbacks,0,0,0.69,1,0,0,1.1,1,0,0,0,0,1,0.62
2025-04-22,Arizona Diamondbacks,Tampa Bay Rays,0,0,0.64,1,0,0,1.0,2,0,0,0,0,0,0.71
2025-04-24,Arizona Diamondbacks,Tampa Bay Rays,0,0,0.6,1,0,0,1.0,1,0,0,0,0,1,0.73
2025-04-26,Arizona Diamondbacks,Atlanta Braves,0,0,2.25,1,0,0,1.0,2,3,3,0,2,1,0.94
2025-04-30,New York Mets,Arizona Diamondbacks,0,0,2.16,1,0,0,0.2,1,0,0,0,0,0,0.96
2025-05-02,Philadelphia Phillies,Arizona Diamondbacks,0,0,2.04,1,0,0,1.0,0,0,0,0,1,1,0.96
2025-05-04,Philadelphia Phillies,Arizona Diamondbacks,0,0,1.93,1,0,1,1.0,2,1,0,0,0,0,1.02
2025-05-07,Arizona Diamondbacks,New York Mets,0,0,2.25,1,0,0,1.1,1,1,1,1,0,1,1.0
2025-05-08,Arizona Diamondbacks,Los Angeles Dodgers,0,0,2.18,1,0,0,0.2,0,0,0,0,0,2,0.97
2025-05-09,Arizona Diamondbacks,Los Angeles Dodgers,0,0,2.11,1,0,0,0.2,0,0,0,0,0,1,0.94
2025-05-12,San Francisco Giants,Arizona Diamondbacks,0,0,2.01,1,0,0,1.0,0,0,0,0,1,1,0.94
2025-05-17,Arizona Diamondbacks,Colorado Rockies,0,0,3.52,1,0,0,0.2,2,4,4,0,3,0,1.13
2025-05-20,Los Angeles Dodgers,Arizona Diamondbacks,0,0,3.38,1,0,0,1.0,1,0,0,0,0,0,1.13
2025-05-21,Los Angeles Dodgers,Arizona Diamondbacks,0,0,3.24,1,0,0,1.0,1,0,0,0,0,1,1.12
2025-05-24,St. Louis Cardinals,Arizona Diamondbacks,0,0,3.12,1,0,0,1.0,0,0,0,0,0,0,1.08
2025-05-25,St. Louis Cardinals,Arizona Diamondbacks,0,0,3.04,1,0,0,0.2,1,0,0,0,0,1,1.09
2025-05-27,Arizona Diamondbacks,Pittsburgh Pirates,0,0,3.29,1,0,0,0.2,1,2,1,1,0,1,1.1
2025-05-30,Arizona Diamondbacks,Washington Nationals,0,0,3.49,1,0,0,1.0,2,1,1,0,0,0,1.13
2025-06-01,Arizona Diamondbacks,Washington Nationals,0,0,3.45,1,0,0,0.1,1,0,0,0,1,1,1.19
2025-06-06,Cincinnati Reds,Arizona Diamondbacks,0,0,3.26,1,0,0,1.2,0,0,0,0,0,3,1.12
2025-06-08,Cincinnati Reds,Arizona Diamondbacks,0,0,3.23,1,0,0,0.1,0,0,0,0,0,0,1.11
2025-06-09,Arizona Diamondbacks,Seattle Mariners,1,0,3.13,1,0,0,1.0,0,0,0,0,0,1,1.07
2025-06-11,Arizona Diamondbacks,Seattle Mariners,0,0,3.03,1,0,0,1.0,1,0,0,0,0,0,1.07
2025-06-14,Arizona Diamondbacks,San Diego Padres,0,0,2.94,1,0,0,1.0,1,0,0,0,0,1,1.07
2025-06-17,Toronto Blue Jays,Arizona Diamondbacks,0,0,3.15,1,0,0,0.2,1,1,1,0,0,0,1.08
2025-06-20,Colorado Rockies,Arizona Diamondbacks,0,0,3.06,1,0,0,1.0,0,0,0,0,0,2,1.05
2025-06-21,Colorado Rockies,Arizona Diamondbacks,0,0,2.97,1,0,0,1.0,0,0,0,0,0,0,1.02
2025-06-24,Chicago White Sox,Arizona Diamondbacks,0,0,2.92,1,0,0,0.2,0,0,0,0,0,0,1.0
2025-06-28,Arizona Diamondbacks,Miami Marlins,0,0,3.62,1,0,0,0.1,3,3,3,1,0,1,1.07
2025-06-29,Arizona Diamondbacks,Miami Marlins,0,1,4.74,1,0,0,0.2,2,5,5,0,4,2,1.21
2025-07-03,Arizona Diamondbacks,San Francisco Giants,0,0,4.62,1,0,0,1.0,0,0,0,0,0,1,1.18
2025-07-04,Arizona Diamondbacks,Kansas City Royals,0,0,4.5,1,0,0,1.0,0,0,0,0,0,2,1.15
2025-07-06,Arizona Diamondbacks,Kansas City Royals,0,0,4.39,1,0,0,1.0,1,0,0,0,0,0,1.15
2025-08-01,Athletics,Arizona Diamondbacks,0,0,4.35,1,0,0,0.1,0,0,0,0,0,0,1.14
2025-08-06,Arizona Diamondbacks,San Diego Padres,0,0,4.19,1,0,0,1.2,0,0,0,0,2,0,1.14
2025-08-10,Arizona Diamondbacks,Colorado Rockies,0,0,4.09,1,0,0,1.0,2,0,0,0,0,0,1.16
2025-08-12,Texas Rangers,Arizona Diamondbacks,1,0,3.94,1,0,0,1.2,0,0,0,0,1,1,1.14
2025-08-14,Colorado Rockies,Arizona Diamondbacks,0,0,4.05,1,0,0,1.0,2,1,1,1,0,1,1.16
2025-08-17,Colorado Rockies,Arizona Diamondbacks,0,0,4.15,1,0,0,1.0,2,1,1,0,0,0,1.17
2025-08-22,Arizona Diamondbacks,Cincinnati Reds,1,0,4.07,1,0,0,1.0,0,0,0,0,0,0,1.15
2025-08-23,Arizona Diamondbacks,Cincinnati Reds,0,0,3.99,1,1,0,1.0,0,0,0,0,0,1,1.13
2025-08-28,Milwaukee Brewers,Arizona Diamondbacks,0,0,3.96,1,0,0,0.1,0,0,0,0,0,0,1.12
2025-08-29,Los Angeles Dodgers,Arizona Diamondbacks,0,0,3.88,1,0,0,1.0,1,0,0,0,0,1,1.12
2025-09-01,Arizona Diamondbacks,Texas Rangers,0,0,3.86,1,0,0,0.1,0,0,0,0,0,0,1.11
2025-09-02,Arizona Diamondbacks,Texas Rangers,1,0,3.81,1,0,0,0.2,0,0,0,0,2,0,1.13
2025-09-06,Arizona Diamondbacks,Boston Red Sox,0,0,3.74,1,0,0,1.0,1,0,0,0,0,0,1.13
2025-09-12,Minnesota Twins,Arizona Diamondbacks,0,0,3.67,1,0,0,1.0,0,0,0,0,0,0,1.11
2025-09-14,Minnesota Twins,Arizona Diamondbacks,0,0,3.64,1,0,0,0.1,0,0,0,0,0,0,1.1
2025-09-15,Arizona Diamondbacks,San Francisco Giants,0,0,3.58,1,0,0,1.0,0,0,0,0,0,1,1.08
2025-09-19,Arizona Diamondbacks,Philadelphia Phillies,0,1,3.7,1,0,0,0.2,1,1,1,0,0,1,1.09
2025-09-23,Arizona Diamondbacks,Los Angeles Dodgers,0,0,3.67,1,0,0,0.1,0,0,0,0,0,1,1.08
2025-09-25,Arizona Diamondbacks,Los Angeles Dodgers,0,1,3.77,1,1,0,1.0,1,1,1,1,0,1,1.08
