Date,Home Tm,Away Tm,W,L,ERA,G,GS,SV,IP,H,R,ER,HR,BB,SO,WHIP
2025-03-28,Arizona Diamondbacks,Chicago Cubs,0,1,12.46,1,1,0,4.1,9,6,6,2,0,1,2.08
2025-04-02,Athletics,Chicago Cubs,1,0,6.97,1,1,0,6.0,4,2,2,1,3,7,1.55
2025-04-08,Chicago Cubs,Texas Rangers,0,0,6.06,1,1,0,6.0,5,3,3,1,1,6,1.35
2025-04-14,San Diego Padres,Chicago Cubs,0,0,5.4,1,1,0,5.1,4,2,2,1,1,4,1.25
2025-04-20,Chicago Cubs,Arizona Diamondbacks,0,0,4.73,1,1,0,5.0,3,1,1,0,2,6,1.2
2025-04-27,Chicago Cubs,Philadelphia Phillies,0,0,4.01,1,1,0,7.0,5,1,1,0,0,2,1.1
2025-05-03,Milwaukee Brewers,Chicago Cubs,1,0,3.86,1,1,0,6.0,3,2,2,1,1,5,1.03
2025-05-09,New York Mets,Chicago Cubs,0,1,4.53,1,1,0,4.0,9,6,5,4,1,4,1.17
2025-05-14,Chicago Cubs,Miami Marlins,0,1,4.53,1,1,0,6.0,4,3,3,3,0,7,1.11
2025-05-20,Miami Marlins,Chicago Cubs,1,0,4.13,1,1,0,7.0,4,1,1,1,3,2,1.09
2025-05-26,Chicago Cubs,Colorado Rockies,1,0,3.86,1,1,0,6.1,4,1,1,1,0,7,1.05
2025-06-01,Chicago Cubs,Cincinnati Reds,1,0,3.76,1,1,0,6.1,3,2,2,1,1,2,1.01
2025-06-07,Detroit Tigers,Chicago Cubs,1,0,3.54,1,1,0,7.0,4,1,1,0,1,5,0.98
2025-06-12,Chicago Cubs,Pittsburgh Pirates,1,0,3.48,1,1,0,6.1,4,2,2,0,2,7,0.98
2025-06-19,Chicago Cubs,Milwaukee Brewers,0,1,3.84,1,1,0,4.0,8,5,5,2,1,2,1.04
2025-06-24,St. Louis Cardinals,Chicago Cubs,0,1,4.47,1,1,0,4.0,8,8,8,3,2,3,1.1
2025-06-29,Houston Astros,Chicago Cubs,0,1,4.44,1,1,0,4.2,5,2,2,1,1,4,1.11
2025-08-19,Chicago Cubs,Milwaukee Brewers,1,0,4.26,1,1,0,6.0,5,1,1,0,1,4,1.11
2025-08-24,Los Angeles Angels,Chicago Cubs,1,0,4.15,1,1,0,5.0,3,1,1,1,0,3,1.08
2025-09-10,Atlanta Braves,Chicago Cubs,0,0,4.15,1,1,0,4.1,6,2,2,0,2,2,1.11
2025-09-15,Pittsburgh Pirates,Chicago Cubs,1,0,3.93,1,1,0,6.0,2,0,0,0,2,3,1.09
2025-09-21,Cincinnati Reds,Chicago Cubs,0,1,3.78,1,1,0,7.0,5,1,1,0,0,4,1.07
2025-09-27,Chicago Cubs,St. Louis Cardinals,1,0,3.68,1,1,0,6.0,3,1,1,1,2,8,1.06
