Date,Home Tm,Away Tm,W,L,ERA,G,GS,SV,IP,H,R,ER,HR,BB,SO,WHIP
2025-05-24,Los Angeles Angels,Miami Marlins,0,0,1.8,1,0,1,5.0,6,1,1,0,1,4,1.4
2025-05-30,Miami Marlins,San Francisco Giants,0,0,1.0,1,0,0,4.0,3,0,0,0,0,5,1.11
2025-06-04,Miami Marlins,Colorado Rockies,0,0,1.38,1,0,0,4.0,1,1,1,0,0,6,0.85
2025-06-09,Pittsburgh Pirates,Miami Marlins,0,0,3.71,1,0,0,4.0,9,5,5,0,1,1,1.24
2025-06-14,Washington Nationals,Miami Marlins,1,0,2.78,1,0,0,5.2,2,0,0,0,0,4,1.01
2025-06-20,Miami Marlins,Atlanta Braves,1,0,2.6,1,1,0,5.0,5,1,1,0,0,5,1.01
2025-06-26,San Francisco Giants,Miami Marlins,0,0,3.73,1,1,0,3.2,8,5,5,1,0,1,1.15
2025-07-02,Miami Marlins,Minnesota Twins,0,1,3.62,1,1,0,6.0,6,2,2,0,0,7,1.13
2025-07-07,Cincinnati Reds,Miami Marlins,1,0,3.12,1,1,0,6.0,1,1,0,0,2,3,1.04
2025-07-12,Baltimore Orioles,Miami Marlins,1,0,2.68,1,1,0,7.0,5,0,0,0,0,2,0.99
2025-07-20,Miami Marlins,Kansas City Royals,0,1,3.09,1,1,0,5.0,6,6,4,0,1,1,1.03
2025-07-26,Milwaukee Brewers,Miami Marlins,1,0,3.28,1,1,0,5.0,8,3,3,0,0,5,1.08
2025-08-01,Miami Marlins,New York Yankees,0,0,3.86,1,1,0,5.0,6,6,6,1,1,4,1.1
2025-08-06,Miami Marlins,Houston Astros,1,0,3.97,1,1,0,5.0,5,3,3,1,2,2,1.12
2025-08-12,Cleveland Guardians,Miami Marlins,0,0,4.06,1,1,0,5.0,6,3,3,2,0,2,1.13
2025-08-17,Boston Red Sox,Miami Marlins,0,0,4.04,1,1,0,7.0,6,3,3,1,1,6,1.12
2025-08-23,Miami Marlins,Toronto Blue Jays,0,0,4.09,1,1,0,5.2,6,3,3,0,1,3,1.13
2025-09-08,Miami Marlins,Washington Nationals,0,1,4.48,1,1,0,4.1,8,6,6,1,2,3,1.18
2025-09-13,Miami Marlins,Detroit Tigers,0,0,4.48,1,1,0,6.0,7,3,3,1,1,4,1.19
2025-09-19,Texas Rangers,Miami Marlins,0,0,4.27,1,1,0,7.0,3,1,1,0,0,5,1.14
2025-09-25,Philadelphia Phillies,Miami Marlins,0,1,4.17,1,1,0,4.2,5,1,1,0,0,4,1.14
