Date,Home Tm,Away Tm,W,L,ERA,G,GS,SV,IP,H,R,ER,HR,BB,SO,WHIP
2025-04-19,Boston Red Sox,Chicago White Sox,0,0,0.0,1,0,0,1.1,0,0,0,0,1,1,0.75
2025-04-23,Minnesota Twins,Chicago White Sox,0,0,0.0,1,0,0,1.1,0,0,0,0,0,1,0.38
2025-04-25,Athletics,Chicago White Sox,0,0,4.91,1,0,0,1.0,4,2,2,0,0,1,1.36
2025-04-29,Chicago White Sox,Milwaukee Brewers,0,0,5.79,1,0,0,1.0,2,2,1,0,1,1,1.71
2025-05-01,Chicago White Sox,Milwaukee Brewers,0,0,4.76,1,0,0,1.0,0,0,0,0,0,1,1.41
2025-05-03,Chicago White Sox,Houston Astros,0,0,5.87,1,0,0,2.0,3,2,2,0,0,2,1.43
2025-05-08,Kansas City Royals,Chicago White Sox,0,0,9.0,1,0,0,1.1,6,4,4,0,0,1,1.89
2025-05-15,Cincinnati Reds,Chicago White Sox,0,0,7.59,1,0,0,1.2,2,0,0,0,1,1,1.88
2025-05-17,Chicago Cubs,Chicago White Sox,0,0,7.15,1,0,0,0.2,1,0,0,0,1,0,1.94
2025-05-27,New York Mets,Chicago White Sox,0,0,6.59,1,0,0,2.1,3,1,1,0,0,2,1.83
2025-05-30,Baltimore Orioles,Chicago White Sox,0,0,6.14,1,1,0,1.0,1,0,0,0,0,0,1.77
2025-06-04,Chicago White Sox,Detroit Tigers,0,0,8.04,1,1,0,1.0,5,4,4,0,1,1,2.04
