Date,Home Tm,Away Tm,W,L,ERA,G,GS,SV,IP,H,R,ER,HR,BB,SO,WHIP
2025-04-11,Athletics,New York Mets,0,0,0.0,1,0,0,1.0,1,0,0,0,0,2,1.0
2025-04-13,Athletics,New York Mets,0,0,10.13,1,0,0,1.2,4,4,3,0,1,0,2.25
2025-04-17,Chicago White Sox,Athletics,0,0,7.36,1,0,0,1.0,0,0,0,0,0,2,1.64
2025-05-15,Los Angeles Dodgers,Athletics,0,0,18.0,1,0,0,2.1,7,9,9,3,4,1,2.83
2025-06-17,Athletics,Houston Astros,1,0,10.5,1,1,0,6.0,3,3,2,0,3,4,1.92
2025-07-04,Los Angeles Dodgers,Houston Astros,0,0,8.4,1,0,1,3.0,2,0,0,0,2,2,1.8
2025-07-24,Houston Astros,Athletics,0,1,8.14,1,1,0,6.0,11,5,5,1,2,3,1.9
2025-07-29,Houston Astros,Washington Nationals,0,0,7.36,1,1,0,4.2,5,2,2,1,2,6,1.83
2025-08-04,Miami Marlins,Houston Astros,1,0,5.97,1,1,0,6.0,3,0,0,0,1,6,1.61
2025-08-10,New York Yankees,Houston Astros,1,0,5.02,1,1,0,6.0,1,0,0,0,3,3,1.46
2025-08-16,Houston Astros,Baltimore Orioles,0,0,4.74,1,1,0,6.0,3,2,2,1,0,6,1.33
2025-08-21,Baltimore Orioles,Houston Astros,1,0,4.59,1,1,0,5.1,8,2,2,1,1,3,1.37
2025-08-28,Houston Astros,Colorado Rockies,0,0,4.61,1,1,0,5.2,7,3,3,2,1,8,1.37
2025-09-03,Houston Astros,New York Yankees,0,0,4.68,1,1,0,5.0,6,3,3,2,2,6,1.39
2025-09-10,Toronto Blue Jays,Houston Astros,0,0,4.19,1,1,0,7.0,3,0,0,0,1,3,1.31
2025-09-15,Houston Astros,Texas Rangers,0,0,4.04,1,1,0,4.2,5,3,1,1,1,5,1.3
2025-09-21,Houston Astros,Seattle Mariners,0,1,4.83,1,1,0,1.1,7,7,7,2,1,1,1.39
2025-09-26,Los Angeles Angels,Houston Astros,0,0,4.77,1,1,0,4.2,4,2,2,1,1,4,1.37
