Date,Home Tm,Away Tm,W,L,ERA,G,GS,SV,IP,H,R,ER,HR,BB,SO,WHIP
2025-08-12,Toronto Blue Jays,Chicago Cubs,0,1,9.0,1,1,0,4.0,8,4,4,1,1,2,2.25
2025-08-17,Chicago Cubs,Pittsburgh Pirates,0,0,5.63,1,1,0,4.0,5,1,1,0,1,3,1.88
2025-08-22,Los Angeles Angels,Chicago Cubs,0,0,3.86,1,1,0,6.0,2,1,1,1,1,4,1.29
2025-08-30,Colorado Rockies,Chicago Cubs,1,0,4.05,1,1,0,6.0,7,3,3,0,2,1,1.35
2025-09-05,Chicago Cubs,Washington Nationals,1,0,4.62,1,1,0,5.1,3,4,4,1,2,4,1.26
2025-09-14,Chicago Cubs,Tampa Bay Rays,1,0,4.23,1,0,0,2.1,2,0,0,0,2,1,1.3
2025-09-20,Cincinnati Reds,Chicago Cubs,0,0,4.26,1,1,0,4.0,3,2,2,0,2,2,1.29
2025-09-28,Chicago Cubs,St. Louis Cardinals,1,0,3.65,1,1,0,5.1,3,0,0,0,1,6,1.22
