Date,Home Tm,Away Tm,W,L,ERA,G,GS,SV,IP,H,R,ER,HR,BB,SO,WHIP
2025-09-04,Houston Astros,New York Yankees,0,0,0.0,1,0,0,1.1,0,0,0,0,0,1,0.0
2025-09-06,Texas Rangers,Houston Astros,0,0,0.0,1,0,0,1.0,0,0,0,0,0,0,0.0
2025-09-12,Atlanta Braves,Houston Astros,0,0,0.0,1,1,0,3.0,1,0,0,0,0,1,0.19
2025-09-15,Houston Astros,Texas Rangers,0,0,0.0,1,0,0,0.1,2,0,0,0,0,0,0.53
2025-09-16,Houston Astros,Texas Rangers,0,0,0.0,1,0,0,1.0,0,0,0,0,0,1,0.45
2025-09-20,Houston Astros,Seattle Mariners,0,0,0.0,1,0,0,1.1,1,0,0,0,1,2,0.63
2025-09-23,Athletics,Houston Astros,0,0,0.0,1,0,0,1.1,1,0,0,0,1,1,0.75
2025-09-26,Los Angeles Angels,Houston Astros,0,0,0.84,1,0,0,1.1,1,1,1,0,1,0,0.84
2025-09-28,Los Angeles Angels,Houston Astros,0,0,1.54,1,0,0,1.0,4,1,1,0,0,2,1.11
