Date,Home Tm,Away Tm,W,L,ERA,G,GS,SV,IP,H,R,ER,HR,BB,SO,WHIP
2025-03-28,Seattle Mariners,Athletics,1,0,0.0,1,1,0,6.0,3,0,0,0,1,9,0.67
2025-04-02,Athletics,Chicago Cubs,0,1,4.0,1,1,0,3.0,5,5,4,1,4,3,1.44
2025-04-08,Athletics,San Diego Padres,1,0,4.2,1,1,0,6.0,7,4,3,1,2,4,1.47
2025-04-15,Chicago White Sox,Athletics,1,0,4.5,1,1,0,5.0,3,3,3,1,3,4,1.4
2025-04-20,Milwaukee Brewers,Athletics,0,1,5.64,1,1,0,2.1,5,6,4,1,4,3,1.66
2025-04-26,Athletics,Chicago White Sox,0,1,6.04,1,1,0,6.0,7,7,5,1,2,4,1.62
2025-05-01,Texas Rangers,Athletics,1,0,4.98,1,1,0,6.0,2,0,0,0,1,1,1.43
2025-05-06,Athletics,Seattle Mariners,0,0,4.81,1,1,0,5.0,5,2,2,1,2,4,1.42
2025-05-13,Los Angeles Dodgers,Athletics,1,0,4.27,1,1,0,7.0,6,1,1,0,2,4,1.38
2025-05-18,San Francisco Giants,Athletics,0,0,3.91,1,1,0,6.2,2,1,1,1,0,5,1.25
2025-05-24,Athletics,Philadelphia Phillies,0,0,3.97,1,1,0,6.0,4,4,3,2,2,6,1.22
2025-05-30,Toronto Blue Jays,Athletics,0,1,4.72,1,1,0,2.0,6,6,6,1,6,2,1.38
2025-06-04,Athletics,Minnesota Twins,0,0,4.66,1,0,0,6.2,5,4,3,1,2,7,1.34
2025-06-09,Los Angeles Angels,Athletics,0,1,4.64,1,0,0,6.0,5,4,3,1,0,8,1.3
2025-06-15,Kansas City Royals,Athletics,0,0,4.52,1,1,0,6.0,7,2,2,0,0,2,1.29
2025-06-20,Athletics,Cleveland Guardians,1,0,4.24,1,1,0,7.1,3,1,1,1,1,6,1.23
2025-06-26,Detroit Tigers,Athletics,0,1,4.11,1,1,0,5.0,4,3,1,1,2,3,1.23
2025-07-01,Tampa Bay Rays,Athletics,0,0,4.07,1,1,0,5.1,4,2,2,2,3,4,1.23
2025-07-08,Athletics,Atlanta Braves,1,0,3.92,1,1,0,6.0,6,1,1,1,1,2,1.23
2025-07-13,Athletics,Toronto Blue Jays,1,0,3.93,1,1,0,6.2,3,3,3,2,0,5,1.18
2025-07-20,Cleveland Guardians,Athletics,0,1,4.18,1,1,0,4.0,9,5,5,0,0,4,1.22
2025-07-25,Houston Astros,Athletics,1,0,4.13,1,1,0,6.0,4,2,2,1,1,5,1.2
2025-07-30,Athletics,Seattle Mariners,1,0,4.0,1,1,0,6.0,2,1,1,1,1,7,1.17
2025-08-06,Washington Nationals,Athletics,0,0,3.89,1,1,0,6.0,1,1,1,1,0,5,1.12
2025-08-11,Athletics,Tampa Bay Rays,0,1,4.06,1,1,0,3.1,7,4,4,1,1,2,1.15
2025-08-17,Athletics,Los Angeles Angels,0,0,4.24,1,1,0,4.2,8,5,5,1,3,5,1.19
2025-08-23,Seattle Mariners,Athletics,0,0,4.15,1,1,0,5.1,2,1,1,1,2,3,1.18
2025-08-29,Athletics,Texas Rangers,0,1,4.17,1,1,0,5.2,7,3,3,1,2,5,1.19
2025-09-03,St. Louis Cardinals,Athletics,0,1,4.13,1,1,0,6.0,5,2,2,0,1,4,1.18
2025-09-09,Athletics,Boston Red Sox,0,1,4.28,1,1,0,5.0,8,5,5,2,0,6,1.2
2025-09-16,Boston Red Sox,Athletics,0,0,4.17,1,1,0,4.0,5,1,0,0,3,3,1.22
2025-09-23,Athletics,Houston Astros,1,0,4.11,1,1,0,5.0,3,1,1,0,2,3,1.21
