Date,Home Tm,Away Tm,W,L,ERA,G,GS,SV,IP,H,R,ER,HR,BB,SO,WHIP
2025-03-29,Washington Nationals,Philadelphia Phillies,1,0,3.6,1,1,0,5.0,5,2,2,1,2,11,1.4
2025-04-04,Philadelphia Phillies,Los Angeles Dodgers,1,0,1.5,1,1,0,7.0,2,0,0,0,2,8,0.92
2025-04-10,Atlanta Braves,Philadelphia Phillies,0,0,1.5,1,1,0,6.0,6,1,1,0,1,6,1.0
2025-04-15,Philadelphia Phillies,San Francisco Giants,0,0,2.31,1,1,0,5.1,5,3,3,0,2,4,1.07
2025-04-20,Philadelphia Phillies,Miami Marlins,0,0,2.08,1,1,0,7.0,8,2,1,0,0,7,1.09
2025-04-26,Chicago Cubs,Philadelphia Phillies,1,0,1.73,1,1,0,6.0,3,2,0,0,3,5,1.07
2025-05-02,Philadelphia Phillies,Arizona Diamondbacks,0,0,1.94,1,1,0,5.1,9,2,2,0,1,6,1.18
2025-05-08,Tampa Bay Rays,Philadelphia Phillies,0,0,2.11,1,1,0,5.1,6,2,2,1,2,4,1.21
2025-05-14,Philadelphia Phillies,St. Louis Cardinals,1,0,2.0,1,1,0,7.0,5,1,1,0,2,6,1.19
2025-05-20,Colorado Rockies,Philadelphia Phillies,1,0,1.95,1,1,0,6.0,2,1,1,0,3,10,1.15
2025-05-25,Athletics,Philadelphia Phillies,0,0,2.15,1,1,0,7.0,9,3,3,1,1,10,1.18
2025-05-31,Philadelphia Phillies,Milwaukee Brewers,0,1,3.58,1,1,0,3.1,12,12,12,2,3,4,1.34
2025-06-05,Toronto Blue Jays,Philadelphia Phillies,0,1,4.46,1,1,0,2.1,9,8,8,1,2,2,1.44
2025-06-11,Philadelphia Phillies,Chicago Cubs,1,0,4.23,1,1,0,6.0,5,1,1,0,0,10,1.4
2025-06-17,Miami Marlins,Philadelphia Phillies,0,1,4.41,1,1,0,5.0,6,4,4,1,4,4,1.43
2025-06-22,Philadelphia Phillies,New York Mets,1,0,4.08,1,1,0,6.2,3,0,0,0,1,7,1.37
2025-06-28,Atlanta Braves,Philadelphia Phillies,0,1,4.06,1,1,0,5.0,7,2,2,0,3,7,1.41
2025-07-04,Philadelphia Phillies,Cincinnati Reds,0,1,4.44,1,1,0,2.0,6,6,5,0,3,4,1.47
2025-07-09,San Francisco Giants,Philadelphia Phillies,1,0,4.14,1,1,0,7.0,3,0,0,0,1,7,1.41
2025-07-18,Philadelphia Phillies,Los Angeles Angels,0,0,4.29,1,1,0,4.2,7,4,4,2,2,7,1.43
2025-07-23,Philadelphia Phillies,Boston Red Sox,0,0,4.58,1,1,0,5.0,2,6,6,1,5,7,1.43
2025-07-29,Chicago White Sox,Philadelphia Phillies,1,0,4.31,1,1,0,7.0,2,0,0,0,1,4,1.37
2025-08-04,Philadelphia Phillies,Baltimore Orioles,1,0,4.32,1,1,0,6.0,5,3,3,2,0,7,1.35
2025-08-09,Texas Rangers,Philadelphia Phillies,1,0,4.2,1,1,0,6.0,7,1,1,0,1,4,1.35
2025-08-14,Washington Nationals,Philadelphia Phillies,0,1,4.21,1,1,0,6.0,4,3,3,1,3,7,1.34
2025-08-20,Philadelphia Phillies,Seattle Mariners,1,0,4.1,1,1,0,6.0,3,1,1,1,0,12,1.3
2025-08-26,New York Mets,Philadelphia Phillies,0,0,4.23,1,1,0,4.0,5,4,4,0,3,5,1.32
2025-08-31,Philadelphia Phillies,Atlanta Braves,0,0,4.05,1,1,0,6.2,2,0,0,0,1,7,1.28
2025-09-06,Miami Marlins,Philadelphia Phillies,1,0,4.01,1,1,0,6.0,5,2,2,0,4,8,1.29
2025-09-11,Philadelphia Phillies,New York Mets,1,0,4.03,1,1,0,8.0,5,4,4,0,0,10,1.26
2025-09-17,Los Angeles Dodgers,Philadelphia Phillies,0,1,4.08,1,1,0,7.0,6,4,4,2,1,6,1.25
2025-09-24,Philadelphia Phillies,Miami Marlins,1,0,3.92,1,1,0,7.0,3,1,0,0,0,10,1.22
