Date,Home Tm,Away Tm,W,L,ERA,G,GS,SV,IP,H,R,ER,HR,BB,SO,WHIP
2025-03-29,Washington Nationals,Philadelphia Phillies,0,0,9.0,1,0,0,1.0,1,1,1,0,1,1,2.0
2025-03-31,Philadelphia Phillies,Colorado Rockies,1,0,4.5,1,0,0,1.0,1,0,0,0,0,1,1.5
2025-04-05,Philadelphia Phillies,Los Angeles Dodgers,0,0,2.25,1,0,0,2.0,0,0,0,0,0,1,0.75
2025-04-09,Atlanta Braves,Philadelphia Phillies,0,0,3.18,1,0,0,1.2,2,1,1,1,0,0,0.88
2025-04-10,Atlanta Braves,Philadelphia Phillies,0,1,6.35,1,0,0,0.0,2,3,2,1,0,0,1.24
2025-04-14,Philadelphia Phillies,San Francisco Giants,0,0,5.4,1,0,0,1.0,1,0,0,0,0,1,1.2
2025-04-16,Philadelphia Phillies,San Francisco Giants,0,0,9.39,1,0,0,1.0,4,4,4,0,1,1,1.7
2025-04-19,Philadelphia Phillies,Miami Marlins,0,0,7.45,1,0,0,2.0,3,0,0,0,0,0,1.66
2025-04-22,New York Mets,Philadelphia Phillies,0,0,5.68,1,0,0,3.0,1,0,0,0,0,3,1.34
2025-04-26,Chicago Cubs,Philadelphia Phillies,0,0,5.02,1,0,0,1.2,2,0,0,0,0,2,1.33
2025-05-01,Philadelphia Phillies,Washington Nationals,0,0,4.41,1,0,0,2.0,1,0,0,0,1,1,1.29
2025-05-03,Philadelphia Phillies,Arizona Diamondbacks,0,0,4.15,1,0,0,1.0,1,0,0,0,0,2,1.27
2025-05-04,Philadelphia Phillies,Arizona Diamondbacks,0,0,3.93,1,0,0,1.0,0,0,0,0,0,1,1.2
2025-05-09,Cleveland Guardians,Philadelphia Phillies,0,0,4.66,1,0,0,1.0,2,2,2,1,0,1,1.24
2025-05-10,Cleveland Guardians,Philadelphia Phillies,0,0,4.87,1,0,0,1.0,1,1,1,0,1,0,1.28
2025-05-19,Colorado Rockies,Philadelphia Phillies,1,0,4.64,1,0,0,1.0,1,0,0,0,0,0,1.27
2025-05-21,Colorado Rockies,Philadelphia Phillies,0,0,4.24,1,0,0,2.0,2,0,0,0,0,3,1.24
2025-05-24,Athletics,Philadelphia Phillies,0,0,4.26,1,0,0,2.0,2,1,1,1,2,1,1.3
2025-05-29,Philadelphia Phillies,Atlanta Braves,0,0,4.78,1,0,0,1.0,1,2,2,1,1,1,1.33
2025-05-31,Philadelphia Phillies,Milwaukee Brewers,0,0,4.5,1,0,0,1.2,2,0,0,0,0,1,1.32
2025-06-03,Toronto Blue Jays,Philadelphia Phillies,0,0,4.34,1,0,0,1.0,0,0,0,0,0,1,1.28
2025-06-06,Pittsburgh Pirates,Philadelphia Phillies,0,0,4.35,1,1,0,2.0,3,1,1,0,1,2,1.32
2025-06-10,Philadelphia Phillies,Chicago Cubs,0,0,5.01,1,0,0,1.1,2,3,3,0,2,2,1.39
2025-06-13,Philadelphia Phillies,Toronto Blue Jays,0,0,4.86,1,0,0,1.0,0,0,0,0,2,0,1.41
2025-06-17,Miami Marlins,Philadelphia Phillies,0,0,4.98,1,0,0,1.0,1,1,1,1,1,0,1.43
2025-06-21,Philadelphia Phillies,New York Mets,0,0,5.35,1,0,0,2.2,4,3,3,1,0,1,1.43
2025-06-28,Atlanta Braves,Philadelphia Phillies,0,0,5.21,1,0,0,1.0,1,0,0,0,1,2,1.45
2025-07-04,Philadelphia Phillies,Cincinnati Reds,0,0,5.53,1,0,0,2.2,5,3,3,0,1,1,1.5
2025-07-09,San Francisco Giants,Philadelphia Phillies,0,0,5.4,1,0,0,1.0,1,0,0,0,0,0,1.49
2025-07-18,Philadelphia Phillies,Los Angeles Angels,0,0,5.27,1,0,0,1.0,1,0,0,0,0,2,1.48
2025-07-20,Philadelphia Phillies,Los Angeles Angels,0,0,5.28,1,0,0,1.2,3,1,1,1,1,2,1.51
2025-08-06,Philadelphia Phillies,Baltimore Orioles,0,0,5.16,1,0,0,1.0,1,0,0,0,0,0,1.5
2025-08-12,Cincinnati Reds,Philadelphia Phillies,0,0,5.09,1,0,0,0.2,0,0,0,0,0,0,1.48
2025-08-13,Cincinnati Reds,Philadelphia Phillies,0,0,4.94,1,0,0,1.1,0,0,0,0,0,2,1.44
2025-08-17,Washington Nationals,Philadelphia Phillies,0,0,4.78,1,0,0,1.2,1,0,0,0,1,0,1.43
2025-08-20,Philadelphia Phillies,Seattle Mariners,0,0,4.68,1,0,0,1.0,1,0,0,0,0,2,1.42
2025-08-25,New York Mets,Philadelphia Phillies,0,0,5.12,1,0,0,1.0,3,3,3,0,1,1,1.47
