Date,Home Tm,Away Tm,W,L,ERA,G,GS,SV,IP,H,R,ER,HR,BB,SO,WHIP
2025-03-29,St. Louis Cardinals,Minnesota Twins,0,0,1.8,1,1,0,5.0,5,1,1,0,0,5,1.0
2025-04-03,Minnesota Twins,Houston Astros,0,1,4.5,1,1,0,5.0,5,4,4,2,0,6,1.0
2025-04-09,Kansas City Royals,Minnesota Twins,1,0,2.65,1,1,0,7.0,2,0,0,0,0,4,0.71
2025-04-14,Minnesota Twins,New York Mets,0,0,2.45,1,1,0,5.0,3,1,1,0,2,8,0.77
2025-04-20,Atlanta Braves,Minnesota Twins,0,1,4.0,1,1,0,5.0,8,6,6,3,1,5,0.96
2025-04-27,Minnesota Twins,Los Angeles Angels,1,0,3.18,1,1,0,7.0,4,0,0,0,1,11,0.91
2025-05-02,Boston Red Sox,Minnesota Twins,0,0,2.93,1,1,0,6.0,4,1,1,1,1,8,0.9
2025-05-10,Minnesota Twins,San Francisco Giants,1,0,2.74,1,1,0,6.0,2,1,1,1,0,7,0.83
2025-05-16,Milwaukee Brewers,Minnesota Twins,1,0,2.42,1,1,0,6.0,2,0,0,0,1,9,0.79
2025-05-19,Minnesota Twins,Cleveland Guardians,0,0,2.68,1,0,0,5.0,3,3,3,1,2,4,0.81
2025-05-27,Tampa Bay Rays,Minnesota Twins,1,0,2.57,1,1,0,6.0,5,1,1,0,1,5,0.83
2025-06-02,Athletics,Minnesota Twins,1,0,2.91,1,1,0,5.0,6,4,4,1,3,4,0.9
2025-06-08,Minnesota Twins,Toronto Blue Jays,1,0,2.96,1,1,0,5.0,4,3,2,0,3,6,0.93
2025-06-14,Houston Astros,Minnesota Twins,0,0,2.93,1,1,0,7.0,2,2,2,1,2,7,0.9
2025-06-20,Minnesota Twins,Milwaukee Brewers,0,1,3.06,1,1,0,5.1,3,3,3,0,3,7,0.91
2025-06-25,Minnesota Twins,Seattle Mariners,1,0,2.86,1,1,0,6.0,3,0,0,0,0,8,0.89
2025-07-01,Miami Marlins,Minnesota Twins,0,1,2.75,1,1,0,7.0,5,1,1,1,0,4,0.87
2025-07-06,Minnesota Twins,Tampa Bay Rays,0,0,2.76,1,1,0,6.0,6,2,2,1,1,8,0.89
2025-07-11,Minnesota Twins,Pittsburgh Pirates,1,0,2.72,1,1,0,5.0,5,1,1,0,2,5,0.91
2025-07-20,Colorado Rockies,Minnesota Twins,1,0,2.63,1,1,0,7.0,5,1,1,1,0,11,0.9
2025-07-26,Minnesota Twins,Washington Nationals,0,1,2.82,1,1,0,5.0,6,5,4,1,1,5,0.92
2025-08-01,Cleveland Guardians,Minnesota Twins,0,0,2.83,1,1,0,6.0,5,2,2,0,1,4,0.93
2025-08-08,Minnesota Twins,Kansas City Royals,1,0,2.79,1,1,0,5.0,4,1,1,1,0,5,0.92
2025-08-13,New York Yankees,Minnesota Twins,1,0,2.72,1,1,0,6.2,4,1,1,1,2,7,0.92
2025-08-19,Minnesota Twins,Athletics,0,1,2.96,1,1,0,4.0,7,5,5,1,1,6,0.95
2025-08-25,Toronto Blue Jays,Minnesota Twins,0,1,3.22,1,1,0,5.0,7,6,6,2,1,7,0.97
2025-08-31,Minnesota Twins,San Diego Padres,1,0,3.08,1,1,0,7.0,5,0,0,0,1,8,0.97
2025-09-06,Kansas City Royals,Minnesota Twins,0,1,3.32,1,1,0,2.0,4,5,5,1,4,2,1.01
2025-09-13,Minnesota Twins,Arizona Diamondbacks,0,0,3.35,1,1,0,4.0,4,2,2,1,2,4,1.02
2025-09-20,Minnesota Twins,Cleveland Guardians,0,1,3.47,1,1,0,5.0,6,5,4,4,2,5,1.04
2025-09-26,Philadelphia Phillies,Minnesota Twins,0,1,3.42,1,1,0,5.0,4,2,1,1,1,9,1.04
