Date,Home Tm,Away Tm,W,L,ERA,G,GS,SV,IP,H,R,ER,HR,BB,SO,WHIP
2025-04-13,Tampa Bay Rays,Atlanta Braves,1,0,0.0,1,1,0,5.0,0,2,0,0,2,7,0.4
2025-07-06,Minnesota Twins,Tampa Bay Rays,0,0,0.0,1,0,0,5.0,2,1,0,0,1,7,0.5
2025-07-11,Boston Red Sox,Tampa Bay Rays,0,0,1.29,1,0,0,4.0,3,2,2,0,2,1,0.71
2025-07-18,Tampa Bay Rays,Baltimore Orioles,0,0,1.13,1,0,0,2.0,0,0,0,0,1,2,0.69
2025-07-23,Tampa Bay Rays,Chicago White Sox,0,0,1.42,1,0,0,3.0,1,1,1,1,0,1,0.63
2025-07-29,New York Yankees,Tampa Bay Rays,0,1,2.82,1,1,0,3.1,4,6,4,1,3,6,0.85
2025-08-03,Tampa Bay Rays,Los Angeles Dodgers,0,0,2.3,1,1,0,5.0,3,0,0,0,2,2,0.88
2025-08-09,Seattle Mariners,Tampa Bay Rays,0,1,3.82,1,1,0,3.1,4,6,6,3,5,5,1.08
2025-08-15,San Francisco Giants,Tampa Bay Rays,0,0,4.68,1,1,0,2.0,4,4,4,1,2,3,1.19
2025-08-21,Tampa Bay Rays,St. Louis Cardinals,0,1,5.4,1,1,0,4.0,9,6,5,0,3,5,1.39
2025-09-15,Tampa Bay Rays,Toronto Blue Jays,0,0,4.64,1,1,0,6.0,4,0,0,0,0,5,1.29
2025-09-21,Tampa Bay Rays,Boston Red Sox,0,0,4.4,1,1,0,4.1,4,1,1,0,4,9,1.34
2025-09-27,Toronto Blue Jays,Tampa Bay Rays,0,1,4.67,1,1,0,5.0,5,4,4,0,3,5,1.37
