Date,Home Tm,Away Tm,W,L,ERA,G,GS,SV,IP,H,R,ER,HR,BB,SO,WHIP
2025-03-29,Miami Marlins,Pittsburgh Pirates,0,1,0.0,1,0,0,2.0,2,2,0,0,2,1,2.0
2025-03-31,Tampa Bay Rays,Pittsburgh Pirates,0,0,3.0,1,0,0,1.0,1,1,1,0,1,1,2.0
2025-04-01,Tampa Bay Rays,Pittsburgh Pirates,0,0,2.25,1,0,0,1.0,0,0,0,0,0,0,1.5
2025-04-04,Pittsburgh Pirates,New York Yankees,0,0,1.42,1,0,0,2.1,2,0,0,0,1,3,1.42
2025-04-06,Pittsburgh Pirates,New York Yankees,1,0,1.23,1,0,0,1.0,0,0,0,0,0,2,1.23
2025-04-11,Cincinnati Reds,Pittsburgh Pirates,0,0,1.0,1,0,0,1.2,0,0,0,0,0,2,1.0
2025-04-13,Cincinnati Reds,Pittsburgh Pirates,0,0,0.93,1,0,0,0.2,1,0,0,0,1,0,1.14
2025-04-18,Pittsburgh Pirates,Cleveland Guardians,0,0,0.77,1,0,0,2.0,0,0,0,0,0,2,0.94
2025-04-20,Pittsburgh Pirates,Cleveland Guardians,0,0,2.13,1,0,0,1.0,2,2,2,1,0,1,1.03
2025-04-26,Los Angeles Dodgers,Pittsburgh Pirates,0,0,2.7,1,0,0,0.2,2,1,1,1,2,0,1.28
2025-04-29,Pittsburgh Pirates,Chicago Cubs,0,0,3.95,1,0,0,0.1,2,2,2,0,0,0,1.39
2025-05-01,Pittsburgh Pirates,Chicago Cubs,0,0,4.11,1,0,0,1.2,1,1,1,0,0,0,1.3
2025-05-04,Pittsburgh Pirates,San Diego Padres,0,0,3.86,1,0,0,1.0,0,0,0,0,1,0,1.29
2025-05-05,St. Louis Cardinals,Pittsburgh Pirates,0,0,3.44,1,0,0,2.0,2,0,0,0,1,3,1.31
2025-05-11,Pittsburgh Pirates,Atlanta Braves,0,0,3.38,1,0,0,0.1,1,0,0,0,0,0,1.34
2025-05-16,Philadelphia Phillies,Pittsburgh Pirates,0,0,4.58,1,0,0,1.0,3,3,3,0,1,1,1.47
2025-05-17,Philadelphia Phillies,Pittsburgh Pirates,0,0,4.64,1,0,0,1.2,3,1,1,0,1,2,1.55
2025-05-22,Pittsburgh Pirates,Milwaukee Brewers,0,0,4.43,1,0,0,1.0,0,0,0,0,0,0,1.48
2025-05-27,Arizona Diamondbacks,Pittsburgh Pirates,1,0,4.15,1,0,0,3.2,3,1,1,0,0,4,1.38
2025-06-12,Minnesota Twins,Texas Rangers,0,0,4.67,1,0,0,1.0,2,2,2,1,3,0,1.52
2025-06-17,Cincinnati Reds,Minnesota Twins,0,0,4.5,1,0,0,1.0,0,0,0,0,1,0,1.5
2025-06-20,Minnesota Twins,Milwaukee Brewers,0,0,5.52,1,0,0,1.1,5,4,4,0,1,1,1.64
2025-06-23,Minnesota Twins,Seattle Mariners,0,0,6.32,1,0,0,2.0,5,4,4,1,0,3,1.69
2025-06-28,Detroit Tigers,Minnesota Twins,0,0,6.82,1,0,0,1.2,3,3,3,0,4,1,1.82
2025-07-08,Minnesota Twins,Chicago Cubs,0,0,6.88,1,0,0,1.0,2,1,1,1,0,1,1.82
2025-07-12,St. Louis Cardinals,Atlanta Braves,0,0,6.32,1,0,0,3.0,0,0,0,0,1,6,1.7
2025-07-19,Atlanta Braves,New York Yankees,0,0,5.71,1,1,0,4.0,2,0,0,0,1,2,1.61
2025-07-25,Texas Rangers,Atlanta Braves,0,1,5.76,1,1,0,4.1,4,4,3,1,1,6,1.57
2025-07-30,Kansas City Royals,Atlanta Braves,0,0,5.02,1,1,0,6.2,1,0,0,0,3,7,1.44
2025-08-05,Atlanta Braves,Milwaukee Brewers,0,1,5.34,1,1,0,5.1,7,5,5,0,1,3,1.45
2025-08-10,Atlanta Braves,Miami Marlins,1,0,5.03,1,1,0,5.1,4,1,1,0,3,2,1.44
2025-08-16,Cleveland Guardians,Atlanta Braves,1,0,4.72,1,1,0,6.0,3,1,1,1,2,5,1.38
2025-08-22,Atlanta Braves,New York Mets,0,1,5.25,1,1,0,3.1,9,6,6,0,2,3,1.47
2025-08-27,Miami Marlins,Atlanta Braves,1,0,4.92,1,1,0,6.2,4,1,1,0,2,5,1.42
2025-09-02,Chicago Cubs,Atlanta Braves,0,1,5.12,1,1,0,4.0,7,4,4,1,1,8,1.45
2025-09-07,Atlanta Braves,Seattle Mariners,0,1,5.61,1,1,0,2.1,7,8,6,2,1,2,1.51
2025-09-14,Atlanta Braves,Houston Astros,0,0,5.56,1,1,0,4.0,6,2,2,0,1,5,1.52
2025-09-20,Detroit Tigers,Atlanta Braves,0,0,5.46,1,1,0,5.0,6,2,2,0,2,7,1.52
2025-09-26,Atlanta Braves,Pittsburgh Pirates,0,1,5.6,1,1,0,4.0,8,4,4,1,2,3,1.56
