Date,Home Tm,Away Tm,W,L,ERA,G,GS,SV,IP,H,R,ER,HR,BB,SO,WHIP
2025-03-30,Kansas City Royals,Cleveland Guardians,0,0,0.0,1,0,0,1.0,3,2,0,0,1,1,4.0
2025-04-01,San Diego Padres,Cleveland Guardians,0,0,3.0,1,0,0,2.0,2,3,1,0,2,1,2.67
2025-04-05,Los Angeles Angels,Cleveland Guardians,0,0,1.69,1,0,0,2.1,0,0,0,0,0,2,1.5
2025-04-10,Cleveland Guardians,Chicago White Sox,0,0,1.23,1,0,0,2.0,2,0,0,0,1,4,1.5
2025-04-13,Cleveland Guardians,Kansas City Royals,0,0,0.96,1,0,0,2.0,0,0,0,0,0,4,1.18
2025-04-15,Baltimore Orioles,Cleveland Guardians,0,0,1.8,1,0,0,0.2,2,1,1,1,0,1,1.3
2025-04-16,Baltimore Orioles,Cleveland Guardians,0,0,1.74,1,0,0,0.1,0,0,0,0,0,1,1.26
2025-04-20,Pittsburgh Pirates,Cleveland Guardians,0,0,1.59,1,0,1,1.0,0,0,0,0,1,0,1.24
2025-04-21,Cleveland Guardians,New York Yankees,0,0,1.54,1,0,0,0.1,0,0,0,0,1,1,1.29
2025-04-23,Cleveland Guardians,New York Yankees,0,0,1.35,1,0,0,1.2,3,0,0,0,1,2,1.43
2025-04-27,Cleveland Guardians,Boston Red Sox,0,0,2.35,1,0,0,2.0,1,3,2,1,1,3,1.37
2025-05-01,Cleveland Guardians,Minnesota Twins,0,0,2.25,1,0,0,0.2,1,0,0,0,1,1,1.44
2025-05-02,Toronto Blue Jays,Cleveland Guardians,0,0,2.2,1,0,0,0.1,0,0,0,0,0,0,1.41
2025-05-06,Washington Nationals,Cleveland Guardians,0,0,2.08,1,0,0,1.0,0,0,0,0,0,1,1.33
2025-05-07,Washington Nationals,Cleveland Guardians,1,0,1.96,1,0,0,1.0,0,0,0,0,1,1,1.31
2025-05-10,Cleveland Guardians,Philadelphia Phillies,0,0,4.12,1,0,0,1.1,7,5,5,1,1,3,1.63
2025-05-14,Cleveland Guardians,Milwaukee Brewers,0,0,4.57,1,0,0,2.0,2,2,2,1,1,0,1.62
2025-05-17,Cincinnati Reds,Cleveland Guardians,0,0,4.5,1,0,0,0.1,0,0,0,0,0,1,1.59
2025-05-19,Minnesota Twins,Cleveland Guardians,0,0,4.07,1,0,0,2.1,0,0,0,0,2,4,1.52
2025-05-24,Detroit Tigers,Cleveland Guardians,0,0,3.91,1,0,0,1.0,0,0,0,0,0,1,1.46
2025-05-26,Cleveland Guardians,Los Angeles Dodgers,0,0,3.81,1,0,0,3.0,2,1,1,1,0,4,1.38
2025-07-03,Chicago Cubs,Cleveland Guardians,0,0,3.41,1,1,0,3.1,2,0,0,0,3,5,1.39
2025-07-08,Houston Astros,Cleveland Guardians,0,0,3.79,1,1,0,4.0,5,3,3,0,3,7,1.46
2025-07-13,Chicago White Sox,Cleveland Guardians,0,0,4.17,1,1,0,5.1,7,4,4,2,0,6,1.44
2025-07-22,Cleveland Guardians,Baltimore Orioles,1,0,3.91,1,1,0,5.0,2,1,1,0,4,5,1.41
2025-07-27,Kansas City Royals,Cleveland Guardians,0,1,4.14,1,1,0,4.0,3,3,3,0,4,4,1.44
2025-08-03,Cleveland Guardians,Minnesota Twins,0,1,4.37,1,1,0,5.2,6,4,4,0,2,9,1.44
2025-08-09,Chicago White Sox,Cleveland Guardians,1,0,4.11,1,1,0,5.2,4,1,1,1,2,3,1.4
2025-08-15,Cleveland Guardians,Atlanta Braves,0,1,3.93,1,1,0,5.0,4,1,1,0,4,5,1.42
2025-09-03,Boston Red Sox,Cleveland Guardians,1,0,3.73,1,1,0,6.0,5,1,1,0,2,7,1.4
2025-09-09,Cleveland Guardians,Kansas City Royals,1,0,3.36,1,1,0,8.0,4,0,0,0,0,5,1.31
2025-09-16,Detroit Tigers,Cleveland Guardians,0,0,3.27,1,1,0,5.0,4,1,1,1,2,3,1.3
2025-09-21,Minnesota Twins,Cleveland Guardians,0,0,3.21,1,1,0,4.1,4,1,1,0,2,5,1.3
2025-09-27,Cleveland Guardians,Texas Rangers,0,0,3.21,1,1,0,5.2,3,2,2,1,0,8,1.26
