Date,Home Tm,Away Tm,W,L,ERA,G,GS,SV,IP,H,R,ER,HR,BB,SO,WHIP
2025-08-04,Pittsburgh Pirates,San Francisco Giants,0,0,18.0,1,1,0,1.0,2,2,2,0,3,3,5.0
2025-08-20,Pittsburgh Pirates,Toronto Blue Jays,1,0,4.5,1,1,0,5.0,2,1,1,1,1,6,1.33
2025-08-25,St. Louis Cardinals,Pittsburgh Pirates,0,0,3.6,1,1,0,4.0,3,1,1,0,1,5,1.2
2025-08-30,Boston Red Sox,Pittsburgh Pirates,1,0,3.6,1,1,0,5.0,3,2,2,1,3,6,1.2
2025-09-05,Pittsburgh Pirates,Milwaukee Brewers,0,0,2.7,1,1,0,5.0,1,1,0,0,3,4,1.1
2025-09-11,Baltimore Orioles,Pittsburgh Pirates,0,0,2.81,1,1,0,5.2,5,2,2,0,3,5,1.17
2025-09-17,Pittsburgh Pirates,Chicago Cubs,0,0,3.52,1,1,0,5.0,5,4,4,2,3,3,1.24
2025-09-23,Cincinnati Reds,Pittsburgh Pirates,0,0,3.57,1,1,0,4.2,2,2,2,1,3,7,1.22
2025-09-28,Atlanta Braves,Pittsburgh Pirates,0,1,3.57,1,1,0,5.0,3,2,2,1,3,3,1.21
