Date,Home Tm,Away Tm,W,L,ERA,G,GS,SV,IP,H,R,ER,HR,BB,SO,WHIP
2025-03-29,Chicago White Sox,Los Angeles Angels,0,0,0.0,1,1,0,5.0,4,0,0,0,3,5,1.4
2025-04-04,Detroit Tigers,Chicago White Sox,0,1,3.12,1,1,0,3.2,3,3,3,1,3,3,1.5
2025-04-10,Cleveland Guardians,Chicago White Sox,0,1,5.79,1,1,0,5.1,7,6,6,2,3,6,1.64
2025-04-16,Chicago White Sox,Athletics,0,0,4.42,1,1,0,4.1,3,0,0,0,2,4,1.53
2025-04-21,Boston Red Sox,Chicago White Sox,0,1,4.81,1,1,0,6.0,6,4,4,1,4,4,1.56
2025-04-26,Athletics,Chicago White Sox,1,0,4.5,1,0,0,7.2,6,3,3,1,2,5,1.44
2025-05-02,Chicago White Sox,Houston Astros,1,0,4.26,1,1,0,6.0,9,2,2,0,0,5,1.45
2025-05-07,Kansas City Royals,Chicago White Sox,0,1,4.09,1,1,0,6.0,9,2,2,1,0,1,1.45
2025-05-13,Cincinnati Reds,Chicago White Sox,0,0,3.6,1,0,0,6.0,4,0,0,0,0,6,1.36
2025-05-18,Chicago Cubs,Chicago White Sox,0,1,3.76,1,1,0,5.0,4,4,3,0,0,3,1.31
2025-05-27,New York Mets,Chicago White Sox,0,1,4.15,1,1,0,5.2,9,5,5,2,1,4,1.35
2025-06-02,Chicago White Sox,Detroit Tigers,0,1,4.66,1,1,0,3.0,4,5,5,3,3,5,1.4
2025-06-29,Chicago White Sox,San Francisco Giants,0,0,4.59,1,1,0,3.0,3,1,1,0,3,4,1.43
2025-07-05,Colorado Rockies,Chicago White Sox,1,0,4.5,1,1,0,5.1,8,2,2,0,2,1,1.46
2025-07-11,Chicago White Sox,Cleveland Guardians,0,0,4.44,1,1,0,5.0,3,2,2,1,3,5,1.44
2025-07-18,Pittsburgh Pirates,Chicago White Sox,1,0,4.18,1,1,0,7.0,5,1,1,0,0,2,1.38
2025-07-23,Tampa Bay Rays,Chicago White Sox,0,0,4.48,1,1,0,4.1,7,6,5,2,1,9,1.4
2025-07-29,Chicago White Sox,Philadelphia Phillies,0,1,4.77,1,1,0,6.0,7,6,6,2,2,3,1.41
2025-08-06,Seattle Mariners,Chicago White Sox,0,1,5.34,1,1,0,1.2,4,7,7,2,3,1,1.46
2025-09-04,Minnesota Twins,Chicago White Sox,0,0,5.67,1,0,0,2.1,5,5,5,0,2,2,1.49
2025-09-24,New York Yankees,Chicago White Sox,0,1,5.87,1,0,0,4.1,6,5,5,1,1,6,1.5
2025-09-28,Washington Nationals,Chicago White Sox,0,0,5.82,1,0,0,1.0,0,0,0,0,0,2,1.49
