Date,Home Tm,Away Tm,W,L,ERA,G,GS,SV,IP,H,R,ER,HR,BB,SO,WHIP
2025-04-27,Kansas City Royals,Houston Astros,0,0,0.0,1,0,0,2.0,0,0,0,0,0,1,0.0
2025-05-20,San Francisco Giants,Kansas City Royals,0,0,0.0,1,0,0,1.2,0,0,0,0,1,1,0.27
2025-05-21,San Francisco Giants,Kansas City Royals,1,0,1.8,1,0,0,1.1,2,1,1,1,0,1,0.6
2025-05-25,Minnesota Twins,Kansas City Royals,0,0,1.59,1,0,0,0.2,1,0,0,0,0,1,0.71
2025-05-27,Kansas City Royals,Cincinnati Reds,0,0,2.57,1,0,0,1.1,1,1,1,1,0,2,0.71
2025-05-30,Kansas City Royals,Detroit Tigers,0,0,2.16,1,0,0,1.1,2,0,0,0,0,2,0.84
2025-06-01,Kansas City Royals,Detroit Tigers,0,0,2.08,1,0,0,0.1,1,0,0,0,1,1,1.04
2025-06-05,St. Louis Cardinals,Kansas City Royals,0,0,1.86,1,0,0,1.0,0,0,0,0,0,0,0.93
2025-06-06,Chicago White Sox,Kansas City Royals,0,1,4.09,1,0,0,1.1,2,5,3,0,4,1,1.36
2025-06-11,Kansas City Royals,New York Yankees,0,0,3.55,1,0,0,1.2,1,0,0,0,1,0,1.34
2025-06-14,Kansas City Royals,Athletics,0,0,3.21,1,0,0,1.1,0,0,0,0,0,0,1.21
2025-06-17,Texas Rangers,Kansas City Royals,0,0,3.0,1,0,0,1.0,0,0,0,0,0,2,1.13
2025-07-07,Kansas City Royals,Pittsburgh Pirates,0,0,3.38,1,0,0,1.0,1,1,1,0,1,1,1.19
2025-07-12,Kansas City Royals,New York Mets,0,1,3.79,1,0,0,3.0,4,2,2,1,0,4,1.21
2025-07-18,Miami Marlins,Kansas City Royals,0,0,3.6,1,0,0,1.0,0,0,0,0,0,1,1.15
2025-07-22,Chicago Cubs,Kansas City Royals,0,0,4.64,1,0,0,1.1,3,3,3,0,1,1,1.27
2025-07-26,Kansas City Royals,Cleveland Guardians,0,0,4.94,1,0,0,2.1,5,2,2,1,0,2,1.35
2025-07-28,Kansas City Royals,Atlanta Braves,0,0,5.11,1,0,0,1.0,2,1,1,0,1,0,1.42
2025-07-30,Kansas City Royals,Atlanta Braves,0,0,4.73,1,0,0,2.0,0,0,0,0,1,3,1.35
2025-08-24,Detroit Tigers,Kansas City Royals,0,0,4.55,1,0,0,1.0,0,0,0,0,0,1,1.3
2025-08-27,Chicago White Sox,Kansas City Royals,0,0,4.4,1,0,0,1.0,0,0,0,0,1,0,1.29
2025-08-29,Kansas City Royals,Detroit Tigers,0,0,4.15,1,0,0,1.2,0,0,0,0,0,2,1.22
2025-08-31,Kansas City Royals,Detroit Tigers,0,0,4.02,1,0,0,1.0,0,0,0,0,1,2,1.21
2025-09-03,Kansas City Royals,Los Angeles Angels,0,0,3.9,1,0,0,1.0,0,0,0,0,0,1,1.18
2025-09-04,Kansas City Royals,Los Angeles Angels,0,0,3.67,1,0,0,2.0,0,0,0,0,1,2,1.14
2025-09-08,Cleveland Guardians,Kansas City Royals,0,0,3.57,1,0,0,1.0,0,0,0,0,1,3,1.13
2025-09-10,Cleveland Guardians,Kansas City Royals,0,0,3.86,1,1,0,2.0,3,2,2,1,1,3,1.18
2025-09-13,Philadelphia Phillies,Kansas City Royals,0,0,3.99,1,0,0,1.0,3,1,1,0,0,1,1.23
2025-09-16,Kansas City Royals,Seattle Mariners,0,0,4.35,1,0,0,1.0,2,2,2,1,0,1,1.25
2025-09-17,Kansas City Royals,Seattle Mariners,0,0,4.31,1,0,0,0.1,2,0,0,0,0,1,1.29
2025-09-21,Kansas City Royals,Toronto Blue Jays,0,0,4.2,1,0,0,1.0,1,0,0,0,0,0,1.28
2025-09-24,Los Angeles Angels,Kansas City Royals,0,0,4.01,1,0,0,2.0,1,0,0,0,1,4,1.27
2025-09-26,Athletics,Kansas City Royals,0,0,3.92,1,0,0,1.0,0,0,0,0,0,1,1.24
2025-09-27,Athletics,Kansas City Royals,0,0,3.86,1,0,0,0.2,0,0,0,0,0,0,1.22
