Date,Home Tm,Away Tm,W,L,ERA,G,GS,SV,IP,H,R,ER,HR,BB,SO,WHIP
2025-03-27,Chicago White Sox,Los Angeles Angels,0,0,0.0,1,0,0,0.2,1,0,0,0,1,0,3.0
2025-03-29,Chicago White Sox,Los Angeles Angels,0,0,0.0,1,0,0,1.0,0,0,0,0,0,1,1.2
2025-04-01,Chicago White Sox,Minnesota Twins,0,0,6.75,1,0,0,1.0,2,2,2,1,0,2,1.5
2025-04-05,Detroit Tigers,Chicago White Sox,0,0,4.91,1,0,0,1.0,1,0,0,0,1,3,1.64
2025-04-06,Detroit Tigers,Chicago White Sox,0,0,4.91,1,0,0,0.0,1,0,0,0,1,0,2.18
2025-04-12,Chicago White Sox,Boston Red Sox,0,0,3.38,1,0,0,1.2,1,0,0,0,0,2,1.69
2025-04-16,Chicago White Sox,Athletics,0,0,4.5,1,0,0,0.2,1,1,1,0,1,0,1.83
2025-04-18,Boston Red Sox,Chicago White Sox,0,0,4.05,1,0,0,0.2,0,0,0,0,0,2,1.65
2025-04-19,Boston Red Sox,Chicago White Sox,0,0,3.52,1,0,0,1.0,1,0,0,0,1,1,1.7
2025-04-23,Minnesota Twins,Chicago White Sox,0,1,4.15,1,0,0,1.0,1,1,1,1,1,0,1.73
2025-04-24,Minnesota Twins,Chicago White Sox,0,0,3.72,1,0,0,1.0,1,0,0,0,1,2,1.76
2025-04-27,Athletics,Chicago White Sox,0,1,4.5,1,0,0,0.1,1,2,1,1,0,1,1.8
2025-04-30,Chicago White Sox,Milwaukee Brewers,0,0,4.09,1,0,0,1.0,0,0,0,0,0,1,1.64
2025-05-02,Chicago White Sox,Houston Astros,0,0,4.5,1,0,0,1.0,1,1,1,1,0,1,1.58
2025-05-06,Kansas City Royals,Chicago White Sox,0,0,4.38,1,0,0,0.1,0,0,0,0,0,0,1.54
2025-05-09,Chicago White Sox,Miami Marlins,0,0,4.05,1,0,0,1.0,1,0,0,0,0,2,1.5
2025-05-10,Chicago White Sox,Miami Marlins,0,1,4.5,1,0,0,0.2,1,1,1,0,0,2,1.5
2025-05-13,Cincinnati Reds,Chicago White Sox,0,0,4.2,1,0,0,1.0,1,0,0,0,1,1,1.53
2025-05-14,Cincinnati Reds,Chicago White Sox,0,0,4.11,1,0,0,0.1,0,0,0,0,0,1,1.5
2025-05-20,Chicago White Sox,Seattle Mariners,0,0,3.86,1,0,1,1.0,1,0,0,0,0,2,1.47
2025-05-21,Chicago White Sox,Seattle Mariners,0,0,3.71,1,0,0,0.2,0,0,0,0,1,0,1.47
2025-05-23,Chicago White Sox,Texas Rangers,0,0,3.5,1,0,0,1.0,0,0,0,0,0,0,1.39
2025-05-25,Chicago White Sox,Texas Rangers,0,1,4.74,1,0,0,1.0,3,3,3,0,0,2,1.47
2025-05-31,Baltimore Orioles,Chicago White Sox,0,0,4.5,1,0,0,1.0,0,0,0,0,0,0,1.4
2025-06-03,Chicago White Sox,Detroit Tigers,0,0,4.71,1,0,0,1.0,2,1,1,0,1,0,1.48
2025-06-04,Chicago White Sox,Detroit Tigers,0,0,4.5,1,0,0,1.0,1,0,0,0,1,0,1.5
2025-06-06,Chicago White Sox,Kansas City Royals,1,0,4.3,1,0,0,1.0,1,0,0,0,1,0,1.52
2025-06-08,Chicago White Sox,Kansas City Royals,0,0,4.56,1,0,0,0.2,2,1,1,0,0,1,1.56
2025-06-14,Texas Rangers,Chicago White Sox,0,0,4.44,1,0,0,0.2,1,1,0,0,0,2,1.56
2025-06-17,Chicago White Sox,St. Louis Cardinals,0,0,4.62,1,0,0,1.0,1,1,1,0,2,2,1.62
2025-06-19,Chicago White Sox,St. Louis Cardinals,0,0,4.33,1,0,0,1.2,0,0,0,0,0,2,1.52
2025-06-22,Toronto Blue Jays,Chicago White Sox,1,0,4.23,1,0,0,0.2,0,0,0,0,1,1,1.52
2025-06-24,Chicago White Sox,Arizona Diamondbacks,0,0,4.4,1,1,0,1.0,1,1,1,1,0,1,1.5
2025-06-29,Chicago White Sox,San Francisco Giants,0,0,4.55,1,0,0,1.0,1,1,1,0,3,1,1.58
2025-07-05,Colorado Rockies,Chicago White Sox,0,0,4.31,1,0,0,1.2,1,0,0,0,1,1,1.56
2025-07-09,Chicago White Sox,Toronto Blue Jays,0,0,4.18,1,0,1,1.0,1,0,0,0,0,2,1.55
2025-07-11,Chicago White Sox,Cleveland Guardians,0,0,4.36,1,0,0,0.2,2,1,1,0,1,0,1.61
2025-07-12,Chicago White Sox,Cleveland Guardians,0,1,4.5,1,0,0,1.0,1,1,1,1,1,1,1.62
2025-07-19,Pittsburgh Pirates,Chicago White Sox,0,0,4.37,1,0,0,1.0,0,0,0,0,1,2,1.6
2025-07-21,Tampa Bay Rays,Chicago White Sox,0,0,4.25,1,0,0,1.0,0,0,0,0,0,1,1.56
2025-07-23,Tampa Bay Rays,Chicago White Sox,1,0,4.14,1,0,0,1.0,2,0,0,0,0,1,1.57
2025-07-26,Chicago White Sox,Chicago Cubs,0,1,4.78,1,0,0,0.2,3,3,3,2,0,1,1.62
2025-07-28,Chicago White Sox,Philadelphia Phillies,0,0,4.62,1,0,0,1.1,0,0,0,0,1,1,1.59
2025-08-01,Los Angeles Angels,Chicago White Sox,1,0,4.43,1,0,0,1.2,0,0,0,0,0,4,1.52
2025-08-02,Los Angeles Angels,Chicago White Sox,0,0,4.32,1,0,1,1.0,0,0,0,0,0,0,1.49
2025-08-07,Seattle Mariners,Chicago White Sox,0,0,4.19,1,0,0,1.1,0,0,0,0,0,2,1.44
2025-08-09,Chicago White Sox,Cleveland Guardians,0,0,4.09,1,0,0,1.0,0,0,0,0,0,2,1.41
2025-08-10,Chicago White Sox,Cleveland Guardians,0,0,4.2,1,0,0,1.0,1,1,1,1,0,1,1.4
2025-08-12,Chicago White Sox,Detroit Tigers,0,0,4.17,1,0,1,0.1,0,0,0,0,0,1,1.39
2025-08-17,Kansas City Royals,Chicago White Sox,0,0,4.34,1,0,0,0.1,1,1,1,1,0,1,1.4
2025-08-18,Atlanta Braves,Chicago White Sox,0,0,4.27,1,0,0,0.2,1,0,0,0,1,2,1.42
2025-08-20,Atlanta Braves,Chicago White Sox,0,0,4.21,1,0,0,0.2,0,0,0,0,0,1,1.4
2025-08-23,Chicago White Sox,Minnesota Twins,0,0,4.13,1,0,0,1.0,0,0,0,0,1,2,1.4
2025-08-26,Chicago White Sox,Kansas City Royals,0,0,4.44,1,0,0,0.2,2,2,2,0,1,0,1.44
2025-08-29,Chicago White Sox,New York Yankees,0,0,4.35,1,0,0,1.0,0,0,0,0,0,2,1.41
2025-08-30,Chicago White Sox,New York Yankees,0,0,4.26,1,0,0,1.0,0,0,0,0,0,2,1.38
2025-09-01,Minnesota Twins,Chicago White Sox,0,0,4.15,1,0,1,1.1,0,0,0,0,0,2,1.35
2025-09-03,Minnesota Twins,Chicago White Sox,0,0,4.08,1,0,1,1.0,1,0,0,0,1,0,1.36
2025-09-05,Detroit Tigers,Chicago White Sox,0,0,3.95,1,0,1,1.2,0,0,0,0,0,2,1.32
2025-09-07,Detroit Tigers,Chicago White Sox,0,0,3.88,1,0,0,1.0,0,0,0,0,1,2,1.31
2025-09-10,Chicago White Sox,Tampa Bay Rays,1,0,3.81,1,0,0,1.0,0,0,0,0,0,1,1.29
2025-09-11,Chicago White Sox,Tampa Bay Rays,0,0,3.75,1,0,0,1.0,0,0,0,0,0,0,1.27
2025-09-17,Chicago White Sox,Baltimore Orioles,0,0,3.64,1,0,0,1.2,0,0,0,0,0,1,1.23
2025-09-19,Chicago White Sox,San Diego Padres,0,0,3.54,1,0,0,1.2,1,0,0,0,0,1,1.21
2025-09-21,Chicago White Sox,San Diego Padres,0,0,3.5,1,0,0,0.2,0,0,0,0,0,1,1.2
2025-09-23,New York Yankees,Chicago White Sox,0,0,3.45,1,0,0,1.0,0,0,0,0,1,1,1.2
2025-09-26,Washington Nationals,Chicago White Sox,0,0,3.98,1,0,0,0.2,3,4,4,2,1,2,1.25
2025-09-28,Washington Nationals,Chicago White Sox,0,0,3.92,1,0,0,1.0,0,0,0,0,0,2,1.23
