Date,Home Tm,Away Tm,W,L,ERA,G,GS,SV,IP,H,R,ER,HR,BB,SO,WHIP
2025-03-31,Houston Astros,San Francisco Giants,1,0,0.0,1,1,0,6.0,1,0,0,0,2,6,0.5
2025-04-06,San Francisco Giants,Seattle Mariners,0,0,2.38,1,1,0,5.1,6,3,3,2,1,5,0.88
2025-04-12,New York Yankees,San Francisco Giants,0,1,5.87,1,1,0,4.0,8,7,7,0,3,3,1.37
2025-04-17,Philadelphia Phillies,San Francisco Giants,0,1,6.04,1,1,0,7.0,6,5,5,0,4,5,1.39
2025-04-22,San Francisco Giants,Milwaukee Brewers,0,1,6.59,1,1,0,5.0,8,6,5,0,3,5,1.54
2025-04-27,San Francisco Giants,Texas Rangers,0,0,6.12,1,1,0,5.0,7,2,2,0,0,3,1.52
2025-05-03,San Francisco Giants,Colorado Rockies,0,0,6.03,1,1,0,5.0,3,3,3,0,2,7,1.45
2025-05-09,Minnesota Twins,San Francisco Giants,0,1,5.82,1,1,0,6.0,7,3,3,0,0,6,1.41
2025-05-14,San Francisco Giants,Arizona Diamondbacks,0,1,6.55,1,1,0,2.0,7,5,5,1,1,1,1.52
2025-05-19,San Francisco Giants,Kansas City Royals,0,0,6.6,1,0,0,1.0,2,1,1,0,1,0,1.55
2025-05-21,San Francisco Giants,Kansas City Royals,0,0,6.46,1,0,0,1.0,0,0,0,0,0,0,1.52
2025-05-26,Detroit Tigers,San Francisco Giants,0,0,6.33,1,0,0,1.0,0,0,0,0,0,1,1.49
2025-06-01,Miami Marlins,San Francisco Giants,0,0,6.47,1,0,0,0.1,0,1,1,0,3,1,1.54
2025-06-30,Boston Red Sox,Cincinnati Reds,0,0,6.34,1,0,0,1.0,0,0,0,0,0,1,1.51
2025-07-02,Boston Red Sox,Cincinnati Reds,0,0,6.44,1,0,0,0.2,3,3,1,0,1,0,1.57
2025-07-06,Washington Nationals,Boston Red Sox,0,0,6.49,1,0,1,1.0,1,1,1,0,1,1,1.58
2025-07-11,Boston Red Sox,Tampa Bay Rays,0,0,6.36,1,0,0,1.0,0,0,0,0,0,1,1.55
2025-07-20,Chicago Cubs,Boston Red Sox,0,0,6.24,1,0,0,1.0,0,0,0,0,0,1,1.52
2025-07-21,Philadelphia Phillies,Boston Red Sox,0,1,6.24,1,0,0,0.0,0,1,0,0,2,0,1.56
2025-07-23,Philadelphia Phillies,Boston Red Sox,0,0,6.17,1,0,0,0.2,1,0,0,0,0,0,1.56
2025-07-27,Boston Red Sox,Los Angeles Dodgers,0,0,5.98,1,0,1,1.2,0,0,0,0,1,1,1.53
2025-07-28,Minnesota Twins,Boston Red Sox,0,1,6.27,1,0,0,0.1,2,2,2,0,0,0,1.55
2025-08-02,Boston Red Sox,Houston Astros,0,0,6.16,1,0,0,1.0,2,0,0,0,1,2,1.58
2025-08-05,Boston Red Sox,Kansas City Royals,0,0,6.05,1,0,0,1.0,1,0,0,0,0,0,1.57
2025-08-06,Boston Red Sox,Kansas City Royals,0,0,6.41,1,0,0,1.0,3,3,3,1,0,1,1.59
2025-08-09,San Diego Padres,Boston Red Sox,0,0,6.23,1,0,0,1.2,0,0,0,0,1,2,1.57
2025-08-11,Houston Astros,Boston Red Sox,0,0,6.42,1,0,0,1.0,1,2,2,1,1,1,1.57
2025-08-18,Boston Red Sox,Baltimore Orioles,0,0,6.61,1,0,0,1.0,2,2,2,0,0,2,1.58
2025-08-19,Boston Red Sox,Baltimore Orioles,0,0,6.5,1,0,0,1.0,0,0,0,0,1,1,1.57
2025-08-23,New York Yankees,Boston Red Sox,0,0,6.4,1,0,0,1.0,0,0,0,0,1,0,1.56
2025-08-28,Baltimore Orioles,Boston Red Sox,1,0,6.3,1,0,0,1.0,1,0,0,0,1,0,1.57
2025-08-29,Boston Red Sox,Pittsburgh Pirates,0,0,6.41,1,0,0,0.1,2,1,1,0,0,0,1.59
2025-08-30,Boston Red Sox,Pittsburgh Pirates,0,0,6.45,1,0,0,1.0,2,1,1,0,1,0,1.61
2025-09-03,Boston Red Sox,Cleveland Guardians,0,0,6.95,1,0,0,0.1,4,4,4,1,0,1,1.66
