Date,Home Tm,Away Tm,W,L,ERA,G,GS,SV,IP,H,R,ER,HR,BB,SO,WHIP
2025-04-11,Arizona Diamondbacks,Milwaukee Brewers,1,0,0.0,1,1,0,7.0,4,0,0,0,0,2,0.57
2025-04-16,Milwaukee Brewers,Detroit Tigers,1,0,0.71,1,1,0,5.2,4,1,1,1,3,4,0.87
2025-04-22,San Francisco Giants,Milwaukee Brewers,1,0,0.96,1,1,0,6.0,6,1,1,0,2,3,1.02
2025-04-27,St. Louis Cardinals,Milwaukee Brewers,1,0,1.14,1,1,0,5.0,5,1,1,0,3,6,1.14
2025-05-03,Milwaukee Brewers,Chicago Cubs,0,1,2.83,1,1,0,5.0,7,6,6,3,1,6,1.22
2025-05-09,Tampa Bay Rays,Milwaukee Brewers,0,0,2.65,1,1,0,5.1,5,3,1,1,2,3,1.24
2025-06-01,Philadelphia Phillies,Milwaukee Brewers,0,0,2.77,1,1,0,5.0,4,2,2,0,4,3,1.28
2025-06-07,Milwaukee Brewers,San Diego Padres,0,0,2.66,1,1,0,5.0,5,1,1,0,3,4,1.32
2025-06-14,Milwaukee Brewers,St. Louis Cardinals,0,1,3.35,1,1,0,4.1,8,7,5,1,3,4,1.43
2025-06-21,Minnesota Twins,Milwaukee Brewers,1,0,2.98,1,1,0,6.0,3,0,0,0,4,1,1.4
2025-06-27,Milwaukee Brewers,Colorado Rockies,1,0,3.3,1,1,0,5.2,7,4,4,0,2,5,1.42
2025-07-03,New York Mets,Milwaukee Brewers,0,1,3.44,1,1,0,5.1,6,3,3,1,0,3,1.39
2025-07-09,Milwaukee Brewers,Los Angeles Dodgers,0,0,3.28,1,1,0,6.0,2,1,1,0,4,4,1.36
2025-07-20,Los Angeles Dodgers,Milwaukee Brewers,1,0,3.49,1,1,0,6.0,4,4,4,2,0,5,1.31
2025-07-26,Milwaukee Brewers,Miami Marlins,0,1,3.5,1,1,0,5.0,7,5,2,2,2,2,1.34
2025-08-01,Washington Nationals,Milwaukee Brewers,1,0,3.5,1,1,0,5.0,6,2,2,1,2,4,1.35
2025-08-06,Atlanta Braves,Milwaukee Brewers,1,0,3.57,1,1,0,6.0,7,3,3,1,0,7,1.34
2025-08-11,Milwaukee Brewers,Pittsburgh Pirates,1,0,3.44,1,1,0,6.0,3,1,1,1,1,3,1.3
2025-08-17,Cincinnati Reds,Milwaukee Brewers,0,0,3.32,1,1,0,6.1,5,1,1,0,1,4,1.28
2025-08-22,Milwaukee Brewers,San Francisco Giants,0,0,3.32,1,1,0,5.1,2,2,2,2,2,2,1.25
2025-08-28,Milwaukee Brewers,Arizona Diamondbacks,0,1,3.69,1,1,0,3.2,5,6,6,0,4,2,1.29
2025-09-03,Milwaukee Brewers,Philadelphia Phillies,1,0,3.72,1,1,0,6.1,7,3,3,1,3,6,1.31
2025-09-08,Texas Rangers,Milwaukee Brewers,0,1,3.88,1,1,0,6.2,4,5,5,1,2,4,1.28
2025-09-14,Milwaukee Brewers,St. Louis Cardinals,0,1,3.96,1,1,0,4.0,4,3,3,0,2,2,1.29
