Date,Home Tm,Away Tm,W,L,ERA,G,GS,SV,IP,H,R,ER,HR,BB,SO,WHIP
2025-03-27,Toronto Blue Jays,Baltimore Orioles,1,0,3.0,1,1,0,6.0,2,2,2,1,1,2,0.5
2025-04-02,Baltimore Orioles,Boston Red Sox,0,1,3.75,1,1,0,6.0,8,3,3,1,0,5,0.92
2025-04-07,Arizona Diamondbacks,Baltimore Orioles,1,0,3.0,1,1,0,6.0,4,1,1,0,0,1,0.83
2025-05-11,Los Angeles Angels,Baltimore Orioles,1,0,3.13,1,1,0,5.0,5,2,2,0,2,5,0.96
2025-05-18,Baltimore Orioles,Washington Nationals,0,1,5.08,1,1,0,5.1,10,8,8,4,0,4,1.13
2025-05-24,Boston Red Sox,Baltimore Orioles,0,0,5.4,1,1,0,5.0,5,5,4,3,2,1,1.17
2025-05-30,Baltimore Orioles,Chicago White Sox,1,0,4.46,1,1,0,7.0,4,0,0,0,1,6,1.09
2025-06-05,Seattle Mariners,Baltimore Orioles,1,0,4.47,1,1,0,6.0,8,3,3,1,0,7,1.12
2025-06-11,Baltimore Orioles,Detroit Tigers,1,0,4.08,1,1,0,6.2,5,1,1,0,1,5,1.09
2025-06-16,Tampa Bay Rays,Baltimore Orioles,0,1,4.81,1,1,0,5.0,12,7,7,2,2,2,1.24
2025-06-21,New York Yankees,Baltimore Orioles,0,1,5.46,1,1,0,3.0,10,6,6,3,2,4,1.38
2025-06-28,Baltimore Orioles,Tampa Bay Rays,0,1,5.95,1,1,0,1.0,5,4,4,1,0,0,1.44
2025-07-23,Cleveland Guardians,Baltimore Orioles,0,0,5.78,1,1,0,5.0,2,2,2,0,1,5,1.37
2025-07-28,Baltimore Orioles,Toronto Blue Jays,0,0,5.93,1,1,0,4.1,8,4,4,2,1,3,1.42
