Date,Home Tm,Away Tm,W,L,ERA,G,GS,SV,IP,H,R,ER,HR,BB,SO,WHIP
2025-03-30,San Diego Padres,Atlanta Braves,0,0,3.0,1,0,0,3.0,1,1,1,0,2,4,1.0
2025-04-05,Atlanta Braves,Miami Marlins,0,0,2.84,1,0,0,3.1,2,1,1,1,2,1,1.11
2025-04-10,Atlanta Braves,Philadelphia Phillies,1,0,2.45,1,0,0,1.0,0,1,0,0,3,0,1.36
2025-09-16,Washington Nationals,Atlanta Braves,1,0,2.51,1,1,0,7.0,6,2,2,0,2,9,1.26
2025-09-21,Detroit Tigers,Atlanta Braves,0,0,2.35,1,0,0,1.0,0,0,0,0,0,0,1.17
2025-09-22,Atlanta Braves,Washington Nationals,0,0,1.96,1,0,1,3.0,5,0,0,0,0,2,1.25
2025-09-27,Atlanta Braves,Pittsburgh Pirates,0,0,1.86,1,0,0,1.0,1,0,0,0,1,0,1.29
