Date,Home Tm,Away Tm,W,L,ERA,G,GS,SV,IP,H,R,ER,HR,BB,SO,WHIP
2025-03-29,Chicago White Sox,Los Angeles Angels,1,0,0.0,1,1,0,7.0,2,0,0,0,2,5,0.57
2025-04-04,Los Angeles Angels,Cleveland Guardians,0,1,3.65,1,1,0,5.1,5,5,5,2,3,9,0.97
2025-04-10,Tampa Bay Rays,Los Angeles Angels,1,0,2.7,1,1,0,7.2,5,1,1,0,3,4,1.0
2025-04-16,Texas Rangers,Los Angeles Angels,0,1,3.16,1,1,0,5.2,10,3,3,0,2,2,1.25
2025-04-22,Los Angeles Angels,Pittsburgh Pirates,0,1,4.34,1,1,0,3.1,8,5,5,1,4,2,1.52
2025-04-27,Minnesota Twins,Los Angeles Angels,0,1,4.5,1,1,0,5.0,5,4,3,0,1,4,1.47
2025-05-02,Los Angeles Angels,Detroit Tigers,0,0,3.83,1,1,0,6.0,6,0,0,0,1,5,1.43
2025-05-08,Los Angeles Angels,Toronto Blue Jays,0,0,4.0,1,1,0,5.0,8,3,3,0,4,6,1.53
2025-05-13,San Diego Padres,Los Angeles Angels,0,0,3.46,1,1,0,7.0,4,2,0,0,3,5,1.46
2025-05-19,Athletics,Los Angeles Angels,1,0,3.57,1,1,0,6.0,6,3,3,0,4,4,1.48
2025-05-24,Los Angeles Angels,Miami Marlins,0,1,3.73,1,1,0,4.2,7,3,3,0,3,1,1.53
2025-05-30,Cleveland Guardians,Los Angeles Angels,1,0,3.41,1,1,0,6.0,4,0,0,0,4,2,1.51
2025-06-04,Boston Red Sox,Los Angeles Angels,0,0,4.11,1,1,0,3.2,8,7,7,0,3,3,1.59
2025-06-10,Los Angeles Angels,Athletics,0,0,3.86,1,1,0,7.0,2,1,1,0,2,12,1.5
2025-06-16,New York Yankees,Los Angeles Angels,0,0,3.54,1,1,0,7.0,6,0,0,0,1,6,1.46
2025-06-21,Los Angeles Angels,Houston Astros,1,0,3.39,1,1,0,6.2,3,1,1,0,3,10,1.42
2025-06-27,Los Angeles Angels,Washington Nationals,0,0,3.99,1,1,0,4.0,9,8,8,1,2,4,1.47
2025-07-03,Atlanta Braves,Los Angeles Angels,1,0,3.72,1,1,0,7.0,3,0,0,0,2,7,1.42
2025-07-08,Los Angeles Angels,Texas Rangers,0,1,4.0,1,1,0,4.0,3,5,5,0,5,4,1.44
2025-07-13,Los Angeles Angels,Arizona Diamondbacks,0,1,3.9,1,1,0,5.0,5,5,1,0,3,3,1.45
2025-07-20,Philadelphia Phillies,Los Angeles Angels,1,0,3.83,1,1,0,7.0,6,2,2,1,2,5,1.43
2025-07-25,Los Angeles Angels,Seattle Mariners,0,0,3.79,1,1,0,6.0,4,2,2,2,1,5,1.4
2025-07-30,Los Angeles Angels,Texas Rangers,0,1,3.65,1,1,0,7.0,5,2,1,0,2,7,1.38
2025-08-05,Los Angeles Angels,Tampa Bay Rays,0,1,4.01,1,1,0,4.0,7,7,7,1,1,4,1.4
2025-08-11,Los Angeles Angels,Los Angeles Dodgers,1,0,3.84,1,1,0,6.0,2,0,0,0,2,6,1.37
2025-08-17,Athletics,Los Angeles Angels,0,0,4.0,1,1,0,5.2,8,5,5,3,1,5,1.38
2025-08-25,Texas Rangers,Los Angeles Angels,1,0,3.85,1,1,0,5.2,4,0,0,0,1,6,1.36
2025-08-31,Houston Astros,Los Angeles Angels,1,0,3.68,1,1,0,7.0,1,0,0,0,3,8,1.33
2025-09-05,Los Angeles Angels,Athletics,0,1,4.07,1,1,0,2.1,5,8,8,1,5,4,1.37
2025-09-11,Seattle Mariners,Los Angeles Angels,0,0,4.13,1,1,0,4.0,5,4,3,0,3,4,1.38
2025-09-17,Milwaukee Brewers,Los Angeles Angels,0,1,4.26,1,1,0,1.1,2,3,3,0,2,0,1.4
