Date,Home Tm,Away Tm,W,L,ERA,G,GS,SV,IP,H,R,ER,HR,BB,SO,WHIP
2025-04-28,Washington Nationals,New York Mets,0,0,15.0,1,0,1,3.0,7,5,5,2,1,3,2.67
2025-05-06,Los Angeles Angels,Toronto Blue Jays,0,0,8.59,1,1,0,4.1,4,2,2,1,1,2,1.77
2025-05-11,Seattle Mariners,Toronto Blue Jays,0,0,7.71,1,1,0,2.0,2,1,1,1,1,0,1.71
2025-05-15,Toronto Blue Jays,Tampa Bay Rays,0,0,8.71,1,0,0,1.0,2,2,2,1,1,0,1.84
2025-05-21,Toronto Blue Jays,San Diego Padres,0,0,7.3,1,0,0,2.0,2,0,0,0,0,1,1.7
2025-05-23,Tampa Bay Rays,Toronto Blue Jays,0,0,6.75,1,0,0,1.0,1,0,0,0,0,0,1.65
2025-05-29,Toronto Blue Jays,Athletics,0,0,5.87,1,0,0,2.0,1,0,0,0,0,2,1.5
2025-06-03,Los Angeles Dodgers,New York Mets,0,0,5.63,1,0,0,0.2,1,0,0,0,0,0,1.5
2025-06-05,Los Angeles Dodgers,New York Mets,0,0,5.4,1,0,0,2.1,3,1,1,0,1,2,1.53
2025-08-03,Cleveland Guardians,Minnesota Twins,0,0,5.24,1,1,0,4.0,5,2,2,1,1,3,1.52
2025-08-10,Minnesota Twins,Kansas City Royals,0,0,4.97,1,1,0,3.0,3,1,1,0,4,1,1.62
2025-08-15,Minnesota Twins,Detroit Tigers,0,0,4.06,1,0,0,5.2,2,0,0,0,1,3,1.42
2025-08-21,Minnesota Twins,Athletics,0,1,5.0,1,1,0,5.0,7,6,6,0,2,3,1.47
2025-09-05,Los Angeles Angels,Athletics,0,0,4.39,1,0,0,5.0,2,0,0,0,0,6,1.34
2025-09-10,Los Angeles Angels,Minnesota Twins,0,0,4.2,1,1,0,4.0,4,1,1,1,4,3,1.4
2025-09-14,Seattle Mariners,Los Angeles Angels,0,0,3.94,1,0,0,3.0,3,0,0,0,1,1,1.4
2025-09-17,Milwaukee Brewers,Los Angeles Angels,0,0,4.24,1,0,0,3.0,2,4,3,0,4,3,1.43
2025-09-23,Los Angeles Angels,Kansas City Royals,0,0,4.58,1,0,0,2.0,4,3,3,0,1,0,1.47
2025-09-27,Los Angeles Angels,Houston Astros,0,0,4.58,1,0,0,2.0,2,1,1,1,0,1,1.45
