Date,Home Tm,Away Tm,W,L,ERA,G,GS,SV,IP,H,R,ER,HR,BB,SO,WHIP
2025-03-30,Seattle Mariners,Athletics,0,1,2.7,1,1,0,6.2,5,2,2,1,0,7,0.75
2025-04-05,Colorado Rockies,Athletics,1,0,3.46,1,1,0,6.1,6,3,3,1,2,2,1.0
2025-04-11,Athletics,New York Mets,0,1,4.24,1,1,0,4.0,6,3,3,1,1,7,1.18
2025-04-17,Chicago White Sox,Athletics,1,0,3.13,1,1,0,6.0,3,0,0,0,2,2,1.09
2025-04-23,Athletics,Texas Rangers,1,0,3.21,1,1,0,5.0,5,2,2,1,1,5,1.11
2025-04-28,Texas Rangers,Athletics,1,0,2.94,1,1,0,5.2,5,1,1,0,0,7,1.07
2025-05-04,Miami Marlins,Athletics,0,0,2.93,1,1,0,6.1,4,2,2,0,0,2,1.0
2025-05-10,Athletics,New York Yankees,0,0,2.8,1,1,0,5.0,4,1,1,1,1,4,1.0
2025-05-16,San Francisco Giants,Athletics,0,1,3.31,1,1,0,4.0,6,4,4,1,3,2,1.1
2025-05-21,Athletics,Los Angeles Angels,0,1,4.0,1,1,0,5.0,8,6,6,4,0,4,1.15
2025-05-27,Houston Astros,Athletics,0,1,5.18,1,1,0,3.1,10,9,9,3,1,1,1.27
2025-06-01,Toronto Blue Jays,Athletics,0,0,5.05,1,1,0,5.0,7,2,2,0,0,3,1.28
2025-06-06,Athletics,Baltimore Orioles,1,0,5.21,1,1,0,5.0,4,4,4,2,3,3,1.29
2025-06-11,Los Angeles Angels,Athletics,0,0,5.08,1,1,0,5.1,4,2,2,0,0,9,1.25
2025-06-17,Athletics,Houston Astros,0,1,5.45,1,1,0,3.1,5,5,5,3,3,0,1.3
2025-06-22,Athletics,Cleveland Guardians,0,1,5.44,1,1,0,5.0,7,3,3,0,2,5,1.33
2025-06-28,New York Yankees,Athletics,1,0,5.09,1,1,0,5.2,2,0,0,0,3,4,1.3
2025-07-04,Athletics,San Francisco Giants,1,0,4.76,1,1,0,6.0,3,0,0,0,2,6,1.27
2025-07-10,Athletics,Atlanta Braves,0,0,4.79,1,1,0,5.0,4,3,3,1,0,6,1.25
2025-07-18,Cleveland Guardians,Athletics,0,1,5.13,1,1,0,4.0,6,7,6,2,2,5,1.28
2025-07-23,Texas Rangers,Athletics,0,0,4.98,1,1,0,5.0,3,1,1,1,0,7,1.25
2025-07-28,Athletics,Seattle Mariners,0,1,4.95,1,1,0,4.1,5,3,2,1,3,6,1.27
2025-08-04,Arizona Diamondbacks,San Diego Padres,0,1,5.12,1,1,0,5.0,10,5,5,1,1,4,1.31
2025-08-20,San Diego Padres,San Francisco Giants,1,0,4.94,1,1,0,6.0,4,1,1,1,1,2,1.29
2025-08-25,Seattle Mariners,San Diego Padres,0,0,5.01,1,1,0,3.2,5,4,3,2,1,2,1.3
2025-09-12,San Diego Padres,Colorado Rockies,0,1,5.12,1,1,0,4.1,5,4,4,2,1,8,1.3
2025-09-28,San Diego Padres,Arizona Diamondbacks,1,0,5.04,1,1,0,5.2,7,2,2,1,3,4,1.32
