Date,Home Tm,Away Tm,W,L,ERA,G,GS,SV,IP,H,R,ER,HR,BB,SO,WHIP
2025-06-21,New York Yankees,Baltimore Orioles,0,0,0.0,1,0,0,2.0,1,0,0,0,1,1,1.0
2025-06-25,Cincinnati Reds,New York Yankees,0,0,0.0,1,0,0,1.0,0,0,0,0,0,0,0.67
2025-06-29,New York Yankees,Athletics,0,0,10.8,1,0,0,0.1,2,4,4,0,3,0,2.1
2025-07-01,Toronto Blue Jays,New York Yankees,0,0,9.82,1,0,0,0.1,0,0,0,0,0,1,1.91
2025-07-05,New York Mets,New York Yankees,0,0,9.0,1,0,0,1.1,2,1,1,0,0,0,1.8
2025-07-10,New York Yankees,Seattle Mariners,0,0,7.5,1,0,0,1.0,1,0,0,0,0,1,1.67
2025-07-12,New York Yankees,Chicago Cubs,0,0,6.43,1,0,0,1.0,1,0,0,0,1,0,1.71
2025-07-18,Atlanta Braves,New York Yankees,0,0,4.5,1,0,0,3.0,0,0,0,0,1,4,1.3
2025-07-21,Toronto Blue Jays,New York Yankees,0,0,3.75,1,0,0,2.0,0,0,0,0,0,0,1.08
2025-07-23,Toronto Blue Jays,New York Yankees,0,0,3.46,1,0,0,1.0,1,0,0,0,1,1,1.15
2025-07-28,New York Yankees,Tampa Bay Rays,0,0,3.21,1,0,0,1.0,0,0,0,0,0,0,1.07
2025-08-03,Miami Marlins,New York Yankees,0,0,3.38,1,0,0,2.0,2,1,1,0,2,2,1.19
2025-09-03,Colorado Rockies,San Francisco Giants,0,0,4.42,1,0,0,2.1,3,3,3,0,1,2,1.25
2025-09-10,San Francisco Giants,Arizona Diamondbacks,0,0,3.98,1,0,0,2.0,1,0,0,0,0,2,1.18
2025-09-14,San Francisco Giants,Los Angeles Dodgers,0,0,4.03,1,0,0,2.0,4,1,1,0,0,1,1.25
2025-09-20,Los Angeles Dodgers,San Francisco Giants,0,0,3.65,1,0,0,2.1,1,0,0,0,1,3,1.22
2025-09-24,San Francisco Giants,St. Louis Cardinals,0,0,3.77,1,1,0,4.0,4,2,2,0,1,4,1.22
