Date,Home Tm,Away Tm,W,L,ERA,G,GS,SV,IP,H,R,ER,HR,BB,SO,WHIP
2025-04-08,Washington Nationals,Los Angeles Dodgers,0,1,14.4,1,1,0,5.0,8,8,8,2,3,4,2.2
2025-05-15,Los Angeles Dodgers,Athletics,1,0,8.0,1,0,0,4.0,1,0,0,0,0,4,1.33
2025-06-06,St. Louis Cardinals,Los Angeles Dodgers,0,1,7.2,1,1,0,6.0,6,4,4,1,3,5,1.4
2025-06-13,Los Angeles Dodgers,San Francisco Giants,0,0,6.05,1,0,0,4.1,4,1,1,1,0,5,1.29
2025-06-18,Los Angeles Dodgers,San Diego Padres,1,0,5.18,1,0,0,5.0,4,2,1,0,0,3,1.19
2025-06-24,Colorado Rockies,Los Angeles Dodgers,1,0,4.91,1,0,0,5.0,5,2,2,0,2,7,1.23
2025-06-29,Kansas City Royals,Los Angeles Dodgers,1,0,4.08,1,0,0,6.0,3,0,0,0,1,6,1.13
2025-07-05,Los Angeles Dodgers,Houston Astros,0,1,4.5,1,0,0,4.2,7,5,4,1,1,6,1.2
2025-07-27,Boston Red Sox,Los Angeles Dodgers,0,0,4.29,1,0,0,2.0,1,0,0,0,1,1,1.19
2025-08-01,Tampa Bay Rays,Los Angeles Dodgers,0,0,4.0,1,0,1,3.0,1,0,0,0,0,5,1.13
2025-08-06,Los Angeles Dodgers,St. Louis Cardinals,0,0,3.94,1,0,0,3.0,5,1,1,0,1,4,1.19
2025-08-10,Los Angeles Dodgers,Toronto Blue Jays,0,0,3.88,1,0,0,0.2,1,0,0,0,0,2,1.19
2025-08-13,Los Angeles Angels,Los Angeles Dodgers,0,1,4.09,1,0,0,2.0,1,2,2,0,2,1,1.2
2025-08-18,Colorado Rockies,Los Angeles Dodgers,0,1,4.24,1,0,0,0.1,2,1,1,0,0,0,1.24
2025-08-23,San Diego Padres,Los Angeles Dodgers,0,0,4.33,1,0,0,3.0,1,2,2,0,2,2,1.22
2025-08-27,Los Angeles Dodgers,Cincinnati Reds,0,0,4.25,1,0,0,1.0,3,0,0,0,1,2,1.27
2025-09-03,Pittsburgh Pirates,Los Angeles Dodgers,0,0,4.11,1,0,0,2.0,0,0,0,0,0,2,1.23
2025-09-07,Baltimore Orioles,Los Angeles Dodgers,0,0,3.97,1,0,0,2.0,2,0,0,0,0,5,1.22
2025-09-13,San Francisco Giants,Los Angeles Dodgers,0,0,3.82,1,0,0,2.1,0,0,0,0,0,4,1.17
2025-09-16,Los Angeles Dodgers,Philadelphia Phillies,0,0,4.52,1,0,0,0.1,5,5,5,1,0,0,1.25
2025-09-19,Los Angeles Dodgers,San Francisco Giants,0,0,4.57,1,0,0,1.1,2,1,1,0,0,3,1.25
2025-09-20,Los Angeles Dodgers,San Francisco Giants,0,0,4.52,1,0,0,0.2,0,0,0,0,0,0,1.24
2025-09-24,Arizona Diamondbacks,Los Angeles Dodgers,0,0,4.45,1,0,1,1.0,0,0,0,0,0,2,1.22
2025-09-26,Seattle Mariners,Los Angeles Dodgers,1,0,4.32,1,0,0,2.0,3,0,0,0,0,3,1.23
