Date,Home Tm,Away Tm,W,L,ERA,G,GS,SV,IP,H,R,ER,HR,BB,SO,WHIP
2025-03-28,Seattle Mariners,Athletics,0,0,0.0,1,0,0,0.2,0,0,0,0,2,1,3.0
2025-03-30,Seattle Mariners,Athletics,0,0,0.0,1,0,0,1.1,0,0,0,0,0,2,1.0
2025-04-01,Athletics,Chicago Cubs,0,0,0.0,1,0,0,1.1,0,0,0,0,0,1,0.6
2025-04-04,Colorado Rockies,Athletics,0,0,0.0,1,0,0,1.0,1,0,0,0,1,3,0.92
2025-04-05,Colorado Rockies,Athletics,0,0,0.0,1,0,0,0.2,0,0,0,0,0,1,0.8
2025-04-08,Athletics,San Diego Padres,0,0,0.0,1,0,0,1.0,1,0,0,0,0,1,0.83
2025-04-09,Athletics,San Diego Padres,0,0,0.0,1,0,0,0.2,1,0,0,0,1,2,1.05
2025-04-12,Athletics,New York Mets,0,0,0.0,1,0,0,1.2,0,0,0,0,0,1,0.84
2025-04-15,Chicago White Sox,Athletics,0,0,0.0,1,0,0,1.0,1,0,0,0,1,2,0.96
2025-04-18,Milwaukee Brewers,Athletics,0,0,0.0,1,0,0,1.0,1,0,0,0,1,0,1.06
2025-04-23,Athletics,Texas Rangers,0,0,0.0,1,0,0,1.0,0,0,0,0,0,0,0.97
2025-04-25,Athletics,Chicago White Sox,1,0,0.0,1,0,0,1.1,0,0,0,0,1,1,0.95
2025-04-27,Athletics,Chicago White Sox,0,0,0.0,1,0,0,1.0,1,0,0,0,1,1,1.02
2025-04-30,Texas Rangers,Athletics,0,0,0.0,1,0,0,1.0,0,0,0,0,1,2,1.02
2025-05-01,Texas Rangers,Athletics,0,0,0.0,1,0,0,1.0,0,0,0,0,0,1,0.96
2025-05-03,Miami Marlins,Athletics,0,0,0.0,1,0,0,1.0,0,0,0,0,0,1,0.9
2025-05-06,Athletics,Seattle Mariners,0,0,0.0,1,0,0,1.2,1,0,0,0,0,3,0.87
2025-05-07,Athletics,Seattle Mariners,0,0,0.0,1,0,0,0.1,0,0,0,0,0,1,0.86
2025-05-10,Athletics,New York Yankees,0,0,2.33,1,0,0,0.2,3,5,5,2,2,0,1.09
2025-05-13,Los Angeles Dodgers,Athletics,0,0,2.21,1,0,0,1.0,1,0,0,0,0,1,1.08
2025-05-17,San Francisco Giants,Athletics,0,0,2.01,1,0,0,2.0,1,0,0,0,1,2,1.07
2025-05-18,San Francisco Giants,Athletics,0,0,1.99,1,0,0,0.1,0,0,0,0,1,0,1.1
2025-05-20,Athletics,Los Angeles Angels,0,0,1.88,1,0,0,1.1,1,0,0,0,0,1,1.08
2025-05-23,Athletics,Philadelphia Phillies,0,0,1.8,1,0,0,1.0,1,0,0,0,0,1,1.08
2025-05-24,Athletics,Philadelphia Phillies,0,0,1.78,1,0,0,0.1,1,0,0,0,0,0,1.11
2025-05-28,Houston Astros,Athletics,0,1,2.77,1,0,0,0.2,4,3,3,1,1,0,1.27
2025-05-30,Toronto Blue Jays,Athletics,0,0,3.08,1,0,0,0.1,2,1,1,0,0,0,1.33
2025-06-01,Toronto Blue Jays,Athletics,0,1,4.1,1,0,0,0.0,3,4,3,1,0,0,1.44
2025-06-04,Athletics,Minnesota Twins,0,1,4.28,1,1,0,1.0,1,1,1,1,0,1,1.43
2025-07-01,Tampa Bay Rays,Athletics,0,0,4.45,1,0,0,1.0,1,1,1,1,0,0,1.41
2025-07-05,Athletics,San Francisco Giants,0,0,4.2,1,0,0,1.2,1,0,0,0,1,0,1.4
2025-07-08,Athletics,Atlanta Braves,0,0,3.94,1,0,0,2.0,0,0,0,0,0,2,1.31
2025-07-10,Athletics,Atlanta Braves,1,0,3.71,1,0,0,2.0,0,0,0,0,0,2,1.24
2025-07-13,Athletics,Toronto Blue Jays,0,0,3.67,1,0,0,0.1,0,0,0,0,0,1,1.22
2025-07-19,Cleveland Guardians,Athletics,0,0,3.57,1,0,0,1.0,0,0,0,0,1,1,1.22
2025-07-22,Texas Rangers,Athletics,0,0,4.0,1,0,0,0.2,2,2,2,0,0,0,1.25
2025-07-26,Houston Astros,Athletics,1,0,4.06,1,0,0,1.2,2,1,1,0,0,1,1.25
2025-07-28,Athletics,Seattle Mariners,0,0,3.99,1,0,0,0.2,1,0,0,0,0,0,1.25
2025-07-30,Athletics,Seattle Mariners,0,0,4.35,1,0,0,1.0,1,2,2,1,1,0,1.27
2025-08-02,Athletics,Arizona Diamondbacks,0,0,4.43,1,0,0,1.1,1,1,1,1,0,3,1.25
2025-08-05,Washington Nationals,Athletics,0,0,4.32,1,0,0,1.0,0,0,0,0,0,0,1.22
2025-08-07,Washington Nationals,Athletics,0,0,4.19,1,0,0,1.1,0,0,0,0,0,2,1.19
2025-08-10,Baltimore Orioles,Athletics,0,0,4.26,1,0,0,1.1,2,1,1,0,0,3,1.2
2025-08-12,Athletics,Tampa Bay Rays,0,0,4.17,1,0,0,1.0,0,0,0,0,0,1,1.17
2025-08-15,Athletics,Los Angeles Angels,0,0,4.08,1,0,0,1.0,0,0,0,0,0,0,1.14
2025-08-16,Athletics,Los Angeles Angels,0,0,3.99,1,0,0,1.0,0,0,0,0,1,1,1.14
2025-08-19,Minnesota Twins,Athletics,0,0,3.83,1,0,0,2.0,2,0,0,0,0,2,1.14
2025-08-22,Seattle Mariners,Athletics,0,0,3.75,1,0,0,1.0,1,0,0,0,0,1,1.13
2025-08-26,Athletics,Detroit Tigers,0,0,3.81,1,0,0,1.2,1,1,1,1,0,1,1.12
2025-08-27,Athletics,Detroit Tigers,0,0,3.74,1,0,0,1.0,0,0,0,0,0,3,1.09
2025-09-01,St. Louis Cardinals,Athletics,0,0,3.64,1,0,0,1.1,1,0,0,0,0,1,1.09
2025-09-05,Los Angeles Angels,Athletics,0,0,3.51,1,0,0,2.0,0,0,0,0,0,4,1.05
2025-09-10,Athletics,Boston Red Sox,0,0,3.39,1,0,0,2.0,0,0,0,0,0,2,1.01
2025-09-12,Athletics,Cincinnati Reds,0,0,3.34,1,0,0,1.0,2,0,0,0,0,2,1.03
2025-09-14,Athletics,Cincinnati Reds,0,0,3.43,1,0,0,1.0,1,1,1,1,0,1,1.03
2025-09-17,Boston Red Sox,Athletics,0,0,3.36,1,0,0,1.1,2,0,0,0,1,2,1.05
2025-09-19,Pittsburgh Pirates,Athletics,0,0,3.3,1,0,0,1.0,0,0,0,0,1,2,1.05
2025-09-23,Athletics,Houston Astros,0,0,3.25,1,0,0,1.0,0,0,0,0,1,0,1.05
2025-09-26,Athletics,Kansas City Royals,1,0,3.18,1,0,0,1.1,1,0,0,0,0,2,1.05
