Date,Home Tm,Away Tm,W,L,ERA,G,GS,SV,IP,H,R,ER,HR,BB,SO,WHIP
2025-04-16,Minnesota Twins,New York Mets,0,0,2.7,1,0,0,3.1,3,1,1,0,0,4,0.9
2025-06-19,Atlanta Braves,New York Mets,0,0,1.5,1,0,0,2.2,2,0,0,0,0,1,0.83
2025-07-04,New York Mets,New York Yankees,0,0,4.35,1,1,0,4.1,5,4,4,3,0,5,0.97
2025-07-10,Baltimore Orioles,New York Mets,0,1,5.11,1,0,0,2.0,4,3,2,0,1,3,1.22
2025-08-06,New York Mets,Cleveland Guardians,0,0,4.4,1,0,0,2.0,2,0,0,0,0,1,1.19
2025-08-09,Milwaukee Brewers,New York Mets,0,0,4.11,1,0,0,1.0,0,0,0,0,0,1,1.11
2025-08-12,New York Mets,Atlanta Braves,0,0,3.26,1,0,1,4.0,0,0,0,0,1,5,0.93
2025-09-03,Detroit Tigers,New York Mets,0,0,3.05,1,0,0,1.1,0,0,0,0,0,0,0.87
2025-09-09,Philadelphia Phillies,New York Mets,0,0,4.56,1,0,0,3.0,8,5,5,1,0,3,1.1
