Date,Home Tm,Away Tm,W,L,ERA,G,GS,SV,IP,H,R,ER,HR,BB,SO,WHIP
2025-03-27,St. Louis Cardinals,Minnesota Twins,0,0,0.0,1,0,0,0.1,0,0,0,0,1,0,3.0
2025-03-29,St. Louis Cardinals,Minnesota Twins,0,0,0.0,1,0,0,0.2,0,0,0,0,0,1,1.0
2025-03-31,Chicago White Sox,Minnesota Twins,0,0,0.0,1,0,0,1.0,0,0,0,0,1,1,1.0
2025-04-05,Minnesota Twins,Houston Astros,0,0,0.0,1,0,0,1.0,1,0,0,0,0,2,1.0
2025-04-06,Minnesota Twins,Houston Astros,0,0,0.0,1,0,0,1.0,0,0,0,0,0,1,0.75
2025-04-11,Minnesota Twins,Detroit Tigers,0,0,0.0,1,0,0,1.2,2,1,0,0,0,0,0.88
2025-04-14,Minnesota Twins,New York Mets,0,1,1.35,1,0,0,1.0,2,2,1,0,0,1,1.05
2025-04-19,Atlanta Braves,Minnesota Twins,0,0,2.35,1,1,0,1.0,3,1,1,0,0,1,1.3
2025-04-23,Minnesota Twins,Chicago White Sox,1,0,2.08,1,0,0,1.0,1,0,0,0,0,0,1.27
2025-04-25,Minnesota Twins,Los Angeles Angels,0,0,1.86,1,0,0,1.0,0,0,0,0,0,1,1.14
2025-04-27,Minnesota Twins,Los Angeles Angels,0,0,1.54,1,0,0,2.0,0,0,0,0,1,2,1.03
2025-05-01,Cleveland Guardians,Minnesota Twins,0,1,2.25,1,0,0,0.1,2,2,1,0,1,0,1.25
2025-05-08,Minnesota Twins,Baltimore Orioles,0,0,2.08,1,0,0,1.0,0,0,0,0,0,1,1.15
2025-05-14,Baltimore Orioles,Minnesota Twins,0,0,1.98,1,0,0,0.2,1,0,0,0,0,0,1.17
2025-05-17,Milwaukee Brewers,Minnesota Twins,0,0,1.84,1,0,0,1.0,1,0,0,0,1,1,1.23
2025-05-18,Milwaukee Brewers,Minnesota Twins,0,0,1.72,1,0,0,1.0,0,0,0,0,0,0,1.15
2025-05-24,Minnesota Twins,Kansas City Royals,0,0,2.7,1,0,0,1.0,4,2,2,0,1,1,1.38
2025-05-26,Tampa Bay Rays,Minnesota Twins,0,0,2.5,1,0,0,1.1,0,0,0,0,1,0,1.33
2025-05-31,Seattle Mariners,Minnesota Twins,0,0,2.37,1,0,0,1.0,0,0,0,0,0,0,1.26
2025-06-02,Athletics,Minnesota Twins,0,0,2.25,1,0,0,1.0,1,0,0,0,0,2,1.25
2025-06-03,Athletics,Minnesota Twins,0,0,2.14,1,0,0,1.0,1,0,0,0,0,1,1.24
2025-06-06,Minnesota Twins,Toronto Blue Jays,0,0,2.45,1,0,0,1.0,2,1,1,0,0,0,1.27
2025-06-10,Minnesota Twins,Texas Rangers,0,0,3.47,1,0,0,1.1,4,3,3,1,0,0,1.37
2025-06-13,Houston Astros,Minnesota Twins,0,0,3.2,1,0,0,2.0,0,0,0,0,0,3,1.26
2025-06-17,Cincinnati Reds,Minnesota Twins,0,0,3.04,1,0,0,1.1,0,0,0,0,1,1,1.24
2025-06-19,Cincinnati Reds,Minnesota Twins,0,0,2.93,1,0,0,1.0,0,0,0,0,0,2,1.19
2025-06-20,Minnesota Twins,Milwaukee Brewers,0,0,4.5,1,0,0,0.1,4,5,5,0,1,1,1.36
2025-06-22,Minnesota Twins,Milwaukee Brewers,0,0,4.34,1,0,0,1.0,1,0,0,0,0,0,1.34
2025-06-26,Minnesota Twins,Seattle Mariners,0,0,4.2,1,0,0,1.0,0,0,0,0,0,0,1.3
2025-06-29,Detroit Tigers,Minnesota Twins,0,0,3.94,1,0,0,2.0,2,0,0,0,1,3,1.31
2025-07-03,Miami Marlins,Minnesota Twins,0,0,3.82,1,0,0,1.0,2,0,0,0,0,1,1.33
2025-07-06,Minnesota Twins,Tampa Bay Rays,0,1,3.97,1,0,0,1.0,2,3,1,0,0,0,1.35
2025-07-10,Minnesota Twins,Chicago Cubs,0,0,4.0,1,0,0,2.0,2,1,1,0,0,1,1.33
2025-07-12,Minnesota Twins,Pittsburgh Pirates,0,0,3.82,1,0,0,1.2,3,0,0,0,0,3,1.35
2025-07-18,Colorado Rockies,Minnesota Twins,0,0,3.72,1,0,0,1.0,1,0,0,0,0,1,1.34
2025-07-19,Colorado Rockies,Minnesota Twins,0,0,4.08,1,0,0,1.0,3,2,2,0,0,1,1.39
2025-07-26,Minnesota Twins,Washington Nationals,0,0,4.1,1,0,0,2.0,2,1,1,1,0,2,1.37
2025-07-28,Minnesota Twins,Boston Red Sox,0,0,3.98,1,0,0,1.1,1,0,0,0,0,1,1.35
2025-07-30,Minnesota Twins,Boston Red Sox,0,0,4.12,1,0,0,0.2,1,1,1,0,2,2,1.4
2025-08-01,Cleveland Guardians,Minnesota Twins,0,0,4.03,1,0,0,1.0,1,0,0,0,0,0,1.39
2025-08-03,Cleveland Guardians,Minnesota Twins,0,0,3.94,1,0,0,1.0,0,0,0,0,0,2,1.36
2025-08-05,Detroit Tigers,Minnesota Twins,0,0,3.86,1,0,1,1.0,0,0,0,0,0,1,1.33
2025-08-09,Minnesota Twins,Kansas City Royals,0,0,3.78,1,0,0,1.0,1,0,0,0,0,0,1.32
2025-08-10,Minnesota Twins,Kansas City Royals,0,0,3.7,1,0,0,1.0,1,0,0,0,1,2,1.34
2025-08-13,New York Yankees,Minnesota Twins,0,0,3.55,1,0,1,2.0,1,0,0,0,0,1,1.3
2025-08-16,Minnesota Twins,Detroit Tigers,0,0,3.66,1,0,0,1.0,2,2,1,0,0,2,1.32
2025-08-20,Minnesota Twins,Athletics,0,0,3.59,1,0,0,1.0,1,0,0,0,2,1,1.35
2025-08-22,Chicago White Sox,Minnesota Twins,0,0,3.48,1,0,1,1.2,2,0,0,0,1,0,1.36
2025-08-26,Toronto Blue Jays,Minnesota Twins,0,0,3.58,1,0,1,1.0,2,1,1,0,0,1,1.37
2025-08-29,Minnesota Twins,San Diego Padres,0,0,3.67,1,0,0,1.0,2,1,1,0,1,0,1.4
2025-09-01,Minnesota Twins,Chicago White Sox,0,1,3.92,1,0,0,1.0,3,2,2,0,0,0,1.43
2025-09-03,Minnesota Twins,Chicago White Sox,0,1,4.03,1,0,0,0.2,2,1,1,0,0,1,1.45
2025-09-05,Kansas City Royals,Minnesota Twins,0,0,3.97,1,0,0,1.0,0,0,0,0,0,0,1.42
2025-09-07,Kansas City Royals,Minnesota Twins,0,0,3.9,1,0,0,1.0,1,0,0,0,1,0,1.43
