Date,Home Tm,Away Tm,W,L,ERA,G,GS,SV,IP,H,R,ER,HR,BB,SO,WHIP
2025-03-29,Cincinnati Reds,San Francisco Giants,0,0,3.6,1,1,0,5.0,6,2,2,1,1,5,1.4
2025-04-04,San Francisco Giants,Seattle Mariners,0,0,6.14,1,1,0,2.1,5,3,3,1,2,2,1.91
2025-04-09,San Francisco Giants,Cincinnati Reds,0,0,6.92,1,1,0,5.2,5,6,5,0,3,9,1.69
2025-04-15,Philadelphia Phillies,San Francisco Giants,0,1,6.75,1,1,0,5.2,8,4,4,1,3,1,1.77
2025-04-20,Los Angeles Angels,San Francisco Giants,0,0,5.47,1,1,0,6.0,2,1,1,1,2,6,1.5
2025-04-25,San Francisco Giants,Texas Rangers,0,1,4.7,1,1,0,6.0,4,2,1,0,1,5,1.37
2025-05-01,San Francisco Giants,Colorado Rockies,0,0,4.38,1,1,0,6.1,5,2,2,1,1,4,1.3
2025-05-06,Chicago Cubs,San Francisco Giants,0,0,4.5,1,1,0,5.0,5,3,3,1,2,3,1.31
2025-05-12,San Francisco Giants,Arizona Diamondbacks,0,1,4.31,1,1,0,6.0,9,2,2,2,1,5,1.35
2025-05-18,San Francisco Giants,Athletics,0,0,4.33,1,1,0,4.0,3,2,2,0,5,1,1.4
2025-06-18,San Francisco Giants,Cleveland Guardians,0,1,4.45,1,1,0,4.2,7,4,3,1,1,6,1.43
2025-06-24,San Francisco Giants,Miami Marlins,0,1,4.52,1,1,0,5.0,5,3,3,0,1,5,1.41
2025-06-29,Chicago White Sox,San Francisco Giants,0,0,4.26,1,1,0,6.0,5,1,1,0,2,3,1.39
2025-07-04,Athletics,San Francisco Giants,0,1,4.84,1,1,0,3.0,7,6,6,0,1,5,1.44
2025-07-09,San Francisco Giants,Philadelphia Phillies,0,1,4.7,1,1,0,6.0,7,4,2,1,0,7,1.42
2025-07-18,Toronto Blue Jays,San Francisco Giants,0,1,4.99,1,1,0,2.2,9,4,4,0,2,0,1.51
2025-07-23,Atlanta Braves,San Francisco Giants,1,0,4.7,1,1,0,5.0,1,0,0,0,5,3,1.49
2025-07-29,San Francisco Giants,Pittsburgh Pirates,0,0,4.53,1,1,0,5.0,6,1,1,1,1,7,1.49
2025-08-04,Pittsburgh Pirates,San Francisco Giants,0,0,4.29,1,1,0,5.0,3,1,0,0,1,4,1.45
2025-08-10,San Francisco Giants,Washington Nationals,0,1,4.53,1,1,0,5.0,11,5,5,1,1,6,1.5
2025-08-16,San Francisco Giants,Tampa Bay Rays,0,0,4.23,1,1,0,7.0,2,0,0,0,0,8,1.42
2025-08-21,San Diego Padres,San Francisco Giants,0,1,4.55,1,1,0,4.1,6,7,6,0,1,4,1.43
2025-08-26,San Francisco Giants,Chicago Cubs,1,0,4.47,1,1,0,6.0,7,2,2,0,2,5,1.43
2025-08-31,San Francisco Giants,Baltimore Orioles,1,0,4.29,1,1,0,5.0,3,0,0,0,4,10,1.43
2025-09-06,St. Louis Cardinals,San Francisco Giants,0,0,4.09,1,1,0,6.0,3,0,0,0,0,6,1.39
2025-09-12,San Francisco Giants,Los Angeles Dodgers,0,0,3.94,1,1,0,7.0,4,1,1,1,4,4,1.37
2025-09-17,Arizona Diamondbacks,San Francisco Giants,0,0,3.75,1,1,0,7.0,3,0,0,0,2,3,1.34
2025-09-22,San Francisco Giants,St. Louis Cardinals,0,1,3.88,1,1,0,4.1,9,6,4,1,2,3,1.38
2025-09-27,San Francisco Giants,Colorado Rockies,1,0,3.85,1,1,0,6.0,5,2,2,2,1,7,1.36
