Date,Home Tm,Away Tm,W,L,ERA,G,GS,SV,IP,H,R,ER,HR,BB,SO,WHIP
2025-08-02,New York Mets,San Francisco Giants,0,1,13.5,1,1,0,3.1,4,5,5,1,3,4,2.1
2025-08-08,San Francisco Giants,Washington Nationals,1,0,5.4,1,0,0,5.0,3,0,0,0,1,4,1.32
2025-08-13,San Francisco Giants,San Diego Padres,0,1,9.9,1,1,0,1.2,4,7,6,0,4,0,1.9
2025-08-19,San Diego Padres,San Francisco Giants,0,1,8.78,1,1,0,3.1,3,3,2,0,1,4,1.73
2025-09-01,Colorado Rockies,San Francisco Giants,1,0,7.23,1,1,0,5.1,9,2,2,0,0,8,1.71
2025-09-07,St. Louis Cardinals,San Francisco Giants,0,1,7.54,1,1,0,4.0,3,4,4,0,5,8,1.76
2025-09-15,Arizona Diamondbacks,San Francisco Giants,0,0,6.41,1,1,0,4.0,2,1,0,0,1,5,1.61
2025-09-20,Los Angeles Dodgers,San Francisco Giants,0,0,6.37,1,1,0,3.0,1,2,2,1,2,6,1.55
