Date,Home Tm,Away Tm,W,L,ERA,G,GS,SV,IP,H,R,ER,HR,BB,SO,WHIP
2025-03-27,Toronto Blue Jays,Baltimore Orioles,0,0,0.0,1,0,0,1.0,0,0,0,0,2,0,2.0
2025-03-29,Toronto Blue Jays,Baltimore Orioles,0,0,0.0,1,0,0,0.2,1,0,0,0,0,1,1.8
2025-03-31,Baltimore Orioles,Boston Red Sox,0,0,0.0,1,0,0,1.0,0,0,0,0,0,2,1.13
2025-04-03,Baltimore Orioles,Boston Red Sox,0,0,4.91,1,0,0,1.0,2,2,2,1,0,0,1.36
2025-04-05,Kansas City Royals,Baltimore Orioles,0,0,3.18,1,0,0,2.0,0,0,0,0,2,2,1.24
2025-04-08,Arizona Diamondbacks,Baltimore Orioles,0,0,2.57,1,0,0,1.1,1,0,0,0,0,0,1.14
2025-04-12,Baltimore Orioles,Toronto Blue Jays,0,0,2.45,1,0,0,0.1,0,0,0,0,0,0,1.09
2025-04-13,Baltimore Orioles,Toronto Blue Jays,0,0,3.38,1,0,0,0.2,2,1,1,0,1,1,1.38
2025-04-16,Baltimore Orioles,Cleveland Guardians,0,0,3.0,1,0,0,1.0,0,0,0,0,0,2,1.22
2025-04-17,Baltimore Orioles,Cleveland Guardians,0,0,2.79,1,0,0,0.2,1,0,0,0,0,1,1.24
2025-04-19,Baltimore Orioles,Cincinnati Reds,0,0,3.6,1,0,0,0.1,2,1,1,0,1,0,1.5
2025-04-22,Washington Nationals,Baltimore Orioles,0,0,3.27,1,0,0,1.0,1,0,0,0,0,1,1.45
2025-04-26,Detroit Tigers,Baltimore Orioles,0,0,2.84,1,1,0,1.2,0,0,0,0,1,1,1.34
2025-04-28,Baltimore Orioles,New York Yankees,0,0,2.57,1,0,0,1.1,0,0,0,0,0,3,1.21
2025-04-30,Baltimore Orioles,New York Yankees,0,0,3.0,1,0,0,1.0,2,1,1,0,1,3,1.33
2025-05-04,Baltimore Orioles,Kansas City Royals,0,0,2.81,1,0,0,1.0,1,0,0,0,0,1,1.31
2025-05-07,Minnesota Twins,Baltimore Orioles,0,0,3.18,1,0,0,1.0,1,1,1,1,0,1,1.29
2025-05-09,Los Angeles Angels,Baltimore Orioles,0,0,3.12,1,0,0,0.1,0,0,0,0,0,0,1.27
2025-05-14,Baltimore Orioles,Minnesota Twins,0,0,3.26,1,0,0,2.0,2,2,1,0,2,2,1.34
2025-05-16,Baltimore Orioles,Washington Nationals,0,0,3.54,1,0,0,1.0,1,1,1,1,0,1,1.33
2025-05-18,Baltimore Orioles,Washington Nationals,0,0,3.27,1,0,0,1.2,0,0,0,0,0,2,1.23
2025-05-20,Milwaukee Brewers,Baltimore Orioles,0,0,3.13,1,1,0,1.0,0,0,0,0,1,2,1.22
2025-05-24,Boston Red Sox,Baltimore Orioles,0,0,3.0,1,0,0,1.0,1,0,0,0,1,1,1.25
2025-05-25,Boston Red Sox,Baltimore Orioles,0,0,2.88,1,0,0,1.0,1,0,0,0,0,1,1.24
2025-05-27,Baltimore Orioles,St. Louis Cardinals,0,0,3.2,1,0,0,0.1,2,1,1,0,1,0,1.34
2025-05-31,Baltimore Orioles,Chicago White Sox,0,0,3.12,1,0,0,0.2,0,0,0,0,1,0,1.35
2025-06-05,Seattle Mariners,Baltimore Orioles,0,0,3.0,1,0,0,1.0,0,0,0,0,0,1,1.3
2025-06-06,Athletics,Baltimore Orioles,0,0,2.96,1,0,0,0.1,0,0,0,0,0,1,1.28
2025-06-07,Athletics,Baltimore Orioles,1,0,2.93,1,0,0,0.1,1,0,0,0,0,0,1.3
2025-06-11,Baltimore Orioles,Detroit Tigers,0,0,2.89,1,0,0,0.1,0,0,0,0,0,1,1.29
2025-06-12,Baltimore Orioles,Detroit Tigers,0,0,2.79,1,1,0,1.0,1,0,0,0,1,2,1.31
2025-06-14,Baltimore Orioles,Los Angeles Angels,1,0,2.97,1,0,0,1.1,1,1,1,1,0,2,1.29
2025-06-17,Tampa Bay Rays,Baltimore Orioles,0,0,2.81,1,0,0,1.2,2,0,0,0,1,1,1.31
2025-06-20,New York Yankees,Baltimore Orioles,0,0,2.7,1,0,0,1.1,1,0,0,0,2,0,1.35
2025-06-22,New York Yankees,Baltimore Orioles,0,0,2.67,1,0,0,0.1,0,0,0,0,0,0,1.34
2025-06-24,Baltimore Orioles,Texas Rangers,0,0,2.83,1,0,0,1.1,3,1,1,0,0,0,1.37
2025-06-27,Baltimore Orioles,Tampa Bay Rays,0,0,3.0,1,0,0,1.0,3,1,1,0,0,1,1.42
2025-06-29,Baltimore Orioles,Tampa Bay Rays,0,0,2.92,1,0,0,1.0,1,0,0,0,0,1,1.41
2025-06-30,Texas Rangers,Baltimore Orioles,1,0,3.32,1,0,0,1.0,2,3,2,1,0,0,1.42
2025-07-29,Baltimore Orioles,Toronto Blue Jays,0,0,3.23,1,0,0,1.0,1,0,0,0,1,0,1.44
2025-08-02,Chicago Cubs,Baltimore Orioles,0,0,3.15,1,0,1,1.0,0,0,0,0,2,2,1.45
2025-08-03,Chicago Cubs,Baltimore Orioles,0,1,3.38,1,0,0,0.0,1,2,1,1,0,0,1.48
2025-08-06,Philadelphia Phillies,Baltimore Orioles,0,0,3.29,1,0,0,1.0,0,0,0,0,1,0,1.46
2025-08-08,Baltimore Orioles,Athletics,0,0,3.21,1,0,1,1.0,0,0,0,0,0,1,1.43
2025-08-10,Baltimore Orioles,Athletics,0,1,3.56,1,0,0,1.0,2,2,2,0,1,2,1.47
2025-08-13,Baltimore Orioles,Seattle Mariners,1,0,3.5,1,0,0,0.2,0,0,0,0,0,0,1.44
2025-08-14,Baltimore Orioles,Seattle Mariners,0,0,3.43,1,0,0,1.0,1,0,0,0,1,1,1.46
2025-08-16,Houston Astros,Baltimore Orioles,0,1,3.38,1,0,0,0.2,0,1,0,0,2,0,1.48
2025-08-19,Boston Red Sox,Baltimore Orioles,0,0,3.23,1,0,0,2.0,0,0,0,0,0,0,1.42
2025-08-24,Baltimore Orioles,Houston Astros,0,0,3.12,1,0,1,1.2,0,0,0,0,0,3,1.37
2025-08-26,Baltimore Orioles,Boston Red Sox,0,0,3.06,1,0,0,1.0,0,0,0,0,0,0,1.34
2025-08-27,Baltimore Orioles,Boston Red Sox,0,1,3.29,1,0,0,2.0,2,2,2,1,0,2,1.33
2025-09-01,San Diego Padres,Baltimore Orioles,0,0,3.23,1,0,1,1.0,1,0,0,0,0,1,1.32
2025-09-03,San Diego Padres,Baltimore Orioles,0,0,3.27,1,0,0,2.0,2,1,1,1,0,2,1.31
2025-09-07,Baltimore Orioles,Los Angeles Dodgers,0,0,3.21,1,0,0,1.0,0,0,0,0,2,0,1.32
2025-09-09,Baltimore Orioles,Pittsburgh Pirates,0,0,3.2,1,0,0,0.1,0,0,0,0,2,1,1.35
2025-09-11,Baltimore Orioles,Pittsburgh Pirates,0,0,3.14,1,0,1,1.0,1,0,0,0,0,1,1.34
2025-09-13,Toronto Blue Jays,Baltimore Orioles,0,0,3.26,1,0,0,0.2,2,1,1,0,1,0,1.38
2025-09-16,Chicago White Sox,Baltimore Orioles,0,0,3.2,1,0,1,1.0,1,0,0,0,0,2,1.37
2025-09-17,Chicago White Sox,Baltimore Orioles,0,0,3.15,1,0,1,1.0,1,0,0,0,0,0,1.37
2025-09-19,Baltimore Orioles,New York Yankees,0,0,3.1,1,0,1,1.0,0,0,0,0,0,2,1.34
2025-09-21,Baltimore Orioles,New York Yankees,0,0,3.52,1,0,0,0.1,3,3,3,2,0,1,1.39
2025-09-25,Baltimore Orioles,Tampa Bay Rays,1,0,3.47,1,0,0,1.0,0,0,0,0,0,0,1.36
2025-09-28,New York Yankees,Baltimore Orioles,0,0,3.41,1,0,0,1.0,0,0,0,0,2,0,1.37
