Date,Home Tm,Away Tm,W,L,ERA,G,GS,SV,IP,H,R,ER,HR,BB,SO,WHIP
2025-04-16,Milwaukee Brewers,Detroit Tigers,0,1,9.0,1,1,0,5.0,8,5,5,3,1,8,1.8
2025-04-21,Detroit Tigers,San Diego Padres,0,0,7.71,1,1,0,4.1,5,4,3,1,4,3,1.93
2025-04-26,Detroit Tigers,Baltimore Orioles,0,0,5.93,1,1,0,4.1,4,1,1,0,2,2,1.76
2025-05-08,Colorado Rockies,Detroit Tigers,1,0,4.15,1,1,0,8.0,5,1,1,0,3,2,1.48
2025-05-13,Detroit Tigers,Boston Red Sox,0,0,4.68,1,0,0,3.1,5,3,3,1,1,3,1.52
2025-05-19,St. Louis Cardinals,Detroit Tigers,0,0,5.28,1,0,0,5.2,8,5,5,0,2,3,1.57
2025-05-26,Detroit Tigers,San Francisco Giants,1,0,4.54,1,1,0,5.0,1,0,0,0,2,3,1.43
2025-06-01,Kansas City Royals,Detroit Tigers,0,0,4.02,1,1,0,4.2,7,0,0,0,1,2,1.46
2025-06-07,Detroit Tigers,Chicago Cubs,0,0,4.3,1,0,0,5.2,5,4,4,3,1,4,1.41
2025-06-13,Detroit Tigers,Cincinnati Reds,1,0,4.24,1,0,0,5.0,7,2,2,2,1,4,1.43
2025-06-19,Detroit Tigers,Pittsburgh Pirates,0,0,4.02,1,0,0,5.0,3,1,1,1,2,5,1.39
2025-07-07,Detroit Tigers,Tampa Bay Rays,1,0,3.77,1,1,0,6.0,4,1,1,0,1,4,1.34
2025-07-12,Detroit Tigers,Seattle Mariners,0,0,4.02,1,0,0,3.0,5,3,3,1,1,2,1.37
2025-07-19,Texas Rangers,Detroit Tigers,0,1,4.28,1,1,0,4.1,4,4,4,1,3,5,1.38
2025-07-25,Detroit Tigers,Toronto Blue Jays,0,1,4.66,1,1,0,4.0,9,6,5,0,0,3,1.43
2025-09-05,Detroit Tigers,Chicago White Sox,0,0,4.7,1,0,0,3.1,4,2,2,1,1,2,1.43
2025-09-11,New York Yankees,Detroit Tigers,0,0,4.6,1,0,0,1.2,1,0,0,0,1,3,1.43
2025-09-14,Miami Marlins,Detroit Tigers,1,0,4.32,1,1,0,5.0,3,0,0,0,0,5,1.38
2025-09-20,Detroit Tigers,Atlanta Braves,0,0,4.48,1,1,0,3.0,2,3,3,2,4,2,1.4
2025-09-27,Boston Red Sox,Detroit Tigers,0,0,4.37,1,1,0,4.1,5,1,1,0,0,7,1.39
