Date,Home Tm,Away Tm,W,L,ERA,G,GS,SV,IP,H,R,ER,HR,BB,SO,WHIP
2025-03-28,Toronto Blue Jays,Baltimore Orioles,1,0,3.0,1,1,0,6.0,3,2,2,1,1,4,0.67
2025-04-04,New York Mets,Toronto Blue Jays,0,1,3.97,1,1,0,5.1,2,3,3,1,2,0,0.71
2025-04-09,Boston Red Sox,Toronto Blue Jays,0,0,2.33,1,1,0,8.0,4,1,0,0,0,10,0.62
2025-04-15,Toronto Blue Jays,Atlanta Braves,1,0,2.49,1,1,0,6.0,6,2,2,2,0,6,0.71
2025-04-21,Houston Astros,Toronto Blue Jays,0,1,3.16,1,1,0,6.0,6,4,4,0,3,6,0.86
2025-04-27,New York Yankees,Toronto Blue Jays,0,1,4.5,1,1,0,2.2,3,6,6,0,5,2,1.03
2025-05-03,Toronto Blue Jays,Cleveland Guardians,0,0,3.83,1,1,0,6.0,1,0,0,0,1,9,0.93
2025-05-09,Seattle Mariners,Toronto Blue Jays,1,0,3.97,1,1,0,5.1,7,3,3,0,0,3,0.97
2025-05-15,Toronto Blue Jays,Tampa Bay Rays,0,1,4.59,1,1,0,5.2,10,6,6,3,0,6,1.06
2025-05-21,Toronto Blue Jays,San Diego Padres,1,0,4.03,1,1,0,7.0,3,0,0,0,0,9,0.98
2025-05-26,Texas Rangers,Toronto Blue Jays,1,0,3.68,1,1,0,8.0,5,1,1,1,0,6,0.94
2025-06-01,Toronto Blue Jays,Athletics,0,0,3.82,1,1,0,4.2,8,3,3,0,2,7,1.02
2025-06-07,Minnesota Twins,Toronto Blue Jays,0,0,3.87,1,1,0,6.0,4,3,3,1,3,5,1.03
2025-06-13,Philadelphia Phillies,Toronto Blue Jays,0,1,4.08,1,1,0,5.0,4,4,4,1,4,7,1.07
2025-06-19,Toronto Blue Jays,Arizona Diamondbacks,0,1,4.6,1,1,0,4.1,7,7,7,2,3,4,1.13
2025-06-26,Cleveland Guardians,Toronto Blue Jays,1,0,4.21,1,1,0,8.0,2,0,0,0,1,6,1.06
2025-07-01,Toronto Blue Jays,New York Yankees,0,0,4.18,1,1,0,5.0,6,2,2,0,4,3,1.11
2025-07-06,Toronto Blue Jays,Los Angeles Angels,0,0,4.13,1,1,0,5.2,7,2,2,1,3,9,1.15
2025-07-12,Athletics,Toronto Blue Jays,0,1,4.19,1,1,0,5.0,5,4,3,1,2,2,1.16
2025-07-21,Toronto Blue Jays,New York Yankees,1,0,4.01,1,1,0,7.0,4,1,1,1,2,8,1.14
2025-07-26,Detroit Tigers,Toronto Blue Jays,0,0,3.82,1,1,0,6.0,1,0,0,0,1,10,1.1
2025-08-01,Toronto Blue Jays,Kansas City Royals,0,1,3.99,1,1,0,6.0,6,5,5,2,0,5,1.1
2025-08-06,Colorado Rockies,Toronto Blue Jays,1,0,3.85,1,1,0,7.0,3,1,1,0,2,8,1.08
2025-08-13,Toronto Blue Jays,Chicago Cubs,0,1,3.79,1,1,0,7.0,3,2,2,2,1,3,1.05
2025-08-18,Pittsburgh Pirates,Toronto Blue Jays,0,0,3.78,1,1,0,5.0,5,2,2,0,2,4,1.06
2025-08-24,Miami Marlins,Toronto Blue Jays,0,1,3.87,1,1,0,6.0,7,4,4,1,1,7,1.07
2025-08-30,Toronto Blue Jays,Milwaukee Brewers,0,0,3.75,1,1,0,7.0,4,1,1,0,0,8,1.05
2025-09-05,New York Yankees,Toronto Blue Jays,1,0,3.63,1,1,0,8.0,4,1,1,1,1,5,1.03
2025-09-11,Toronto Blue Jays,Houston Astros,1,0,3.44,1,1,0,9.0,2,0,0,0,1,9,1.0
2025-09-17,Tampa Bay Rays,Toronto Blue Jays,0,0,3.38,1,1,0,6.0,6,1,1,0,2,6,1.01
2025-09-23,Toronto Blue Jays,Boston Red Sox,0,1,3.47,1,1,0,5.2,9,4,4,0,1,7,1.03
2025-09-28,Toronto Blue Jays,Tampa Bay Rays,0,0,3.59,1,1,0,3.2,8,4,4,0,2,5,1.06
