Date,Home Tm,Away Tm,W,L,ERA,G,GS,SV,IP,H,R,ER,HR,BB,SO,WHIP
2025-04-01,Miami Marlins,New York Mets,0,1,3.6,1,1,0,5.0,3,4,2,1,1,8,0.8
2025-04-07,New York Mets,Miami Marlins,1,0,1.8,1,1,0,5.0,5,0,0,0,2,4,1.1
2025-04-13,Athletics,New York Mets,1,0,1.06,1,1,0,7.0,4,0,0,0,2,4,1.0
2025-04-19,New York Mets,St. Louis Cardinals,1,0,0.79,1,1,0,5.2,3,0,0,0,2,4,0.97
2025-04-25,Washington Nationals,New York Mets,0,0,1.26,1,1,0,6.0,6,2,2,0,2,5,1.05
2025-05-01,New York Mets,Arizona Diamondbacks,0,1,1.38,1,1,0,4.0,5,1,1,0,3,6,1.16
2025-05-07,Arizona Diamondbacks,New York Mets,1,0,1.16,1,1,0,6.0,2,0,0,0,5,4,1.16
2025-05-13,New York Mets,Pittsburgh Pirates,0,0,1.02,1,1,0,5.2,5,1,0,0,2,7,1.17
2025-05-19,Boston Red Sox,New York Mets,0,1,1.43,1,1,0,6.0,5,3,3,0,3,5,1.19
2025-05-25,New York Mets,Los Angeles Dodgers,1,0,1.46,1,1,0,5.1,5,1,1,1,4,5,1.24
2025-05-31,New York Mets,Colorado Rockies,1,0,1.6,1,1,0,6.1,2,2,2,1,2,7,1.18
2025-06-06,Colorado Rockies,New York Mets,0,0,1.59,1,1,0,6.0,5,1,1,1,2,6,1.18
2025-06-12,New York Mets,Washington Nationals,1,0,1.47,1,1,0,5.2,1,0,0,0,1,5,1.11
2025-07-11,Kansas City Royals,New York Mets,0,0,1.39,1,1,0,4.0,4,0,0,0,2,4,1.13
2025-07-21,New York Mets,Los Angeles Angels,0,0,1.79,1,1,0,3.0,4,4,4,1,3,5,1.18
2025-07-27,San Francisco Giants,New York Mets,0,0,2.0,1,1,0,5.0,4,3,3,2,5,3,1.21
2025-08-02,New York Mets,San Francisco Giants,0,0,2.31,1,1,0,4.0,5,4,4,1,3,4,1.25
2025-08-08,Milwaukee Brewers,New York Mets,0,1,2.3,1,1,0,4.1,2,3,1,1,3,2,1.24
2025-08-14,New York Mets,Atlanta Braves,0,0,2.35,1,1,0,5.2,5,2,2,1,1,7,1.23
2025-08-20,Washington Nationals,New York Mets,0,1,2.58,1,1,0,5.0,6,5,4,1,2,4,1.25
2025-08-25,New York Mets,Philadelphia Phillies,0,0,2.73,1,1,0,4.0,6,3,3,0,3,4,1.29
2025-08-31,New York Mets,Miami Marlins,0,1,3.02,1,1,0,4.2,7,5,5,1,2,6,1.31
