Date,Home Tm,Away Tm,W,L,ERA,G,GS,SV,IP,H,R,ER,HR,BB,SO,WHIP
2025-04-26,Cleveland Guardians,Boston Red Sox,0,0,1.5,1,0,0,6.0,6,1,1,0,0,0,1.0
2025-05-01,Cleveland Guardians,Minnesota Twins,1,0,1.29,1,0,0,1.0,1,1,0,0,0,0,1.0
2025-05-03,Toronto Blue Jays,Cleveland Guardians,1,0,1.64,1,0,0,4.0,1,1,1,0,0,3,0.73
2025-05-07,Washington Nationals,Cleveland Guardians,0,0,1.5,1,0,0,1.0,0,0,0,0,0,0,0.67
2025-05-12,Cleveland Guardians,Milwaukee Brewers,0,0,1.2,1,0,0,3.0,3,0,0,0,2,3,0.87
2025-05-18,Cincinnati Reds,Cleveland Guardians,0,0,1.06,1,0,0,2.0,1,0,0,0,0,0,0.82
2025-05-19,Minnesota Twins,Cleveland Guardians,0,0,1.5,1,0,0,1.0,3,1,1,0,1,1,1.0
2025-05-28,Cleveland Guardians,Los Angeles Dodgers,0,0,2.05,1,1,0,4.0,4,2,2,0,0,3,1.0
2025-06-03,New York Yankees,Cleveland Guardians,0,0,1.9,1,0,0,1.2,1,0,0,0,1,0,1.01
2025-06-05,New York Yankees,Cleveland Guardians,0,0,1.88,1,0,0,0.1,3,0,0,0,0,0,1.13
2025-06-09,Cleveland Guardians,Cincinnati Reds,0,0,1.73,1,0,0,2.0,3,1,0,0,0,1,1.15
2025-06-13,Seattle Mariners,Cleveland Guardians,0,0,1.95,1,0,0,1.2,5,1,1,1,0,1,1.27
2025-06-24,Cleveland Guardians,Toronto Blue Jays,0,0,2.51,1,0,0,1.0,3,2,2,0,1,0,1.36
2025-06-26,Cleveland Guardians,Toronto Blue Jays,0,0,2.76,1,0,0,0.2,2,1,1,0,1,0,1.43
2025-06-28,Cleveland Guardians,St. Louis Cardinals,0,0,2.78,1,0,0,3.0,4,1,1,1,1,2,1.45
2025-07-02,Chicago Cubs,Cleveland Guardians,0,0,2.55,1,0,0,3.0,3,0,0,0,1,2,1.44
2025-07-11,Chicago White Sox,Cleveland Guardians,0,1,2.45,1,0,0,1.1,0,1,0,0,2,0,1.45
2025-07-19,Cleveland Guardians,Athletics,0,0,3.05,1,0,0,1.2,3,3,3,2,0,2,1.46
2025-07-21,Cleveland Guardians,Baltimore Orioles,0,0,2.97,1,0,0,1.0,0,0,0,0,0,2,1.42
2025-07-24,Cleveland Guardians,Baltimore Orioles,0,0,2.9,1,0,0,1.0,0,0,0,0,0,1,1.39
2025-07-27,Kansas City Royals,Cleveland Guardians,0,0,2.83,1,0,0,1.0,0,0,0,0,0,2,1.35
2025-07-30,Cleveland Guardians,Colorado Rockies,0,0,2.62,1,1,0,3.1,1,0,0,0,0,5,1.28
2025-08-05,New York Mets,Cleveland Guardians,0,0,2.54,1,0,0,1.1,0,0,0,0,0,1,1.24
2025-08-10,Chicago White Sox,Cleveland Guardians,0,0,2.63,1,0,0,2.0,3,1,1,0,1,0,1.27
2025-08-13,Cleveland Guardians,Miami Marlins,0,1,2.9,1,0,0,1.2,3,2,2,1,0,2,1.29
2025-08-16,Cleveland Guardians,Atlanta Braves,0,0,3.14,1,0,0,2.0,4,2,2,0,0,1,1.32
2025-08-23,Texas Rangers,Cleveland Guardians,0,0,3.13,1,0,0,3.0,2,1,1,0,1,1,1.3
2025-08-31,Cleveland Guardians,Seattle Mariners,0,0,3.02,1,0,0,2.0,2,0,0,0,0,1,1.29
2025-09-04,Tampa Bay Rays,Cleveland Guardians,0,0,2.91,1,0,0,2.0,2,0,0,0,0,2,1.28
2025-09-18,Detroit Tigers,Cleveland Guardians,0,0,2.87,1,0,0,1.0,0,0,0,0,1,1,1.27
2025-09-20,Minnesota Twins,Cleveland Guardians,0,0,2.77,1,0,0,2.0,1,0,0,0,1,2,1.26
2025-09-25,Cleveland Guardians,Detroit Tigers,0,0,2.71,1,0,0,1.1,0,0,0,0,0,1,1.24
2025-09-28,Cleveland Guardians,Texas Rangers,0,0,2.63,1,0,0,2.0,0,0,0,0,0,2,1.2
