Date,Home Tm,Away Tm,W,L,ERA,G,GS,SV,IP,H,R,ER,HR,BB,SO,WHIP
2025-03-31,Milwaukee Brewers,Kansas City Royals,1,0,0.0,1,1,0,6.0,3,0,0,0,2,8,0.83
2025-04-06,Kansas City Royals,Baltimore Orioles,1,0,0.0,1,1,0,6.2,4,1,0,0,1,8,0.79
2025-04-11,Cleveland Guardians,Kansas City Royals,0,1,0.96,1,1,0,6.0,6,3,2,1,2,5,0.96
2025-04-16,New York Yankees,Kansas City Royals,0,0,1.88,1,1,0,5.1,7,3,3,0,4,6,1.21
2025-04-22,Kansas City Royals,Colorado Rockies,0,0,1.45,1,1,0,7.0,4,0,0,0,0,6,1.06
2025-04-27,Kansas City Royals,Houston Astros,0,1,2.25,1,1,0,5.0,5,4,4,1,3,4,1.14
2025-05-03,Baltimore Orioles,Kansas City Royals,1,0,1.98,1,1,0,5.0,4,0,0,0,1,3,1.12
2025-05-08,Kansas City Royals,Chicago White Sox,1,0,1.69,1,1,0,7.0,6,0,0,0,1,7,1.1
2025-05-13,Houston Astros,Kansas City Royals,0,0,1.66,1,1,0,6.1,6,1,1,1,1,9,1.1
2025-05-19,San Francisco Giants,Kansas City Royals,1,0,1.47,1,1,0,7.0,2,0,0,0,3,5,1.06
2025-05-25,Minnesota Twins,Kansas City Royals,0,0,1.45,1,1,0,7.0,2,1,1,0,2,9,1.01
2025-06-01,Kansas City Royals,Detroit Tigers,0,1,1.43,1,1,0,7.0,4,1,1,0,2,9,1.0
2025-06-11,Kansas City Royals,New York Yankees,0,1,1.92,1,1,0,4.1,6,5,5,0,4,3,1.07
2025-06-18,Texas Rangers,Kansas City Royals,1,0,2.12,1,1,0,5.1,9,3,3,0,1,6,1.12
2025-06-24,Kansas City Royals,Tampa Bay Rays,0,1,2.18,1,1,0,6.0,8,4,2,1,0,8,1.13
2025-06-29,Kansas City Royals,Los Angeles Dodgers,0,1,2.25,1,1,0,5.0,3,2,2,1,2,5,1.13
2025-07-04,Arizona Diamondbacks,Kansas City Royals,1,0,2.36,1,1,0,7.0,7,3,3,1,3,6,1.15
2025-07-09,Kansas City Royals,Pittsburgh Pirates,0,0,2.48,1,1,0,5.2,6,3,3,0,2,6,1.16
2025-07-20,Miami Marlins,Kansas City Royals,1,0,2.38,1,1,0,5.0,3,0,0,0,1,2,1.14
2025-07-26,Kansas City Royals,Cleveland Guardians,0,1,2.55,1,1,0,2.2,3,4,3,0,4,1,1.18
