Date,Home Tm,Away Tm,W,L,ERA,G,GS,SV,IP,H,R,ER,HR,BB,SO,WHIP
2025-03-31,Cincinnati Reds,Texas Rangers,0,1,18.0,1,1,0,3.0,7,6,6,2,2,3,3.0
2025-04-06,Texas Rangers,Tampa Bay Rays,0,0,7.88,1,1,0,5.0,6,1,1,0,0,1,1.88
2025-04-12,Seattle Mariners,Texas Rangers,0,1,7.94,1,1,0,3.1,5,4,3,0,2,2,1.94
2025-04-17,Texas Rangers,Los Angeles Angels,1,0,6.38,1,1,0,7.0,5,3,3,0,0,8,1.47
2025-04-23,Athletics,Texas Rangers,0,1,8.1,1,1,0,1.2,7,5,5,1,1,2,1.75
2025-06-04,Tampa Bay Rays,Texas Rangers,0,1,8.87,1,1,0,3.1,6,5,5,1,2,5,1.84
2025-06-15,Texas Rangers,Chicago White Sox,1,0,7.31,1,1,0,5.0,4,0,0,0,1,6,1.69
2025-06-21,Pittsburgh Pirates,Texas Rangers,1,0,6.68,1,1,0,5.1,5,2,2,0,3,4,1.66
2025-06-28,Texas Rangers,Seattle Mariners,0,0,6.13,1,1,0,6.0,4,2,2,1,1,6,1.54
2025-07-04,San Diego Padres,Texas Rangers,0,0,5.8,1,1,0,5.1,4,2,2,1,2,4,1.49
2025-07-09,Los Angeles Angels,Texas Rangers,0,0,6.39,1,1,0,4.1,6,6,6,3,1,2,1.5
2025-07-19,Texas Rangers,Detroit Tigers,1,0,5.66,1,1,0,6.1,1,0,0,0,3,5,1.4
2025-07-26,Texas Rangers,Atlanta Braves,0,0,5.73,1,1,0,4.0,5,3,3,0,3,5,1.44
2025-07-31,Seattle Mariners,Texas Rangers,0,1,5.74,1,1,0,4.2,6,3,3,2,2,3,1.46
