Date,Home Tm,Away Tm,W,L,ERA,G,GS,SV,IP,H,R,ER,HR,BB,SO,WHIP
2025-05-06,Chicago Cubs,San Francisco Giants,0,0,0.0,1,0,0,1.0,0,0,0,0,0,2,0.0
2025-05-09,Minnesota Twins,San Francisco Giants,0,0,0.0,1,0,0,2.0,0,0,0,0,3,3,1.0
2025-05-13,San Francisco Giants,Arizona Diamondbacks,0,0,2.25,1,0,0,1.0,1,1,1,1,0,0,1.0
2025-05-20,San Francisco Giants,Kansas City Royals,0,0,3.38,1,0,0,1.1,1,1,1,0,0,2,0.94
2025-05-24,Washington Nationals,San Francisco Giants,0,1,3.86,1,1,0,4.0,5,2,2,1,0,4,1.07
2025-05-30,Miami Marlins,San Francisco Giants,1,0,2.51,1,1,0,5.0,1,0,0,0,3,5,0.98
2025-06-04,San Francisco Giants,San Diego Padres,0,0,4.34,1,1,0,4.1,9,5,5,0,1,3,1.29
2025-06-10,Colorado Rockies,San Francisco Giants,0,0,4.56,1,1,0,5.0,4,3,3,2,2,6,1.27
2025-09-10,Athletics,Boston Red Sox,0,0,4.05,1,0,0,3.0,3,0,0,0,0,2,1.24
2025-09-20,Tampa Bay Rays,Boston Red Sox,0,0,3.58,1,1,0,6.0,4,1,1,0,2,5,1.19
2025-09-26,Boston Red Sox,Detroit Tigers,0,0,4.04,1,1,0,3.0,7,3,3,0,3,6,1.37
