Date,Home Tm,Away Tm,W,L,ERA,G,GS,SV,IP,H,R,ER,HR,BB,SO,WHIP
2025-04-01,St. Louis Cardinals,Los Angeles Angels,0,0,3.0,1,1,0,6.0,7,2,2,1,0,4,1.17
2025-04-08,Tampa Bay Rays,Los Angeles Angels,0,0,1.64,1,1,0,5.0,2,0,0,0,2,4,1.0
2025-04-13,Houston Astros,Los Angeles Angels,0,1,4.2,1,1,0,4.0,4,5,5,1,3,1,1.2
2025-04-19,Los Angeles Angels,San Francisco Giants,0,1,4.5,1,1,0,5.0,4,3,3,1,2,1,1.2
2025-04-25,Minnesota Twins,Los Angeles Angels,0,1,6.65,1,1,0,3.0,3,7,7,1,5,3,1.39
2025-05-03,Los Angeles Angels,Detroit Tigers,1,0,5.28,1,1,0,7.2,4,1,1,1,0,3,1.17
2025-05-09,Los Angeles Angels,Baltimore Orioles,0,1,5.3,1,1,0,5.0,6,3,3,1,3,5,1.26
2025-05-14,San Diego Padres,Los Angeles Angels,0,1,5.18,1,1,0,6.0,5,3,3,1,1,4,1.22
2025-05-20,Athletics,Los Angeles Angels,1,0,5.32,1,1,0,5.2,9,4,4,2,0,3,1.27
2025-05-25,Los Angeles Angels,Miami Marlins,0,1,5.23,1,1,0,6.0,7,3,3,0,0,5,1.26
2025-05-31,Cleveland Guardians,Los Angeles Angels,0,0,5.34,1,1,0,5.2,7,4,4,2,2,6,1.29
2025-06-06,Los Angeles Angels,Seattle Mariners,1,0,5.4,1,1,0,6.0,8,4,4,0,2,2,1.32
2025-06-11,Los Angeles Angels,Athletics,1,0,5.2,1,1,0,6.0,7,3,2,1,1,3,1.32
2025-06-17,New York Yankees,Los Angeles Angels,1,0,4.79,1,1,0,6.0,4,0,0,0,1,9,1.29
2025-06-22,Los Angeles Angels,Houston Astros,0,0,4.83,1,1,0,5.0,8,5,3,2,1,2,1.32
2025-06-28,Los Angeles Angels,Washington Nationals,0,0,4.66,1,1,0,5.0,5,1,1,1,0,5,1.3
2025-07-04,Toronto Blue Jays,Los Angeles Angels,0,0,4.68,1,1,0,5.1,4,3,3,0,0,2,1.27
2025-07-09,Los Angeles Angels,Texas Rangers,0,0,4.88,1,1,0,3.2,6,5,4,1,1,3,1.29
2025-07-22,New York Mets,Los Angeles Angels,0,1,4.92,1,1,0,4.2,5,3,3,1,1,2,1.29
2025-07-27,Los Angeles Angels,Seattle Mariners,1,0,4.73,1,1,0,6.0,2,1,1,1,1,3,1.25
2025-08-02,Los Angeles Angels,Chicago White Sox,0,1,4.59,1,1,0,5.0,4,1,1,0,2,2,1.24
2025-08-08,Detroit Tigers,Los Angeles Angels,0,0,4.63,1,1,0,5.0,5,3,3,1,0,6,1.23
2025-08-13,Los Angeles Angels,Los Angeles Dodgers,0,0,4.88,1,1,0,3.1,6,5,5,1,3,4,1.28
2025-08-19,Los Angeles Angels,Cincinnati Reds,0,0,4.93,1,1,0,6.0,8,4,4,1,3,3,1.3
2025-08-24,Los Angeles Angels,Chicago Cubs,0,1,5.04,1,1,0,4.1,5,4,4,0,3,2,1.32
2025-08-30,Houston Astros,Los Angeles Angels,0,0,4.89,1,1,0,6.0,7,1,1,0,0,2,1.31
2025-09-04,Kansas City Royals,Los Angeles Angels,0,0,4.81,1,1,0,6.0,3,2,2,2,3,0,1.3
2025-09-09,Los Angeles Angels,Minnesota Twins,1,0,4.58,1,1,0,7.0,4,0,0,0,1,6,1.27
2025-09-14,Seattle Mariners,Los Angeles Angels,0,1,5.01,1,1,0,3.1,10,9,9,1,2,6,1.32
2025-09-20,Colorado Rockies,Los Angeles Angels,1,0,4.79,1,1,0,7.0,3,0,0,0,0,5,1.28
2025-09-26,Los Angeles Angels,Houston Astros,0,0,4.76,1,1,0,5.0,5,3,2,1,0,8,1.28
