Date,Home Tm,Away Tm,W,L,ERA,G,GS,SV,IP,H,R,ER,HR,BB,SO,WHIP
2025-03-28,Tampa Bay Rays,Colorado Rockies,0,0,0.0,1,1,0,6.0,2,0,0,0,0,7,0.33
2025-04-02,Philadelphia Phillies,Colorado Rockies,0,1,2.13,1,1,0,6.2,9,3,3,0,0,3,0.87
2025-04-08,Colorado Rockies,Milwaukee Brewers,0,1,3.79,1,1,0,6.1,8,5,5,1,0,5,1.0
2025-04-13,San Diego Padres,Colorado Rockies,0,1,4.88,1,1,0,5.0,8,5,5,0,2,2,1.21
2025-04-20,Colorado Rockies,Washington Nationals,0,1,4.85,1,1,0,2.0,3,3,1,0,1,2,1.27
2025-04-25,Colorado Rockies,Cincinnati Reds,0,0,5.93,1,1,0,4.1,10,6,6,1,1,4,1.45
2025-05-01,San Francisco Giants,Colorado Rockies,0,0,5.7,1,1,0,6.0,7,3,3,1,2,5,1.46
2025-05-08,Colorado Rockies,Detroit Tigers,0,1,6.41,1,1,0,3.0,11,9,5,0,1,2,1.65
2025-05-13,Texas Rangers,Colorado Rockies,0,1,6.15,1,1,0,6.0,6,3,3,1,1,5,1.59
2025-05-19,Colorado Rockies,Philadelphia Phillies,0,0,5.68,1,1,0,5.1,7,1,1,0,2,6,1.6
2025-05-24,Colorado Rockies,New York Yankees,0,1,5.86,1,1,0,4.2,9,8,4,1,3,3,1.68
2025-05-30,New York Mets,Colorado Rockies,0,1,5.72,1,1,0,6.0,7,3,3,2,0,4,1.63
2025-06-04,Miami Marlins,Colorado Rockies,1,0,5.19,1,1,0,6.1,4,2,0,0,0,4,1.54
2025-06-11,Colorado Rockies,San Francisco Giants,0,0,5.13,1,1,0,6.0,7,3,3,1,2,5,1.53
2025-06-27,Milwaukee Brewers,Colorado Rockies,0,1,5.56,1,1,0,4.0,8,6,6,1,3,2,1.6
2025-07-03,Colorado Rockies,Houston Astros,0,0,5.49,1,1,0,6.0,6,3,3,0,2,2,1.58
2025-07-08,Boston Red Sox,Colorado Rockies,0,1,5.44,1,1,0,5.2,4,3,3,0,2,6,1.54
2025-07-18,Colorado Rockies,Minnesota Twins,1,0,5.19,1,1,0,6.0,5,1,1,1,3,3,1.53
2025-07-25,Baltimore Orioles,Colorado Rockies,0,0,5.24,1,1,0,6.0,7,4,4,4,1,4,1.52
2025-07-30,Cleveland Guardians,Colorado Rockies,0,1,5.26,1,1,0,3.0,3,2,2,1,0,0,1.5
2025-08-06,Colorado Rockies,Toronto Blue Jays,0,1,5.53,1,1,0,4.2,7,6,6,1,2,4,1.52
2025-08-12,St. Louis Cardinals,Colorado Rockies,1,0,5.18,1,1,0,7.1,5,0,0,0,2,2,1.49
2025-08-18,Colorado Rockies,Los Angeles Dodgers,0,0,5.16,1,1,0,4.0,6,2,2,0,1,5,1.5
2025-08-23,Pittsburgh Pirates,Colorado Rockies,0,1,5.31,1,1,0,5.0,7,5,5,2,3,6,1.52
2025-08-28,Houston Astros,Colorado Rockies,0,0,5.28,1,1,0,6.0,8,3,3,2,0,6,1.51
2025-09-02,Colorado Rockies,San Francisco Giants,0,1,5.41,1,1,0,0.0,2,2,2,1,0,0,1.52
2025-09-05,Colorado Rockies,San Diego Padres,1,0,5.1,1,1,0,8.0,2,0,0,0,0,10,1.45
2025-09-10,Los Angeles Dodgers,Colorado Rockies,0,1,4.97,1,1,0,5.2,9,4,1,0,1,5,1.46
2025-09-16,Colorado Rockies,Miami Marlins,0,1,5.14,1,1,0,5.2,8,6,6,0,1,1,1.47
2025-09-21,Colorado Rockies,Los Angeles Angels,1,0,5.0,1,1,0,6.0,5,1,1,0,1,7,1.45
2025-09-27,San Francisco Giants,Colorado Rockies,0,1,4.98,1,1,0,6.0,3,3,3,1,1,4,1.42
