Date,Home Tm,Away Tm,W,L,ERA,G,GS,SV,IP,H,R,ER,HR,BB,SO,WHIP
2025-03-31,San Diego Padres,Cleveland Guardians,1,0,3.6,1,1,0,5.0,5,2,2,2,1,4,1.2
2025-04-06,Chicago Cubs,San Diego Padres,0,0,11.12,1,1,0,0.2,2,5,5,0,4,0,2.12
2025-04-12,San Diego Padres,Colorado Rockies,1,0,5.4,1,1,0,6.0,1,0,0,0,0,4,1.11
2025-04-18,Houston Astros,San Diego Padres,0,1,6.48,1,1,0,5.0,10,5,5,2,0,2,1.38
2025-04-23,Detroit Tigers,San Diego Padres,0,1,6.0,1,1,0,4.1,5,2,2,2,1,6,1.38
2025-05-28,San Diego Padres,Miami Marlins,0,0,6.66,1,1,0,4.2,6,5,5,2,0,1,1.36
2025-07-06,San Diego Padres,Texas Rangers,1,0,5.83,1,0,0,3.2,0,0,0,0,0,2,1.19
2025-07-23,Miami Marlins,San Diego Padres,0,0,5.46,1,0,0,2.0,1,0,0,0,0,2,1.15
2025-07-24,St. Louis Cardinals,San Diego Padres,0,0,5.29,1,0,0,1.0,2,0,0,0,1,0,1.21
2025-08-31,Minnesota Twins,San Diego Padres,0,1,5.88,1,0,0,1.1,1,3,3,1,1,1,1.22
2025-09-01,San Diego Padres,Baltimore Orioles,0,0,5.71,1,0,0,1.0,0,0,0,0,0,1,1.18
2025-09-03,San Diego Padres,Baltimore Orioles,0,0,5.55,1,0,0,1.0,0,0,0,0,0,1,1.15
2025-09-10,San Diego Padres,Cincinnati Reds,0,0,5.7,1,0,0,0.2,1,1,1,0,0,1,1.16
2025-09-13,San Diego Padres,Colorado Rockies,0,0,5.68,1,0,0,1.2,1,1,1,0,0,3,1.13
2025-09-16,New York Mets,San Diego Padres,0,0,5.4,1,0,0,2.0,0,0,0,0,0,5,1.08
2025-09-18,New York Mets,San Diego Padres,0,0,5.27,1,0,0,1.0,1,0,0,0,1,2,1.1
2025-09-21,Chicago White Sox,San Diego Padres,0,0,5.66,1,0,0,0.1,1,2,2,0,2,1,1.16
2025-09-22,San Diego Padres,Milwaukee Brewers,0,0,5.62,1,0,0,0.1,1,0,0,0,0,0,1.18
2025-09-24,San Diego Padres,Milwaukee Brewers,0,0,5.48,1,0,0,1.0,0,0,0,0,0,0,1.15
2025-09-26,San Diego Padres,Arizona Diamondbacks,0,0,5.86,1,0,0,0.1,0,2,2,0,2,1,1.19
