Date,Home Tm,Away Tm,W,L,ERA,G,GS,SV,IP,H,R,ER,HR,BB,SO,WHIP
2025-08-26,Baltimore Orioles,Boston Red Sox,0,1,3.0,1,1,0,6.0,4,2,2,2,0,10,0.67
2025-09-01,San Diego Padres,Baltimore Orioles,0,0,3.6,1,1,0,4.0,4,2,2,0,2,5,1.0
2025-09-09,Baltimore Orioles,Pittsburgh Pirates,0,0,2.65,1,1,0,7.0,4,1,1,0,2,6,0.94
2025-09-15,Chicago White Sox,Baltimore Orioles,1,0,2.45,1,1,0,5.0,4,1,1,0,4,9,1.09
2025-09-21,Baltimore Orioles,New York Yankees,0,0,2.25,1,1,0,6.0,2,1,1,0,2,9,1.0
2025-09-28,New York Yankees,Baltimore Orioles,0,0,2.53,1,1,0,4.0,5,2,2,1,0,8,1.03
