Date,Home Tm,Away Tm,W,L,ERA,G,GS,SV,IP,H,R,ER,HR,BB,SO,WHIP
2025-03-27,St. Louis Cardinals,Minnesota Twins,0,0,13.5,1,0,0,0.2,1,1,1,0,1,0,3.0
2025-04-01,St. Louis Cardinals,Los Angeles Angels,0,0,3.38,1,0,0,2.0,0,0,0,0,0,1,0.75
2025-04-02,St. Louis Cardinals,Los Angeles Angels,0,0,2.7,1,0,0,0.2,0,0,0,0,1,0,0.9
2025-04-06,Boston Red Sox,St. Louis Cardinals,0,0,1.8,1,0,0,1.2,0,0,0,0,0,4,0.6
2025-04-08,Pittsburgh Pirates,St. Louis Cardinals,0,0,1.35,1,0,0,1.2,0,0,0,0,0,3,0.45
2025-04-09,Pittsburgh Pirates,St. Louis Cardinals,0,0,1.17,1,0,0,1.0,0,0,0,0,1,2,0.52
2025-04-13,St. Louis Cardinals,Philadelphia Phillies,0,0,1.04,1,0,0,1.0,0,0,0,0,0,0,0.46
2025-04-15,St. Louis Cardinals,Houston Astros,0,0,1.69,1,0,0,2.0,1,1,1,1,0,2,0.47
2025-04-16,St. Louis Cardinals,Houston Astros,0,0,1.54,1,0,0,1.0,1,0,0,0,0,1,0.51
2025-04-18,New York Mets,St. Louis Cardinals,0,0,2.08,1,0,0,1.1,1,1,1,1,0,0,0.54
2025-04-21,Atlanta Braves,St. Louis Cardinals,0,0,1.93,1,0,0,1.0,0,0,0,0,0,1,0.5
2025-04-22,Atlanta Braves,St. Louis Cardinals,0,0,1.8,1,0,0,1.0,0,0,0,0,0,1,0.47
2025-04-23,Atlanta Braves,St. Louis Cardinals,0,0,1.72,1,0,0,0.2,0,0,0,0,0,1,0.45
2025-04-25,St. Louis Cardinals,Milwaukee Brewers,0,0,1.62,1,0,0,1.0,1,0,0,0,1,0,0.54
2025-04-30,Cincinnati Reds,St. Louis Cardinals,0,0,1.47,1,0,0,1.2,0,0,0,0,1,0,0.55
2025-05-04,St. Louis Cardinals,New York Mets,0,0,1.33,1,0,0,2.0,0,0,0,0,1,1,0.54
2025-05-05,St. Louis Cardinals,Pittsburgh Pirates,0,0,1.27,1,0,0,1.0,0,0,0,0,1,1,0.56
2025-05-07,St. Louis Cardinals,Pittsburgh Pirates,0,0,1.21,1,0,0,1.0,2,0,0,0,0,1,0.63
2025-05-12,Philadelphia Phillies,St. Louis Cardinals,1,0,1.09,1,0,0,2.1,2,0,0,0,0,2,0.65
2025-05-17,Kansas City Royals,St. Louis Cardinals,0,0,1.01,1,0,0,2.0,2,0,0,0,0,0,0.68
2025-05-20,St. Louis Cardinals,Detroit Tigers,0,1,1.29,1,0,0,1.1,2,1,1,0,0,1,0.71
2025-05-23,St. Louis Cardinals,Arizona Diamondbacks,0,0,1.24,1,0,0,1.0,1,0,0,0,0,0,0.72
2025-05-24,St. Louis Cardinals,Arizona Diamondbacks,0,0,2.15,1,0,0,0.1,3,3,3,0,0,0,0.82
2025-05-28,Baltimore Orioles,St. Louis Cardinals,0,0,2.08,1,0,0,1.0,1,0,0,0,2,1,0.89
2025-06-01,Texas Rangers,St. Louis Cardinals,0,0,2.32,1,0,0,0.2,2,1,1,0,1,0,0.97
2025-06-03,St. Louis Cardinals,Kansas City Royals,0,0,2.56,1,0,0,0.2,2,1,1,0,1,1,1.04
2025-06-05,St. Louis Cardinals,Kansas City Royals,0,0,2.41,1,0,0,2.0,3,0,0,0,0,2,1.07
2025-06-07,St. Louis Cardinals,Los Angeles Dodgers,0,0,2.34,1,0,0,1.0,1,0,0,0,1,0,1.1
2025-06-10,St. Louis Cardinals,Toronto Blue Jays,0,0,2.48,1,0,0,1.2,3,1,1,1,0,1,1.13
2025-06-14,Milwaukee Brewers,St. Louis Cardinals,1,0,2.37,1,0,0,1.2,1,0,0,0,1,2,1.13
2025-06-15,Milwaukee Brewers,St. Louis Cardinals,0,0,2.31,1,0,0,1.0,1,0,0,0,0,2,1.13
2025-06-19,Chicago White Sox,St. Louis Cardinals,0,0,2.88,1,0,0,1.2,3,3,3,1,2,1,1.2
2025-06-22,St. Louis Cardinals,Cincinnati Reds,0,0,2.95,1,0,0,2.0,1,1,1,0,0,2,1.17
2025-06-26,St. Louis Cardinals,Chicago Cubs,0,0,2.82,1,0,0,2.0,1,0,0,0,0,0,1.14
2025-07-02,Pittsburgh Pirates,St. Louis Cardinals,0,0,2.76,1,0,0,1.0,1,0,0,0,0,2,1.14
2025-07-05,Chicago Cubs,St. Louis Cardinals,0,0,3.13,1,0,0,0.1,3,2,2,0,0,0,1.2
2025-07-06,Chicago Cubs,St. Louis Cardinals,0,0,3.04,1,0,0,1.1,1,0,0,0,0,1,1.18
2025-07-10,St. Louis Cardinals,Washington Nationals,0,0,3.1,1,0,0,2.0,2,1,1,0,2,1,1.22
2025-07-18,Arizona Diamondbacks,St. Louis Cardinals,0,0,2.98,1,0,0,2.0,0,0,0,0,1,3,1.19
2025-07-22,Colorado Rockies,St. Louis Cardinals,0,0,2.95,1,0,0,3.2,3,1,1,0,1,7,1.18
2025-07-26,St. Louis Cardinals,San Diego Padres,0,0,2.81,1,0,0,2.2,1,0,0,0,0,2,1.14
2025-07-29,St. Louis Cardinals,Miami Marlins,0,0,2.79,1,0,0,0.1,0,0,0,0,0,0,1.14
2025-07-30,St. Louis Cardinals,Miami Marlins,0,0,2.78,1,0,0,0.1,0,0,0,0,0,0,1.13
2025-08-02,San Diego Padres,St. Louis Cardinals,0,0,2.7,1,0,0,1.2,0,0,0,0,0,1,1.1
2025-08-06,Los Angeles Dodgers,St. Louis Cardinals,0,0,2.59,1,0,0,2.2,1,0,0,0,0,4,1.07
2025-08-11,St. Louis Cardinals,Colorado Rockies,1,0,2.49,1,0,0,2.1,1,0,0,0,0,2,1.05
2025-08-13,St. Louis Cardinals,Colorado Rockies,0,0,2.59,1,0,0,1.0,1,1,1,0,0,1,1.05
2025-08-16,St. Louis Cardinals,New York Yankees,0,0,3.0,1,0,0,0.0,4,3,3,0,0,0,1.11
2025-08-17,St. Louis Cardinals,New York Yankees,0,0,3.07,1,0,0,1.1,2,1,1,0,1,2,1.13
2025-08-21,Tampa Bay Rays,St. Louis Cardinals,0,0,3.16,1,0,0,1.0,3,1,1,0,2,0,1.19
2025-08-25,St. Louis Cardinals,Pittsburgh Pirates,0,0,3.12,1,0,0,1.0,1,1,0,0,1,2,1.2
2025-08-28,St. Louis Cardinals,Pittsburgh Pirates,1,0,3.03,1,0,0,2.0,0,0,0,0,2,4,1.19
2025-08-30,Cincinnati Reds,St. Louis Cardinals,0,0,2.97,1,0,1,1.1,2,0,0,0,0,0,1.2
2025-09-03,St. Louis Cardinals,Athletics,0,0,3.01,1,0,0,2.0,3,1,1,1,1,2,1.22
2025-09-06,St. Louis Cardinals,San Francisco Giants,0,0,2.93,1,0,0,2.0,2,0,0,0,0,1,1.21
2025-09-09,Seattle Mariners,St. Louis Cardinals,0,0,2.86,1,0,0,2.0,2,0,0,0,0,3,1.21
2025-09-13,Milwaukee Brewers,St. Louis Cardinals,0,1,2.93,1,0,0,1.1,3,2,1,0,0,1,1.23
2025-09-15,St. Louis Cardinals,Cincinnati Reds,0,0,3.33,1,0,0,1.0,4,4,4,0,1,2,1.27
2025-09-20,St. Louis Cardinals,Milwaukee Brewers,0,0,3.25,1,0,0,2.0,1,0,0,0,0,1,1.25
2025-09-22,San Francisco Giants,St. Louis Cardinals,0,0,3.21,1,0,0,1.0,0,0,0,0,1,1,1.25
2025-09-24,San Francisco Giants,St. Louis Cardinals,0,0,3.18,1,0,0,1.0,2,0,0,0,0,2,1.26
2025-09-28,Chicago Cubs,St. Louis Cardinals,0,0,3.07,1,1,0,3.0,1,0,0,0,0,1,1.23
