Date,Home Tm,Away Tm,W,L,ERA,G,GS,SV,IP,H,R,ER,HR,BB,SO,WHIP
2025-03-27,Miami Marlins,Pittsburgh Pirates,0,0,13.5,1,0,0,1.1,1,2,2,1,0,2,0.75
2025-03-29,Miami Marlins,Pittsburgh Pirates,0,0,5.4,1,0,0,2.0,0,1,0,0,3,1,1.2
2025-04-01,Miami Marlins,New York Mets,0,0,4.15,1,0,0,1.0,0,0,0,0,0,0,0.92
2025-04-02,Miami Marlins,New York Mets,0,0,3.38,1,0,0,1.0,0,0,0,0,1,1,0.94
2025-04-07,New York Mets,Miami Marlins,0,0,2.57,1,0,0,1.2,0,0,0,0,1,2,0.86
2025-04-09,New York Mets,Miami Marlins,0,0,2.25,1,0,0,1.0,0,0,0,0,0,1,0.75
2025-04-11,Miami Marlins,Washington Nationals,0,0,2.0,1,0,0,1.0,0,0,0,0,1,0,0.78
2025-04-15,Miami Marlins,Arizona Diamondbacks,0,0,1.8,1,0,0,1.0,1,0,0,0,0,0,0.8
2025-04-17,Miami Marlins,Arizona Diamondbacks,0,0,1.46,1,0,0,2.1,0,0,0,0,2,5,0.81
2025-04-22,Miami Marlins,Cincinnati Reds,1,0,1.35,1,0,0,1.0,1,0,0,0,0,2,0.83
2025-04-26,Seattle Mariners,Miami Marlins,0,0,1.29,1,0,0,0.2,0,0,0,0,0,1,0.79
2025-04-28,Los Angeles Dodgers,Miami Marlins,0,0,1.2,1,0,0,1.0,1,0,0,0,0,1,0.8
2025-04-30,Los Angeles Dodgers,Miami Marlins,0,0,1.69,1,0,0,1.0,2,1,1,0,0,0,0.88
2025-05-03,Miami Marlins,Athletics,1,0,2.0,1,0,0,2.0,1,1,1,0,2,4,0.94
2025-05-06,Miami Marlins,Los Angeles Dodgers,0,0,2.41,1,0,0,0.2,0,1,1,0,1,0,0.96
2025-05-07,Miami Marlins,Los Angeles Dodgers,0,0,5.21,1,0,0,0.1,4,6,6,0,3,1,1.32
2025-05-10,Chicago White Sox,Miami Marlins,0,0,4.95,1,0,0,1.0,0,0,0,0,1,0,1.3
2025-05-14,Chicago Cubs,Miami Marlins,0,0,4.71,1,0,0,1.0,0,0,0,0,0,1,1.24
2025-05-16,Miami Marlins,Tampa Bay Rays,0,0,4.5,1,0,0,1.0,2,0,0,0,0,1,1.27
2025-05-17,Miami Marlins,Tampa Bay Rays,0,0,4.3,1,0,0,1.0,1,0,0,0,0,1,1.26
2025-05-20,Miami Marlins,Chicago Cubs,0,0,4.88,1,0,0,1.0,3,2,2,1,0,2,1.33
2025-05-23,Los Angeles Angels,Miami Marlins,0,0,4.73,1,0,0,2.2,1,1,1,1,1,4,1.28
2025-06-11,Pittsburgh Pirates,Miami Marlins,0,0,4.55,1,0,0,3.0,1,1,1,0,2,2,1.25
2025-06-15,Washington Nationals,Miami Marlins,1,0,4.26,1,0,0,2.0,1,0,0,0,0,2,1.2
2025-06-18,Miami Marlins,Philadelphia Phillies,0,0,3.97,1,0,0,2.1,2,0,0,0,2,3,1.24
2025-06-21,Miami Marlins,Atlanta Braves,0,0,3.72,1,0,0,2.1,3,0,0,0,1,1,1.27
2025-06-26,San Francisco Giants,Miami Marlins,0,0,3.55,1,0,0,1.2,1,0,0,0,0,1,1.24
2025-06-29,Arizona Diamondbacks,Miami Marlins,1,0,3.38,1,0,0,2.0,0,0,0,0,0,3,1.18
2025-07-05,Miami Marlins,Milwaukee Brewers,0,0,3.29,1,0,1,1.0,0,0,0,0,0,0,1.15
2025-07-07,Cincinnati Reds,Miami Marlins,0,0,3.09,1,0,0,2.2,2,0,0,0,0,3,1.12
2025-07-11,Baltimore Orioles,Miami Marlins,0,0,3.02,1,0,0,1.0,1,0,0,0,0,2,1.12
2025-07-18,Miami Marlins,Kansas City Royals,1,0,3.15,1,0,0,1.0,2,2,1,0,0,1,1.14
2025-07-28,St. Louis Cardinals,Miami Marlins,0,0,3.23,1,0,0,1.2,3,1,1,0,0,3,1.16
2025-08-01,Miami Marlins,New York Yankees,0,0,3.35,1,0,0,1.0,1,1,1,1,1,2,1.18
2025-08-03,Miami Marlins,New York Yankees,0,0,3.28,1,0,0,1.0,1,0,0,0,0,3,1.18
2025-08-06,Miami Marlins,Houston Astros,0,0,3.22,1,0,1,1.0,1,0,0,0,0,1,1.17
2025-08-10,Atlanta Braves,Miami Marlins,0,0,3.18,1,0,0,0.2,0,0,0,0,0,1,1.16
2025-08-14,Cleveland Guardians,Miami Marlins,0,0,3.14,1,0,0,0.2,0,0,0,0,0,1,1.14
2025-08-15,Boston Red Sox,Miami Marlins,0,0,3.08,1,0,0,1.0,0,0,0,0,0,0,1.12
2025-08-18,Miami Marlins,St. Louis Cardinals,0,1,3.13,1,0,0,2.0,4,2,1,0,1,1,1.17
2025-08-24,Miami Marlins,Toronto Blue Jays,0,0,3.2,1,0,0,1.2,1,1,1,1,2,2,1.19
2025-08-28,New York Mets,Miami Marlins,0,0,3.45,1,0,0,1.0,1,2,2,1,1,2,1.2
2025-08-30,New York Mets,Miami Marlins,0,0,3.39,1,0,0,1.0,0,0,0,0,1,1,1.2
2025-09-01,Washington Nationals,Miami Marlins,0,1,3.58,1,1,0,2.0,2,2,2,0,0,2,1.19
2025-09-05,Miami Marlins,Philadelphia Phillies,0,0,3.96,1,0,0,1.0,3,3,3,2,0,0,1.22
2025-09-07,Miami Marlins,Philadelphia Phillies,0,0,4.04,1,0,1,1.0,1,1,1,0,2,0,1.25
2025-09-10,Miami Marlins,Washington Nationals,1,0,4.0,1,0,0,0.2,1,0,0,0,0,0,1.25
2025-09-13,Miami Marlins,Detroit Tigers,0,0,3.94,1,0,0,1.0,0,0,0,0,0,2,1.23
2025-09-17,Colorado Rockies,Miami Marlins,1,0,3.82,1,0,0,2.0,0,0,0,0,0,2,1.2
2025-09-19,Texas Rangers,Miami Marlins,0,0,3.76,1,0,0,1.0,0,0,0,0,0,0,1.18
2025-09-21,Texas Rangers,Miami Marlins,1,0,3.91,1,0,0,2.0,3,2,2,1,1,2,1.2
2025-09-24,Philadelphia Phillies,Miami Marlins,0,0,3.97,1,0,0,1.1,1,1,1,1,0,2,1.19
2025-09-27,Miami Marlins,New York Mets,0,0,3.93,1,0,0,0.2,1,0,0,0,0,0,1.2
