Date,Home Tm,Away Tm,W,L,ERA,G,GS,SV,IP,H,R,ER,HR,BB,SO,WHIP
2025-04-02,Houston Astros,San Francisco Giants,0,0,6.75,1,1,0,4.0,4,3,3,0,4,8,2.0
2025-04-08,San Francisco Giants,Cincinnati Reds,0,1,3.6,1,1,0,6.0,7,1,1,0,0,4,1.5
2025-04-14,Philadelphia Phillies,San Francisco Giants,1,0,4.8,1,1,0,5.0,6,4,4,1,3,8,1.6
2025-04-19,Los Angeles Angels,San Francisco Giants,1,0,4.09,1,1,0,7.0,5,2,2,2,1,9,1.36
2025-04-24,San Francisco Giants,Milwaukee Brewers,0,0,4.56,1,1,0,3.2,6,5,3,0,3,2,1.52
2025-04-30,San Diego Padres,San Francisco Giants,0,1,5.1,1,1,0,4.1,7,4,4,1,3,4,1.63
2025-05-05,Chicago Cubs,San Francisco Giants,0,1,4.89,1,1,0,5.0,5,4,2,1,0,4,1.54
2025-05-11,Minnesota Twins,San Francisco Giants,0,0,4.73,1,1,0,5.0,5,3,2,1,0,3,1.48
2025-05-17,San Francisco Giants,Athletics,0,0,4.11,1,1,0,6.0,5,0,0,0,2,5,1.43
2025-05-23,Washington Nationals,San Francisco Giants,1,0,3.63,1,1,0,6.0,5,0,0,0,2,2,1.4
2025-05-28,Detroit Tigers,San Francisco Giants,0,1,3.54,1,1,0,4.0,5,4,1,0,2,7,1.43
2025-06-03,San Francisco Giants,San Diego Padres,0,0,3.18,1,1,0,6.1,4,0,0,0,2,5,1.38
2025-06-08,San Francisco Giants,Atlanta Braves,1,0,3.29,1,1,0,6.0,5,3,3,0,2,2,1.36
2025-06-14,Los Angeles Dodgers,San Francisco Giants,0,1,3.99,1,1,0,1.2,4,6,6,1,5,0,1.46
2025-06-21,San Francisco Giants,Boston Red Sox,1,0,3.67,1,1,0,6.0,3,0,0,0,3,7,1.42
2025-06-27,Chicago White Sox,San Francisco Giants,1,0,3.43,1,1,0,5.1,7,1,0,0,2,4,1.44
2025-07-02,Arizona Diamondbacks,San Francisco Giants,0,0,3.48,1,1,0,4.0,5,2,2,1,4,4,1.48
2025-07-07,San Francisco Giants,Philadelphia Phillies,0,0,3.39,1,1,0,5.0,4,1,1,0,2,3,1.46
2025-07-12,San Francisco Giants,Los Angeles Dodgers,0,1,3.27,1,1,0,6.0,7,2,1,0,1,8,1.45
2025-07-22,Atlanta Braves,San Francisco Giants,1,0,3.11,1,1,0,5.0,4,0,0,0,1,6,1.43
2025-08-15,San Francisco Giants,Tampa Bay Rays,0,0,3.45,1,1,0,3.0,5,5,5,1,1,5,1.45
2025-08-20,San Diego Padres,San Francisco Giants,0,1,3.8,1,1,0,2.1,5,5,5,2,2,2,1.48
