Date,Home Tm,Away Tm,W,L,ERA,G,GS,SV,IP,H,R,ER,HR,BB,SO,WHIP
2025-03-19,Chicago Cubs,Los Angeles Dodgers,1,0,0.0,1,0,0,2.0,1,0,0,0,0,3,0.5
2025-04-09,Washington Nationals,Los Angeles Dodgers,0,0,10.38,1,1,0,2.1,4,5,5,1,4,2,2.08
2025-04-15,Los Angeles Dodgers,Colorado Rockies,0,0,7.27,1,1,0,4.1,4,2,2,0,2,2,1.73
2025-05-07,Miami Marlins,Los Angeles Dodgers,1,0,4.61,1,1,0,5.0,4,0,0,0,1,5,1.46
2025-05-13,Los Angeles Dodgers,Athletics,0,1,5.89,1,1,0,4.2,7,5,5,2,1,8,1.53
2025-05-19,Los Angeles Dodgers,Arizona Diamondbacks,0,0,6.17,1,0,0,5.0,6,4,4,2,2,3,1.54
2025-05-25,New York Mets,Los Angeles Dodgers,0,1,5.22,1,1,0,6.0,4,3,1,1,0,5,1.36
2025-05-31,Los Angeles Dodgers,New York Yankees,1,0,4.58,1,1,0,6.0,5,1,1,1,3,6,1.36
2025-06-05,Los Angeles Dodgers,New York Mets,0,0,5.12,1,1,0,3.1,4,4,4,3,5,1,1.47
2025-09-28,Seattle Mariners,Los Angeles Dodgers,0,0,4.89,1,0,1,3.2,1,1,1,0,1,7,1.39
