Date,Home Tm,Away Tm,W,L,ERA,G,GS,SV,IP,H,R,ER,HR,BB,SO,WHIP
2025-04-01,San Diego Padres,Cleveland Guardians,0,1,6.75,1,1,0,5.1,7,4,4,1,5,1,2.25
2025-04-09,Cleveland Guardians,Chicago White Sox,0,0,3.6,1,1,0,4.2,4,1,0,0,2,4,1.8
2025-04-15,Baltimore Orioles,Cleveland Guardians,1,0,2.3,1,1,0,5.2,2,0,0,0,2,6,1.4
2025-04-20,Pittsburgh Pirates,Cleveland Guardians,0,0,2.11,1,1,0,5.2,5,1,1,0,1,5,1.31
2025-04-27,Cleveland Guardians,Boston Red Sox,0,1,4.21,1,1,0,4.1,9,7,7,1,3,2,1.56
2025-05-02,Toronto Blue Jays,Cleveland Guardians,0,0,4.02,1,1,0,5.2,6,3,2,1,2,4,1.53
2025-05-07,Washington Nationals,Cleveland Guardians,0,0,4.33,1,1,0,4.0,7,3,3,0,4,3,1.67
2025-05-13,Cleveland Guardians,Milwaukee Brewers,1,0,3.7,1,1,0,6.0,3,0,0,0,1,6,1.52
2025-05-19,Minnesota Twins,Cleveland Guardians,0,0,3.86,1,1,0,3.0,4,2,2,0,1,3,1.53
2025-05-25,Detroit Tigers,Cleveland Guardians,0,1,4.31,1,1,0,3.2,6,5,4,1,4,2,1.63
2025-05-31,Cleveland Guardians,Los Angeles Angels,1,0,4.22,1,0,0,1.0,0,0,0,0,0,2,1.59
2025-06-06,Cleveland Guardians,Houston Astros,0,1,4.42,1,1,0,6.0,7,4,4,1,2,2,1.58
2025-06-11,Cleveland Guardians,Cincinnati Reds,1,0,4.28,1,1,0,6.0,4,2,2,2,1,6,1.51
2025-06-18,San Francisco Giants,Cleveland Guardians,1,0,4.21,1,1,0,5.1,4,2,2,1,2,4,1.48
2025-06-24,Cleveland Guardians,Toronto Blue Jays,0,1,4.25,1,1,0,5.2,8,4,3,0,2,4,1.5
2025-06-29,Cleveland Guardians,St. Louis Cardinals,0,1,4.27,1,1,0,6.0,6,3,3,1,2,6,1.49
2025-07-05,Cleveland Guardians,Detroit Tigers,0,1,4.07,1,1,0,6.0,2,1,1,1,2,5,1.43
2025-07-11,Chicago White Sox,Cleveland Guardians,1,0,4.0,1,1,0,6.0,1,2,2,1,2,5,1.37
2025-07-19,Cleveland Guardians,Athletics,0,1,4.06,1,1,0,5.1,8,3,3,0,1,4,1.38
2025-07-24,Cleveland Guardians,Baltimore Orioles,0,1,4.16,1,1,0,6.1,7,4,4,1,0,4,1.37
2025-07-29,Cleveland Guardians,Colorado Rockies,1,0,4.06,1,1,0,7.0,8,2,2,2,1,3,1.36
2025-08-05,New York Mets,Cleveland Guardians,0,0,3.96,1,1,0,5.0,4,2,1,0,4,6,1.37
2025-08-12,Cleveland Guardians,Miami Marlins,0,0,3.94,1,1,0,5.0,5,3,2,0,4,5,1.39
2025-08-17,Cleveland Guardians,Atlanta Braves,0,0,3.87,1,1,0,4.2,5,3,1,0,3,6,1.4
2025-08-23,Texas Rangers,Cleveland Guardians,0,1,4.35,1,1,0,5.0,8,9,9,3,3,2,1.43
2025-08-29,Cleveland Guardians,Seattle Mariners,0,0,4.42,1,1,0,6.0,6,4,4,1,3,5,1.44
2025-09-04,Tampa Bay Rays,Cleveland Guardians,0,1,4.46,1,1,0,5.0,6,4,3,0,2,4,1.44
2025-09-10,Cleveland Guardians,Kansas City Royals,0,0,4.36,1,1,0,5.0,6,2,1,0,0,2,1.43
2025-09-20,Minnesota Twins,Cleveland Guardians,1,0,4.14,1,1,0,8.0,4,0,0,0,1,7,1.39
2025-09-28,Cleveland Guardians,Texas Rangers,0,0,4.25,1,1,0,4.1,5,4,4,0,2,4,1.4
