Date,Home Tm,Away Tm,W,L,ERA,G,GS,SV,IP,H,R,ER,HR,BB,SO,WHIP
2025-04-27,Seattle Mariners,Miami Marlins,1,0,3.6,1,1,0,5.0,2,2,2,1,3,3,1.0
2025-05-04,Texas Rangers,Seattle Mariners,0,1,2.7,1,1,0,5.0,10,6,1,0,2,5,1.7
2025-05-10,Seattle Mariners,Toronto Blue Jays,0,0,3.6,1,1,0,5.0,5,3,3,1,2,3,1.6
2025-05-16,San Diego Padres,Seattle Mariners,1,0,2.57,1,1,0,6.0,7,0,0,0,1,3,1.52
2025-05-21,Chicago White Sox,Seattle Mariners,0,0,3.33,1,1,0,6.0,6,4,4,3,1,7,1.44
2025-05-27,Seattle Mariners,Washington Nationals,1,0,2.83,1,1,0,8.0,4,1,1,1,1,4,1.26
2025-06-10,Arizona Diamondbacks,Seattle Mariners,0,1,3.38,1,1,0,5.0,7,4,4,1,2,5,1.33
2025-07-03,Seattle Mariners,Kansas City Royals,0,0,2.96,1,1,0,5.2,3,0,0,0,1,3,1.25
2025-07-09,New York Yankees,Seattle Mariners,0,1,3.75,1,1,0,4.2,9,6,6,2,2,2,1.35
2025-07-19,Seattle Mariners,Houston Astros,0,0,3.81,1,1,0,4.0,6,2,2,0,3,5,1.42
2025-07-24,Los Angeles Angels,Seattle Mariners,1,0,3.64,1,1,0,5.0,3,1,1,0,3,3,1.4
2025-07-29,Athletics,Seattle Mariners,0,1,4.22,1,1,0,4.2,7,6,6,2,2,7,1.44
2025-08-03,Seattle Mariners,Texas Rangers,1,0,4.3,1,1,0,5.0,5,3,3,1,0,3,1.41
2025-08-09,Seattle Mariners,Tampa Bay Rays,1,0,4.36,1,1,0,5.1,3,3,3,1,3,4,1.39
2025-08-14,Baltimore Orioles,Seattle Mariners,0,1,4.37,1,1,0,4.0,3,3,2,0,4,1,1.4
2025-09-27,Seattle Mariners,Los Angeles Dodgers,0,0,4.32,1,0,0,3.0,2,1,1,0,1,1,1.39
