Date,Home Tm,Away Tm,W,L,ERA,G,GS,SV,IP,H,R,ER,HR,BB,SO,WHIP
2025-03-27,Cincinnati Reds,San Francisco Giants,0,0,5.4,1,1,0,5.0,6,3,3,0,3,5,1.8
2025-04-01,Houston Astros,San Francisco Giants,1,0,3.0,1,1,0,7.0,5,1,1,1,0,6,1.17
2025-04-07,San Francisco Giants,Cincinnati Reds,0,0,1.89,1,1,0,7.0,4,0,0,0,0,10,0.95
2025-04-13,New York Yankees,San Francisco Giants,1,0,2.63,1,1,0,5.0,5,3,3,0,4,5,1.13
2025-04-18,Los Angeles Angels,San Francisco Giants,0,1,2.4,1,1,0,6.0,4,2,1,0,0,12,1.03
2025-04-23,San Francisco Giants,Milwaukee Brewers,1,0,1.98,1,1,0,6.1,6,0,0,0,3,6,1.1
2025-04-29,San Diego Padres,San Francisco Giants,0,1,2.83,1,1,0,5.0,9,5,5,0,1,6,1.21
2025-05-04,San Francisco Giants,Colorado Rockies,1,0,2.61,1,1,0,7.0,6,1,1,0,2,6,1.2
2025-05-10,Minnesota Twins,San Francisco Giants,0,1,2.6,1,1,0,7.0,5,2,2,1,1,9,1.16
2025-05-16,San Francisco Giants,Athletics,1,0,2.42,1,1,0,8.0,5,1,1,0,2,4,1.12
2025-05-21,San Francisco Giants,Kansas City Royals,0,1,2.67,1,1,0,4.0,10,6,3,1,0,5,1.2
2025-05-27,Detroit Tigers,San Francisco Giants,0,1,2.82,1,1,0,6.0,7,3,3,1,1,10,1.21
2025-06-02,San Francisco Giants,San Diego Padres,0,0,2.55,1,1,0,8.0,6,0,0,0,0,7,1.17
2025-06-07,San Francisco Giants,Atlanta Braves,0,0,2.58,1,1,0,6.0,6,2,2,1,0,10,1.16
2025-06-13,Los Angeles Dodgers,San Francisco Giants,1,0,2.58,1,1,0,7.0,2,2,2,1,3,4,1.12
2025-06-19,San Francisco Giants,Cleveland Guardians,1,0,2.49,1,1,0,7.0,7,1,1,0,0,9,1.12
2025-06-25,San Francisco Giants,Miami Marlins,0,0,2.52,1,1,0,6.0,6,2,2,0,3,6,1.14
2025-06-30,Arizona Diamondbacks,San Francisco Giants,0,1,2.61,1,1,0,6.1,7,3,3,1,1,7,1.14
2025-07-05,Athletics,San Francisco Giants,1,0,2.62,1,1,0,6.2,7,2,2,0,3,6,1.16
2025-07-11,San Francisco Giants,Los Angeles Dodgers,1,0,2.94,1,1,0,5.1,6,6,6,2,1,6,1.17
2025-07-19,Toronto Blue Jays,San Francisco Giants,0,1,3.08,1,1,0,6.0,11,4,4,0,1,1,1.21
2025-07-25,San Francisco Giants,New York Mets,0,1,3.38,1,1,0,4.0,8,6,6,1,1,4,1.24
2025-07-30,San Francisco Giants,Pittsburgh Pirates,0,0,3.31,1,1,0,5.2,5,1,1,0,4,11,1.25
2025-08-05,Pittsburgh Pirates,San Francisco Giants,1,0,3.24,1,1,0,6.0,7,1,1,0,0,10,1.25
2025-08-11,San Francisco Giants,San Diego Padres,0,1,3.34,1,1,0,6.1,8,4,4,1,1,3,1.26
2025-08-17,San Francisco Giants,Tampa Bay Rays,1,0,3.19,1,1,0,7.0,3,0,0,0,0,7,1.22
2025-08-23,Milwaukee Brewers,San Francisco Giants,1,0,3.13,1,1,0,6.0,5,1,1,0,2,5,1.22
2025-08-28,San Francisco Giants,Chicago Cubs,0,0,3.16,1,1,0,7.0,7,3,3,2,0,7,1.21
2025-09-02,Colorado Rockies,San Francisco Giants,1,0,3.17,1,1,0,5.0,7,2,2,0,2,7,1.23
2025-09-08,San Francisco Giants,Arizona Diamondbacks,1,0,3.12,1,1,0,6.0,5,4,1,0,2,7,1.22
2025-09-13,San Francisco Giants,Los Angeles Dodgers,0,1,3.34,1,1,0,4.0,10,6,6,1,2,5,1.26
2025-09-18,Los Angeles Dodgers,San Francisco Giants,0,1,3.27,1,1,0,7.0,4,2,1,0,1,5,1.24
2025-09-23,San Francisco Giants,St. Louis Cardinals,0,0,3.3,1,1,0,6.0,8,3,3,0,2,5,1.25
2025-09-28,San Francisco Giants,Colorado Rockies,1,0,3.22,1,1,0,5.1,3,0,0,0,0,8,1.24
