Date,Home Tm,Away Tm,W,L,ERA,G,GS,SV,IP,H,R,ER,HR,BB,SO,WHIP
2025-03-27,Seattle Mariners,Athletics,0,0,1.29,1,1,0,7.0,2,1,1,1,0,8,0.29
2025-04-01,Seattle Mariners,Detroit Tigers,0,1,3.0,1,1,0,5.0,5,3,3,0,1,10,0.67
2025-04-07,Seattle Mariners,Houston Astros,0,0,2.55,1,1,0,5.2,1,1,1,1,2,7,0.62
2025-04-13,Seattle Mariners,Texas Rangers,1,0,2.38,1,1,0,5.0,3,1,1,1,1,7,0.66
2025-04-19,Toronto Blue Jays,Seattle Mariners,0,0,2.63,1,1,0,4.2,7,2,2,0,2,9,0.88
2025-04-25,Seattle Mariners,Miami Marlins,0,0,2.37,1,1,0,3.0,0,0,0,0,0,3,0.79
2025-06-16,Seattle Mariners,Boston Red Sox,0,1,2.55,1,1,0,5.0,3,2,2,1,1,10,0.79
2025-06-22,Chicago Cubs,Seattle Mariners,1,0,3.12,1,1,0,5.0,8,4,4,3,0,6,0.89
2025-06-27,Texas Rangers,Seattle Mariners,0,0,3.55,1,1,0,5.1,5,4,4,1,1,7,0.92
2025-07-02,Seattle Mariners,Kansas City Royals,0,0,3.4,1,1,0,4.2,3,1,1,0,3,7,0.95
2025-07-08,New York Yankees,Seattle Mariners,0,1,3.72,1,1,0,5.1,6,5,4,1,2,5,1.01
2025-07-13,Detroit Tigers,Seattle Mariners,0,0,3.39,1,1,0,5.1,6,2,0,0,2,9,1.05
2025-07-22,Seattle Mariners,Milwaukee Brewers,1,0,3.07,1,1,0,6.1,2,0,0,0,0,10,0.98
2025-07-27,Los Angeles Angels,Seattle Mariners,0,1,3.36,1,1,0,5.0,3,4,4,1,3,7,1.0
2025-08-01,Seattle Mariners,Texas Rangers,0,0,3.45,1,1,0,6.0,5,3,3,0,0,7,0.98
2025-08-07,Seattle Mariners,Chicago White Sox,0,0,3.35,1,1,0,5.0,2,1,1,1,3,6,0.98
2025-08-13,Baltimore Orioles,Seattle Mariners,0,0,3.31,1,1,0,6.1,4,2,2,1,2,6,0.98
2025-08-18,Philadelphia Phillies,Seattle Mariners,0,1,3.83,1,1,0,2.0,9,6,6,2,0,1,1.06
2025-08-24,Seattle Mariners,Athletics,1,0,3.69,1,1,0,6.0,3,1,1,1,1,13,1.03
2025-08-30,Cleveland Guardians,Seattle Mariners,0,1,3.73,1,1,0,6.0,3,3,3,1,2,6,1.02
2025-09-05,Atlanta Braves,Seattle Mariners,0,0,3.61,1,1,0,6.0,5,1,1,0,1,7,1.02
2025-09-10,Seattle Mariners,St. Louis Cardinals,0,0,3.54,1,1,0,4.2,5,1,1,1,1,8,1.03
2025-09-16,Kansas City Royals,Seattle Mariners,1,0,3.53,1,1,0,5.2,7,2,2,1,1,5,1.05
2025-09-21,Houston Astros,Seattle Mariners,1,0,3.43,1,1,0,6.0,3,1,1,1,1,4,1.03
2025-09-27,Seattle Mariners,Los Angeles Dodgers,0,0,3.44,1,1,0,5.0,4,2,2,1,1,5,1.03
