Date,Home Tm,Away Tm,W,L,ERA,G,GS,SV,IP,H,R,ER,HR,BB,SO,WHIP
2025-03-29,Cincinnati Reds,San Francisco Giants,0,0,0.0,1,0,0,1.0,0,0,0,0,0,1,0.0
2025-03-30,Cincinnati Reds,San Francisco Giants,0,0,0.0,1,0,0,1.0,0,0,0,0,0,0,0.0
2025-04-04,San Francisco Giants,Seattle Mariners,0,0,6.0,1,0,0,1.0,2,2,2,1,2,1,1.33
2025-04-07,San Francisco Giants,Cincinnati Reds,0,0,4.15,1,0,0,1.1,0,0,0,0,0,2,0.92
2025-04-09,San Francisco Giants,Cincinnati Reds,0,0,3.86,1,0,0,0.1,0,0,0,0,1,1,1.07
2025-04-12,New York Yankees,San Francisco Giants,0,0,4.05,1,0,0,2.0,2,1,1,1,1,3,1.2
2025-04-16,Philadelphia Phillies,San Francisco Giants,1,0,3.12,1,0,0,2.0,1,0,0,0,0,2,1.04
2025-04-18,Los Angeles Angels,San Francisco Giants,0,0,2.79,1,0,0,1.0,1,0,0,0,0,0,1.03
2025-04-22,San Francisco Giants,Milwaukee Brewers,0,0,6.97,1,0,0,0.2,3,5,5,2,1,0,1.35
2025-04-29,San Diego Padres,San Francisco Giants,0,0,6.35,1,0,0,1.0,0,0,0,0,0,0,1.24
2025-05-04,San Francisco Giants,Colorado Rockies,0,0,5.84,1,0,0,1.0,2,0,0,0,0,1,1.3
2025-05-18,Los Angeles Dodgers,Los Angeles Angels,0,0,5.02,1,0,0,2.0,0,0,0,0,1,2,1.19
2025-05-21,Los Angeles Dodgers,Arizona Diamondbacks,0,0,4.6,1,0,0,1.1,0,0,0,0,0,1,1.09
2025-05-23,New York Mets,Los Angeles Dodgers,0,0,4.41,1,0,0,0.2,0,0,0,0,0,0,1.04
2025-05-25,New York Mets,Los Angeles Dodgers,0,0,4.15,1,0,0,1.0,1,0,0,0,0,2,1.04
2025-05-28,Cleveland Guardians,Los Angeles Dodgers,0,0,4.26,1,0,0,1.2,5,1,1,0,1,2,1.26
2025-06-01,Los Angeles Dodgers,New York Yankees,0,0,4.12,1,0,0,0.2,2,0,0,0,0,2,1.32
2025-06-02,Los Angeles Dodgers,New York Mets,0,0,3.92,1,0,0,1.0,0,0,0,0,0,1,1.26
2025-06-04,Los Angeles Dodgers,New York Mets,0,0,3.74,1,0,0,1.0,0,0,0,0,0,0,1.2
2025-06-08,St. Louis Cardinals,Los Angeles Dodgers,0,0,3.97,1,0,0,1.0,2,1,1,0,0,0,1.24
2025-06-10,San Diego Padres,Los Angeles Dodgers,0,0,3.8,1,1,0,1.0,0,0,0,0,0,0,1.18
2025-06-11,San Diego Padres,Los Angeles Dodgers,1,0,3.65,1,0,0,1.0,0,0,0,0,0,1,1.14
2025-06-17,Los Angeles Dodgers,San Diego Padres,0,0,4.05,1,0,0,2.0,2,2,2,0,2,1,1.2
2025-06-19,Los Angeles Dodgers,San Diego Padres,0,0,3.95,1,0,0,0.2,0,0,0,0,0,0,1.17
2025-06-21,Los Angeles Dodgers,Washington Nationals,0,0,4.55,1,0,0,0.1,2,2,2,1,0,1,1.23
2025-06-22,Los Angeles Dodgers,Washington Nationals,0,0,4.4,1,0,0,1.0,2,0,0,0,1,0,1.29
2025-06-25,Colorado Rockies,Los Angeles Dodgers,0,0,4.3,1,0,0,0.2,2,1,0,0,1,0,1.36
2025-06-27,Kansas City Royals,Los Angeles Dodgers,1,0,4.06,1,0,0,1.2,1,0,0,0,0,1,1.32
2025-06-29,Kansas City Royals,Los Angeles Dodgers,0,0,4.22,1,1,0,1.0,2,1,1,0,0,1,1.34
2025-07-02,Los Angeles Dodgers,Chicago White Sox,0,0,4.09,1,0,0,1.0,0,0,0,0,0,0,1.3
2025-07-05,Los Angeles Dodgers,Houston Astros,0,0,4.19,1,0,0,1.1,1,1,1,0,0,0,1.28
2025-07-06,Los Angeles Dodgers,Houston Astros,0,0,4.15,1,0,0,0.1,0,0,0,0,0,1,1.27
2025-07-07,Milwaukee Brewers,Los Angeles Dodgers,0,0,4.04,1,0,0,1.0,0,0,0,0,0,0,1.23
2025-07-11,San Francisco Giants,Los Angeles Dodgers,0,0,3.93,1,0,0,1.0,1,0,0,0,0,0,1.23
2025-07-18,Los Angeles Dodgers,Milwaukee Brewers,0,0,3.86,1,0,0,0.2,2,0,0,0,1,1,1.29
2025-07-19,Los Angeles Dodgers,Milwaukee Brewers,0,0,3.99,1,0,0,1.0,2,1,1,1,0,0,1.3
2025-07-20,Los Angeles Dodgers,Milwaukee Brewers,0,1,4.42,1,0,0,0.1,2,2,2,0,1,1,1.37
2025-08-27,New York Mets,Philadelphia Phillies,0,0,4.31,1,0,0,1.0,0,0,0,0,0,1,1.34
2025-08-28,Philadelphia Phillies,Atlanta Braves,0,0,4.2,1,0,0,1.0,0,0,0,0,0,1,1.3
2025-09-03,Milwaukee Brewers,Philadelphia Phillies,0,0,4.1,1,0,0,1.0,0,0,0,0,1,0,1.3
2025-09-07,Miami Marlins,Philadelphia Phillies,0,0,4.07,1,0,0,0.1,0,0,0,0,0,1,1.29
2025-09-10,Philadelphia Phillies,New York Mets,0,0,4.19,1,0,0,1.0,3,1,1,0,1,0,1.35
2025-09-14,Philadelphia Phillies,Kansas City Royals,0,0,4.06,1,0,0,1.1,0,0,0,0,1,0,1.33
2025-09-20,Arizona Diamondbacks,Philadelphia Phillies,0,0,3.97,1,0,0,1.0,1,0,0,0,0,1,1.32
2025-09-23,Philadelphia Phillies,Miami Marlins,0,1,3.88,1,0,0,1.0,1,1,0,0,0,2,1.32
2025-09-27,Philadelphia Phillies,Minnesota Twins,0,0,3.8,1,0,0,1.0,0,0,0,0,1,1,1.31
2025-09-28,Philadelphia Phillies,Minnesota Twins,0,0,3.97,1,0,0,0.1,1,1,1,0,1,1,1.34
