Date,Home Tm,Away Tm,W,L,ERA,G,GS,SV,IP,H,R,ER,HR,BB,SO,WHIP
2025-03-27,St. Louis Cardinals,Minnesota Twins,0,0,0.0,1,0,0,1.0,1,0,0,0,0,0,1.0
2025-03-29,St. Louis Cardinals,Minnesota Twins,0,0,0.0,1,0,0,1.0,1,0,0,0,1,3,1.5
2025-04-01,Chicago White Sox,Minnesota Twins,1,0,3.0,1,0,0,1.0,1,1,1,1,0,2,1.33
2025-04-03,Minnesota Twins,Houston Astros,0,0,4.5,1,0,0,1.0,2,1,1,0,0,1,1.5
2025-04-05,Minnesota Twins,Houston Astros,0,0,3.6,1,0,0,1.0,2,0,0,0,0,2,1.6
2025-04-06,Minnesota Twins,Houston Astros,0,1,4.5,1,0,0,1.0,1,2,1,0,1,1,1.67
2025-04-10,Kansas City Royals,Minnesota Twins,0,0,3.86,1,0,0,1.0,0,0,0,0,1,1,1.57
2025-04-13,Minnesota Twins,Detroit Tigers,0,0,3.38,1,0,0,1.0,0,0,0,0,0,3,1.38
2025-04-16,Minnesota Twins,New York Mets,0,0,3.0,1,0,0,1.0,1,0,0,0,0,1,1.33
2025-04-18,Atlanta Braves,Minnesota Twins,0,0,2.7,1,0,0,1.0,0,0,0,0,1,1,1.3
2025-04-20,Atlanta Braves,Minnesota Twins,0,0,2.45,1,0,0,1.0,0,0,0,0,0,0,1.18
2025-04-22,Minnesota Twins,Chicago White Sox,0,0,2.25,1,0,0,1.0,0,0,0,0,0,0,1.08
2025-04-25,Minnesota Twins,Los Angeles Angels,0,0,2.77,1,0,0,1.0,3,1,1,1,0,2,1.23
2025-04-26,Minnesota Twins,Los Angeles Angels,0,0,2.57,1,0,0,1.0,0,0,0,0,0,2,1.14
2025-04-29,Cleveland Guardians,Minnesota Twins,0,1,3.21,1,0,0,0.0,1,1,1,1,0,0,1.21
2025-05-01,Cleveland Guardians,Minnesota Twins,0,0,3.0,1,0,0,1.0,0,0,0,0,0,1,1.13
2025-05-02,Boston Red Sox,Minnesota Twins,0,1,4.11,1,0,0,0.1,2,2,2,0,0,0,1.24
2025-05-04,Boston Red Sox,Minnesota Twins,1,0,3.86,1,0,0,1.0,0,0,0,0,0,1,1.16
2025-05-06,Minnesota Twins,Baltimore Orioles,0,0,3.63,1,0,0,1.0,0,0,0,0,0,2,1.1
2025-05-07,Minnesota Twins,Baltimore Orioles,0,0,3.57,1,0,0,0.1,1,0,0,0,0,0,1.13
2025-05-09,Minnesota Twins,San Francisco Giants,0,0,3.44,1,0,0,0.2,0,0,0,0,0,0,1.09
2025-05-11,Minnesota Twins,San Francisco Giants,0,0,3.26,1,0,0,1.0,0,0,0,0,0,0,1.03
2025-05-14,Baltimore Orioles,Minnesota Twins,0,0,3.1,1,0,0,1.0,1,0,0,0,0,1,1.03
2025-05-15,Baltimore Orioles,Minnesota Twins,0,0,2.95,1,0,0,1.0,1,0,0,0,0,2,1.03
2025-05-21,Minnesota Twins,Cleveland Guardians,0,0,2.86,1,0,0,0.2,0,0,0,0,1,0,1.05
2025-05-23,Minnesota Twins,Kansas City Royals,0,0,2.74,1,0,0,1.0,0,0,0,0,1,0,1.04
2025-05-25,Minnesota Twins,Kansas City Royals,0,0,2.59,1,0,0,1.1,0,0,0,0,0,1,0.99
2025-05-27,Tampa Bay Rays,Minnesota Twins,0,0,2.84,1,0,0,1.0,1,1,1,0,0,0,0.99
2025-05-31,Seattle Mariners,Minnesota Twins,0,0,2.73,1,0,0,1.0,0,0,0,0,0,2,0.95
2025-06-02,Athletics,Minnesota Twins,0,0,2.63,1,0,0,1.0,0,0,0,0,0,1,0.91
2025-06-04,Athletics,Minnesota Twins,0,0,2.54,1,0,0,1.0,1,0,0,0,1,3,0.95
2025-06-07,Minnesota Twins,Toronto Blue Jays,0,0,2.45,1,0,0,1.0,2,0,0,0,0,2,0.99
2025-06-11,Minnesota Twins,Texas Rangers,0,0,2.37,1,0,0,1.0,2,0,0,0,0,1,1.02
2025-06-15,Houston Astros,Minnesota Twins,0,0,2.23,1,0,0,2.0,1,0,0,0,0,0,0.99
2025-06-19,Cincinnati Reds,Minnesota Twins,0,0,2.16,1,0,0,1.0,0,0,0,0,0,2,0.96
2025-06-21,Minnesota Twins,Milwaukee Brewers,0,0,2.14,1,0,0,0.1,0,0,0,0,0,0,0.95
2025-06-24,Minnesota Twins,Seattle Mariners,0,0,2.08,1,0,0,1.0,1,0,0,0,0,0,0.95
2025-06-25,Minnesota Twins,Seattle Mariners,0,0,2.02,1,0,0,1.0,0,0,0,0,1,1,0.95
2025-06-27,Detroit Tigers,Minnesota Twins,0,0,1.96,1,0,0,1.0,1,0,0,0,1,1,0.98
2025-07-01,Miami Marlins,Minnesota Twins,0,0,2.15,1,0,0,1.0,3,1,1,0,1,0,1.06
2025-07-02,Miami Marlins,Minnesota Twins,0,0,2.11,1,0,0,0.2,3,0,0,0,0,0,1.12
2025-07-04,Minnesota Twins,Tampa Bay Rays,1,0,2.01,1,0,0,2.0,0,0,0,0,0,1,1.07
2025-07-06,Minnesota Twins,Tampa Bay Rays,0,0,1.96,1,0,0,1.0,0,0,0,0,0,0,1.04
2025-07-09,Minnesota Twins,Chicago Cubs,0,0,1.91,1,0,0,1.0,0,0,0,0,0,1,1.02
2025-07-11,Minnesota Twins,Pittsburgh Pirates,0,0,1.87,1,0,0,1.0,1,0,0,0,0,0,1.02
2025-07-13,Minnesota Twins,Pittsburgh Pirates,0,0,1.81,1,0,0,1.1,0,0,0,0,1,1,1.01
2025-07-21,Los Angeles Dodgers,Minnesota Twins,0,0,1.79,1,0,0,0.2,1,0,0,0,0,1,1.01
2025-07-22,Los Angeles Dodgers,Minnesota Twins,0,0,2.14,1,0,0,1.0,3,2,2,0,0,2,1.06
2025-07-23,Los Angeles Dodgers,Minnesota Twins,0,0,2.11,1,0,0,0.2,1,0,0,0,1,0,1.09
2025-07-27,Minnesota Twins,Washington Nationals,0,0,2.06,1,0,0,1.0,0,0,0,0,1,1,1.08
2025-07-29,Minnesota Twins,Boston Red Sox,0,0,2.02,1,0,0,1.0,2,2,0,0,0,0,1.1
2025-08-01,Toronto Blue Jays,Kansas City Royals,0,0,1.98,1,0,0,1.0,0,0,0,0,0,1,1.08
2025-08-03,Toronto Blue Jays,Kansas City Royals,0,0,2.12,1,0,0,1.0,2,1,1,0,0,0,1.1
2025-08-05,Colorado Rockies,Toronto Blue Jays,0,0,2.08,1,0,0,1.0,0,0,0,0,1,2,1.1
2025-08-08,Los Angeles Dodgers,Toronto Blue Jays,0,0,2.04,1,0,0,1.0,0,0,0,0,1,1,1.09
2025-08-10,Los Angeles Dodgers,Toronto Blue Jays,0,0,1.98,1,0,0,1.2,2,0,0,0,0,2,1.1
2025-08-12,Toronto Blue Jays,Chicago Cubs,0,0,1.94,1,0,0,1.0,0,0,0,0,0,2,1.08
2025-08-15,Toronto Blue Jays,Texas Rangers,0,0,2.09,1,0,0,0.1,1,1,1,1,0,1,1.09
2025-08-17,Toronto Blue Jays,Texas Rangers,0,0,2.37,1,0,0,1.0,2,2,2,1,1,0,1.12
2025-08-19,Pittsburgh Pirates,Toronto Blue Jays,0,0,2.48,1,0,0,1.0,2,1,1,0,0,1,1.14
2025-08-23,Miami Marlins,Toronto Blue Jays,0,0,2.61,1,0,0,0.2,2,1,1,0,1,1,1.18
2025-08-26,Toronto Blue Jays,Minnesota Twins,0,0,2.75,1,0,0,0.1,1,1,1,0,1,0,1.2
2025-08-29,Toronto Blue Jays,Milwaukee Brewers,0,0,2.88,1,0,0,0.1,2,1,1,0,0,0,1.23
2025-08-31,Toronto Blue Jays,Milwaukee Brewers,0,0,2.8,1,0,0,1.2,0,0,0,0,0,3,1.2
2025-09-02,Cincinnati Reds,Toronto Blue Jays,1,0,2.73,1,0,0,1.2,1,0,0,0,0,1,1.18
2025-09-03,Cincinnati Reds,Toronto Blue Jays,0,0,3.13,1,0,0,0.2,4,3,3,0,0,2,1.23
2025-09-06,New York Yankees,Toronto Blue Jays,0,0,3.25,1,0,0,0.1,2,1,1,0,1,0,1.27
2025-09-10,Toronto Blue Jays,Houston Astros,0,0,3.18,1,0,0,1.1,1,0,0,0,1,1,1.28
2025-09-12,Toronto Blue Jays,Baltimore Orioles,0,0,3.12,1,0,0,1.1,0,0,0,0,0,2,1.25
2025-09-14,Toronto Blue Jays,Baltimore Orioles,0,0,3.21,1,0,0,1.0,1,1,1,1,0,2,1.25
2025-09-15,Tampa Bay Rays,Toronto Blue Jays,0,0,3.16,1,0,0,1.0,0,0,0,0,1,1,1.24
2025-09-23,Toronto Blue Jays,Boston Red Sox,0,0,3.1,1,0,0,1.1,0,0,0,0,0,0,1.22
2025-09-25,Toronto Blue Jays,Boston Red Sox,0,0,3.01,1,1,0,2.0,0,0,0,0,0,3,1.19
2025-09-28,Toronto Blue Jays,Tampa Bay Rays,0,0,2.97,1,0,0,1.0,1,0,0,0,1,2,1.2
