Date,Home Tm,Away Tm,W,L,ERA,G,GS,SV,IP,H,R,ER,HR,BB,SO,WHIP
2025-04-30,Toronto Blue Jays,Boston Red Sox,0,0,4.5,1,1,0,6.0,5,3,3,2,2,7,1.17
2025-05-06,Boston Red Sox,Texas Rangers,0,1,8.38,1,1,0,3.2,10,6,6,0,1,2,1.86
2025-05-11,Kansas City Royals,Boston Red Sox,1,0,5.51,1,1,0,6.2,2,1,1,0,1,5,1.29
2025-05-17,Boston Red Sox,Atlanta Braves,0,0,7.08,1,1,0,4.0,8,6,6,3,2,3,1.52
2025-05-24,Boston Red Sox,Baltimore Orioles,0,0,5.27,1,1,0,7.0,6,0,0,0,2,6,1.43
2025-05-30,Atlanta Braves,Boston Red Sox,0,0,4.78,1,1,0,4.2,5,1,1,0,2,3,1.44
2025-06-04,Boston Red Sox,Los Angeles Angels,0,0,6.42,1,1,0,1.2,8,7,7,1,1,1,1.63
2025-06-10,Boston Red Sox,Tampa Bay Rays,1,0,5.45,1,1,0,6.0,3,1,0,0,3,4,1.54
2025-06-16,Seattle Mariners,Boston Red Sox,1,0,4.73,1,1,0,6.0,3,0,0,0,1,10,1.42
2025-06-22,San Francisco Giants,Boston Red Sox,0,0,4.53,1,1,0,6.0,4,4,2,2,2,5,1.37
2025-06-28,Boston Red Sox,Toronto Blue Jays,1,0,3.99,1,1,0,7.0,6,1,0,0,1,5,1.33
2025-07-04,Washington Nationals,Boston Red Sox,1,0,3.66,1,1,0,7.2,4,1,1,0,3,7,1.28
2025-07-09,Boston Red Sox,Colorado Rockies,1,0,3.36,1,1,0,6.0,4,0,0,0,0,6,1.23
2025-07-18,Chicago Cubs,Boston Red Sox,0,1,3.59,1,1,0,5.1,5,4,4,1,2,6,1.24
2025-07-23,Philadelphia Phillies,Boston Red Sox,0,0,3.97,1,1,0,4.0,6,5,5,4,1,2,1.26
2025-07-29,Minnesota Twins,Boston Red Sox,1,0,3.8,1,1,0,6.0,5,1,1,0,2,5,1.25
2025-08-03,Boston Red Sox,Houston Astros,1,0,3.57,1,1,0,8.0,3,1,1,1,1,4,1.19
2025-08-09,San Diego Padres,Boston Red Sox,0,0,3.77,1,1,0,4.2,5,4,4,1,6,1,1.25
2025-08-15,Boston Red Sox,Miami Marlins,0,0,3.63,1,1,0,6.1,7,1,1,0,1,5,1.25
2025-08-21,New York Yankees,Boston Red Sox,0,0,3.72,1,1,0,4.2,5,3,3,1,3,4,1.27
2025-08-26,Baltimore Orioles,Boston Red Sox,1,0,3.47,1,1,0,8.0,4,0,0,0,1,8,1.22
2025-08-31,Boston Red Sox,Pittsburgh Pirates,1,0,3.38,1,1,0,6.0,3,1,1,0,5,6,1.23
2025-09-06,Arizona Diamondbacks,Boston Red Sox,0,1,3.38,1,1,0,5.0,7,4,2,0,3,2,1.26
2025-09-12,Boston Red Sox,New York Yankees,0,1,3.31,1,1,0,5.2,5,2,1,1,1,6,1.25
2025-09-17,Boston Red Sox,Athletics,0,0,3.46,1,1,0,4.1,5,4,4,0,5,5,1.28
2025-09-23,Toronto Blue Jays,Boston Red Sox,0,0,3.41,1,1,0,4.2,3,1,1,0,4,3,1.29
