Date,Home Tm,Away Tm,W,L,ERA,G,GS,SV,IP,H,R,ER,HR,BB,SO,WHIP
2025-08-03,Miami Marlins,New York Yankees,0,1,13.5,1,1,0,3.1,5,5,5,0,4,3,2.7
2025-08-09,New York Yankees,Houston Astros,0,0,7.27,1,1,0,5.1,6,2,2,1,1,7,1.85
2025-08-15,St. Louis Cardinals,New York Yankees,1,0,5.14,1,1,0,5.1,4,1,1,0,3,4,1.64
2025-08-21,New York Yankees,Boston Red Sox,0,0,4.26,1,1,0,5.0,4,2,1,0,5,3,1.68
2025-08-26,New York Yankees,Washington Nationals,1,0,3.75,1,1,0,5.0,5,1,1,0,4,5,1.71
2025-08-31,Chicago White Sox,New York Yankees,0,0,3.68,1,1,0,5.1,4,2,2,1,2,7,1.6
2025-09-06,New York Yankees,Toronto Blue Jays,1,0,3.31,1,1,0,6.0,3,1,1,0,4,1,1.53
2025-09-12,Boston Red Sox,New York Yankees,1,0,2.83,1,1,0,6.0,0,0,0,0,4,4,1.4
2025-09-17,Minnesota Twins,New York Yankees,0,0,3.33,1,1,0,4.2,9,5,4,0,2,2,1.5
2025-09-23,New York Yankees,Chicago White Sox,0,0,3.29,1,1,0,6.0,4,2,2,1,2,3,1.44
2025-09-28,New York Yankees,Baltimore Orioles,0,0,3.32,1,1,0,5.0,3,2,2,2,2,2,1.4
