Date,Home Tm,Away Tm,W,L,ERA,G,GS,SV,IP,H,R,ER,HR,BB,SO,WHIP
2025-03-28,Seattle Mariners,Athletics,0,1,3.6,1,1,0,5.0,3,2,2,1,2,4,1.0
2025-04-02,Seattle Mariners,Detroit Tigers,1,0,3.0,1,1,0,7.0,5,2,2,1,2,5,1.0
2025-04-08,Seattle Mariners,Houston Astros,0,0,2.12,1,1,0,5.0,5,0,0,0,2,6,1.12
2025-04-15,Cincinnati Reds,Seattle Mariners,0,1,4.22,1,1,0,4.1,7,6,6,1,4,3,1.41
2025-04-20,Toronto Blue Jays,Seattle Mariners,1,0,4.44,1,1,0,5.0,10,3,3,0,2,5,1.59
2025-04-26,Seattle Mariners,Miami Marlins,1,0,3.62,1,1,0,6.0,1,0,0,0,2,5,1.39
2025-05-03,Texas Rangers,Seattle Mariners,0,0,3.29,1,1,0,6.0,4,1,1,0,2,2,1.33
2025-05-09,Seattle Mariners,Toronto Blue Jays,0,1,3.95,1,1,0,5.0,7,5,5,1,2,3,1.38
2025-05-14,Seattle Mariners,New York Yankees,0,0,3.65,1,1,0,6.0,6,1,1,0,2,6,1.38
2025-05-19,Chicago White Sox,Seattle Mariners,1,0,3.2,1,1,0,7.0,3,0,0,0,0,5,1.26
2025-05-25,Houston Astros,Seattle Mariners,0,0,3.32,1,1,0,6.0,9,3,3,0,1,6,1.3
2025-06-01,Seattle Mariners,Minnesota Twins,0,0,3.03,1,1,0,6.0,4,0,0,0,2,5,1.27
2025-06-07,Los Angeles Angels,Seattle Mariners,0,1,3.31,1,1,0,5.0,8,6,4,3,0,5,1.3
2025-06-13,Seattle Mariners,Cleveland Guardians,0,0,3.29,1,1,0,6.0,3,2,2,2,3,7,1.27
2025-06-18,Seattle Mariners,Boston Red Sox,0,1,3.38,1,1,0,6.0,3,3,3,2,2,5,1.24
2025-06-24,Minnesota Twins,Seattle Mariners,0,0,3.69,1,1,0,5.0,7,5,5,1,2,3,1.27
2025-06-29,Texas Rangers,Seattle Mariners,0,0,3.55,1,1,0,6.0,7,1,1,0,2,4,1.29
2025-07-05,Seattle Mariners,Pittsburgh Pirates,1,0,3.31,1,1,0,7.0,2,0,0,0,0,8,1.22
2025-07-11,Detroit Tigers,Seattle Mariners,1,0,3.41,1,1,0,5.0,6,3,3,0,2,6,1.24
2025-07-18,Seattle Mariners,Houston Astros,1,0,3.21,1,1,0,6.2,3,0,0,0,2,7,1.21
2025-07-23,Seattle Mariners,Milwaukee Brewers,0,1,3.3,1,1,0,5.0,10,6,3,0,0,7,1.24
2025-07-28,Athletics,Seattle Mariners,1,0,3.19,1,1,0,7.0,5,1,1,0,0,4,1.21
2025-08-02,Seattle Mariners,Texas Rangers,0,0,3.22,1,1,0,4.1,4,2,2,1,1,4,1.21
2025-08-08,Seattle Mariners,Tampa Bay Rays,0,0,3.19,1,1,0,7.0,5,2,2,2,0,5,1.19
2025-08-15,New York Mets,Seattle Mariners,0,0,3.48,1,1,0,4.0,9,6,6,3,1,5,1.22
2025-08-20,Philadelphia Phillies,Seattle Mariners,0,1,3.57,1,1,0,4.0,10,3,3,1,2,2,1.27
2025-08-26,Seattle Mariners,San Diego Padres,0,0,3.75,1,1,0,5.0,5,5,5,1,3,6,1.28
2025-09-01,Tampa Bay Rays,Seattle Mariners,0,1,3.94,1,1,0,4.0,6,5,5,1,1,5,1.29
2025-09-07,Atlanta Braves,Seattle Mariners,1,0,3.85,1,1,0,6.0,4,1,1,1,0,6,1.27
2025-09-12,Seattle Mariners,Los Angeles Angels,0,0,3.76,1,1,0,6.0,3,1,1,0,2,5,1.25
2025-09-18,Kansas City Royals,Seattle Mariners,1,0,3.63,1,1,0,6.0,3,0,0,0,0,3,1.23
2025-09-24,Seattle Mariners,Colorado Rockies,1,0,3.54,1,1,0,7.1,1,1,1,1,0,10,1.18
