Date,Home Tm,Away Tm,W,L,ERA,G,GS,SV,IP,H,R,ER,HR,BB,SO,WHIP
2025-03-19,Chicago Cubs,Los Angeles Dodgers,0,0,9.0,1,0,0,1.0,2,1,1,0,1,2,3.0
2025-03-28,Los Angeles Dodgers,Detroit Tigers,1,0,9.0,1,0,0,1.0,1,2,1,0,1,0,2.5
2025-03-29,Los Angeles Dodgers,Detroit Tigers,0,0,6.75,1,0,0,2.0,2,1,1,0,0,2,1.75
2025-03-31,Los Angeles Dodgers,Atlanta Braves,0,0,5.4,1,0,0,1.0,1,0,0,0,0,2,1.6
2025-04-04,Philadelphia Phillies,Los Angeles Dodgers,0,0,4.26,1,0,0,1.1,0,0,0,0,1,1,1.42
2025-04-06,Philadelphia Phillies,Los Angeles Dodgers,0,0,3.68,1,0,0,1.0,0,0,0,0,3,0,1.64
2025-04-08,Washington Nationals,Los Angeles Dodgers,0,0,3.24,1,0,0,1.0,1,0,0,0,0,0,1.56
2025-04-12,Los Angeles Dodgers,Chicago Cubs,0,0,7.27,1,0,0,0.1,3,4,4,1,1,0,1.96
2025-04-15,Los Angeles Dodgers,Colorado Rockies,0,0,6.52,1,0,0,1.0,0,0,0,0,0,1,1.76
2025-04-20,Texas Rangers,Los Angeles Dodgers,0,0,6.1,1,0,0,0.2,0,0,0,0,1,1,1.74
2025-04-22,Chicago Cubs,Los Angeles Dodgers,0,0,5.56,1,0,0,1.0,1,0,0,0,0,3,1.68
2025-04-23,Chicago Cubs,Los Angeles Dodgers,0,0,5.11,1,0,0,1.0,1,0,0,0,1,1,1.7
2025-04-25,Los Angeles Dodgers,Pittsburgh Pirates,0,0,4.73,1,0,0,1.0,0,0,0,0,0,0,1.58
2025-04-27,Los Angeles Dodgers,Pittsburgh Pirates,0,0,4.5,1,0,0,0.2,0,0,0,0,0,1,1.5
2025-04-29,Los Angeles Dodgers,Miami Marlins,0,0,4.2,1,0,0,1.0,0,0,0,0,1,0,1.47
2025-05-03,Atlanta Braves,Los Angeles Dodgers,0,0,3.94,1,0,0,1.0,2,0,0,0,1,3,1.56
2025-05-04,Atlanta Braves,Los Angeles Dodgers,0,0,3.78,1,0,0,0.2,1,0,0,0,0,0,1.56
2025-05-06,Miami Marlins,Los Angeles Dodgers,0,0,4.58,1,0,0,1.0,3,2,2,0,0,1,1.64
2025-05-09,Arizona Diamondbacks,Los Angeles Dodgers,0,0,4.26,1,0,0,1.1,1,0,0,0,1,1,1.63
2025-05-13,Los Angeles Dodgers,Athletics,0,0,4.66,1,0,0,0.1,2,1,1,0,0,0,1.71
2025-05-16,Los Angeles Dodgers,Los Angeles Angels,0,0,4.43,1,0,0,1.0,1,0,0,0,0,2,1.67
2025-05-17,Los Angeles Dodgers,Los Angeles Angels,0,0,4.35,1,0,0,0.1,1,0,0,0,1,0,1.74
2025-05-18,Los Angeles Dodgers,Los Angeles Angels,0,0,4.57,1,0,0,1.0,2,1,1,0,0,1,1.75
2025-05-23,New York Mets,Los Angeles Dodgers,1,0,4.13,1,0,0,2.1,0,0,0,0,2,0,1.67
2025-05-26,Cleveland Guardians,Los Angeles Dodgers,0,0,3.96,1,0,0,1.0,1,0,0,0,0,0,1.64
2025-05-27,Cleveland Guardians,Los Angeles Dodgers,0,0,4.5,1,0,0,1.0,3,2,2,0,0,1,1.69
2025-06-27,Kansas City Royals,Los Angeles Dodgers,0,0,4.33,1,0,0,1.0,1,0,0,0,1,1,1.7
2025-06-28,Kansas City Royals,Los Angeles Dodgers,0,0,5.27,1,0,0,0.1,4,3,3,0,0,0,1.83
2025-07-09,St. Louis Cardinals,Washington Nationals,0,0,5.08,1,0,0,1.0,0,0,0,0,0,2,1.76
2025-07-11,Milwaukee Brewers,Washington Nationals,0,0,5.22,1,0,0,1.0,1,1,1,1,0,1,1.74
2025-07-13,Milwaukee Brewers,Washington Nationals,0,0,5.04,1,0,0,1.0,0,0,0,0,0,2,1.68
2025-07-18,Washington Nationals,San Diego Padres,0,0,4.94,1,0,0,0.2,0,0,0,0,0,0,1.65
2025-07-19,Washington Nationals,San Diego Padres,0,0,4.78,1,0,0,1.0,1,0,0,0,1,0,1.66
2025-07-21,Washington Nationals,Cincinnati Reds,0,0,4.64,1,0,0,1.0,0,0,0,0,0,0,1.61
2025-07-22,Washington Nationals,Cincinnati Reds,0,0,4.5,1,0,0,1.0,1,0,0,0,0,0,1.59
2025-07-25,Minnesota Twins,Washington Nationals,0,0,4.37,1,0,0,1.0,0,0,0,0,0,1,1.54
2025-07-26,Minnesota Twins,Washington Nationals,0,0,4.21,1,0,0,1.1,1,0,0,0,0,0,1.51
2025-07-28,Houston Astros,Washington Nationals,0,0,4.1,1,0,0,1.0,1,0,0,0,1,1,1.53
2025-08-01,Los Angeles Angels,Chicago White Sox,0,0,4.23,1,0,0,1.0,2,1,1,0,0,1,1.54
2025-08-05,Los Angeles Angels,Tampa Bay Rays,0,0,4.12,1,0,0,1.0,0,0,0,0,0,1,1.5
2025-08-08,Detroit Tigers,Los Angeles Angels,0,0,4.05,1,0,0,0.2,1,0,0,0,0,1,1.5
2025-08-09,Detroit Tigers,Los Angeles Angels,0,0,3.95,1,0,0,1.0,0,0,0,0,0,2,1.46
2025-08-11,Los Angeles Angels,Los Angeles Dodgers,0,0,3.86,1,0,0,1.0,1,0,0,0,2,0,1.5
2025-08-12,Los Angeles Angels,Los Angeles Dodgers,0,0,3.77,1,0,0,1.0,1,0,0,0,0,1,1.49
2025-08-16,Athletics,Los Angeles Angels,0,0,3.68,1,0,0,1.0,1,0,0,0,0,1,1.48
2025-08-17,Athletics,Los Angeles Angels,0,0,3.65,1,0,0,0.1,1,0,0,0,1,0,1.51
2025-08-20,Los Angeles Angels,Cincinnati Reds,0,0,3.57,1,0,1,1.0,0,0,0,0,0,1,1.48
2025-08-23,Los Angeles Angels,Chicago Cubs,0,0,3.52,1,0,0,0.2,0,0,0,0,0,1,1.46
2025-08-25,Texas Rangers,Los Angeles Angels,0,0,3.5,1,0,0,0.1,0,0,0,0,0,1,1.45
2025-08-29,Houston Astros,Los Angeles Angels,0,1,3.42,1,0,0,1.0,2,1,0,0,1,1,1.48
2025-08-31,Houston Astros,Los Angeles Angels,0,0,3.35,1,0,0,1.0,1,0,0,0,0,2,1.47
2025-09-02,Kansas City Royals,Los Angeles Angels,0,0,3.28,1,0,0,1.0,0,0,0,0,0,0,1.44
2025-09-07,Los Angeles Angels,Athletics,0,0,3.22,1,0,0,1.0,1,0,0,0,1,0,1.45
2025-09-10,Los Angeles Angels,Minnesota Twins,0,0,3.16,1,0,0,1.0,0,0,0,0,0,2,1.42
2025-09-11,Seattle Mariners,Los Angeles Angels,0,0,3.1,1,0,0,1.0,0,0,0,0,0,2,1.39
2025-09-18,Milwaukee Brewers,Los Angeles Angels,0,1,3.54,1,0,0,1.0,3,3,3,0,1,0,1.44
2025-09-20,Colorado Rockies,Los Angeles Angels,0,0,3.48,1,0,1,1.0,2,0,0,0,1,0,1.47
2025-09-24,Los Angeles Angels,Kansas City Royals,0,0,3.42,1,0,0,1.0,0,0,0,0,1,0,1.46
