Date,Home Tm,Away Tm,W,L,ERA,G,GS,SV,IP,H,R,ER,HR,BB,SO,WHIP
2025-03-27,Seattle Mariners,Athletics,0,0,0.0,1,1,0,6.0,3,0,0,0,4,6,1.17
2025-04-01,Athletics,Chicago Cubs,0,1,3.75,1,1,0,6.0,6,6,5,2,3,6,1.33
2025-04-07,Athletics,San Diego Padres,0,1,4.74,1,1,0,7.0,8,5,5,2,0,3,1.26
2025-04-13,Athletics,New York Mets,0,1,4.01,1,1,0,5.2,4,1,1,0,3,6,1.26
2025-04-19,Milwaukee Brewers,Athletics,1,0,3.31,1,1,0,8.0,3,1,1,0,0,1,1.04
2025-04-25,Athletics,Chicago White Sox,0,0,3.49,1,1,0,6.0,6,3,3,0,2,7,1.09
2025-04-30,Texas Rangers,Athletics,0,0,3.3,1,1,0,5.0,8,1,1,0,1,4,1.17
2025-05-05,Athletics,Seattle Mariners,0,0,3.62,1,1,0,6.0,5,4,4,0,4,5,1.21
2025-05-11,Athletics,New York Yankees,0,1,4.7,1,1,0,4.0,9,8,8,0,2,2,1.32
2025-05-17,San Francisco Giants,Athletics,0,0,4.22,1,1,0,6.0,4,0,0,0,1,5,1.27
2025-05-22,Athletics,Los Angeles Angels,0,0,4.11,1,1,0,6.0,7,2,2,0,0,5,1.26
2025-05-28,Houston Astros,Athletics,0,0,3.89,1,1,0,6.0,3,2,1,0,2,4,1.23
2025-06-02,Athletics,Minnesota Twins,0,1,4.54,1,1,0,5.2,9,8,8,0,1,1,1.27
2025-06-07,Athletics,Baltimore Orioles,0,1,4.77,1,1,0,5.2,8,6,5,2,4,5,1.33
2025-06-13,Kansas City Royals,Athletics,1,0,4.47,1,1,0,7.2,6,1,1,0,2,1,1.3
2025-06-18,Athletics,Houston Astros,0,1,4.42,1,1,0,5.0,9,2,2,1,1,5,1.34
2025-06-24,Detroit Tigers,Athletics,0,1,4.83,1,1,0,5.0,7,7,7,2,1,2,1.35
2025-06-29,New York Yankees,Athletics,0,1,5.09,1,1,0,3.2,5,7,5,2,3,3,1.38
2025-07-05,Athletics,San Francisco Giants,0,1,5.3,1,1,0,4.1,5,5,5,1,2,2,1.39
2025-07-11,Athletics,Toronto Blue Jays,0,1,5.16,1,1,0,4.2,7,5,1,0,2,8,1.41
2025-07-19,Cleveland Guardians,Athletics,1,0,5.1,1,1,0,5.0,3,2,2,1,2,3,1.39
2025-07-24,Houston Astros,Athletics,1,0,4.95,1,1,0,7.0,4,2,2,0,0,8,1.35
2025-07-29,Athletics,Seattle Mariners,1,0,4.83,1,1,0,5.0,5,1,1,0,2,6,1.35
2025-08-05,Washington Nationals,Athletics,1,0,4.82,1,1,0,6.0,5,3,3,0,2,5,1.34
2025-09-02,St. Louis Cardinals,Athletics,0,0,4.65,1,1,0,5.0,3,0,0,0,1,4,1.32
2025-09-07,Los Angeles Angels,Athletics,0,0,4.67,1,1,0,5.0,4,3,3,1,1,7,1.31
2025-09-13,Athletics,Cincinnati Reds,0,0,4.82,1,1,0,5.0,6,5,5,2,2,2,1.32
2025-09-19,Pittsburgh Pirates,Athletics,1,0,4.72,1,1,0,5.0,7,3,1,0,1,3,1.33
2025-09-24,Athletics,Houston Astros,1,0,4.54,1,1,0,6.1,3,0,0,0,1,5,1.3
