Date,Home Tm,Away Tm,W,L,ERA,G,GS,SV,IP,H,R,ER,HR,BB,SO,WHIP
2025-08-01,Athletics,Arizona Diamondbacks,0,0,4.5,1,0,0,2.0,3,1,1,0,1,0,2.0
2025-08-10,Baltimore Orioles,Athletics,0,0,1.93,1,1,0,2.2,0,0,0,0,5,4,1.93
2025-08-16,Athletics,Los Angeles Angels,1,0,1.86,1,1,0,5.0,5,1,1,0,2,5,1.66
2025-08-22,Seattle Mariners,Athletics,0,0,1.72,1,1,0,6.0,2,1,1,1,0,6,1.15
2025-08-27,Athletics,Detroit Tigers,1,0,1.19,1,1,0,7.0,2,0,0,0,2,7,0.97
2025-09-01,St. Louis Cardinals,Athletics,1,0,1.59,1,1,0,5.2,5,2,2,1,1,8,0.99
2025-09-08,Athletics,Boston Red Sox,0,1,2.73,1,1,0,4.2,7,5,5,2,1,2,1.09
2025-09-14,Athletics,Cincinnati Reds,1,0,3.08,1,1,0,5.0,4,3,3,2,2,2,1.11
2025-09-20,Pittsburgh Pirates,Athletics,0,1,3.07,1,1,0,6.0,5,2,2,2,2,4,1.11
2025-09-27,Athletics,Kansas City Royals,0,1,3.14,1,1,0,4.2,5,3,2,0,2,5,1.15
