Date,Home Tm,Away Tm,W,L,ERA,G,GS,SV,IP,H,R,ER,HR,BB,SO,WHIP
2025-03-27,Washington Nationals,Philadelphia Phillies,0,0,0.0,1,1,0,6.0,1,0,0,0,0,13,0.17
2025-04-02,Toronto Blue Jays,Washington Nationals,0,1,2.45,1,1,0,5.0,9,3,3,1,2,5,1.09
2025-04-07,Washington Nationals,Los Angeles Dodgers,1,0,2.65,1,1,0,6.0,5,2,2,1,1,7,1.06
2025-04-13,Miami Marlins,Washington Nationals,0,1,3.52,1,1,0,6.0,8,4,4,0,3,7,1.26
2025-04-19,Colorado Rockies,Washington Nationals,1,0,3.41,1,1,0,6.0,4,2,2,1,2,13,1.21
2025-04-24,Washington Nationals,Baltimore Orioles,0,1,3.34,1,1,0,6.0,4,2,2,0,1,8,1.14
2025-04-29,Philadelphia Phillies,Washington Nationals,0,0,3.51,1,1,0,6.0,5,3,3,2,0,6,1.1
2025-05-04,Cincinnati Reds,Washington Nationals,0,0,3.33,1,1,0,5.0,4,1,1,1,4,9,1.15
2025-05-11,Washington Nationals,St. Louis Cardinals,0,1,3.59,1,1,0,6.2,5,4,4,2,3,7,1.16
2025-05-16,Baltimore Orioles,Washington Nationals,0,0,3.67,1,1,0,3.2,10,2,2,0,2,9,1.3
2025-05-23,Washington Nationals,San Francisco Giants,0,1,3.47,1,1,0,6.0,2,1,1,0,3,9,1.25
2025-05-29,Seattle Mariners,Washington Nationals,0,0,3.16,1,1,0,6.0,4,0,0,0,0,8,1.2
2025-06-04,Washington Nationals,Chicago Cubs,1,0,2.87,1,1,0,7.0,3,0,0,0,1,7,1.14
2025-06-10,New York Mets,Washington Nationals,0,0,2.88,1,1,0,6.0,5,2,2,1,0,6,1.12
2025-06-15,Washington Nationals,Miami Marlins,0,1,2.89,1,1,0,6.0,8,2,2,1,1,5,1.15
2025-06-20,Los Angeles Dodgers,Washington Nationals,0,1,3.19,1,1,0,5.2,7,6,5,1,4,4,1.19
2025-06-25,San Diego Padres,Washington Nationals,0,1,3.09,1,1,0,6.0,5,1,1,0,3,6,1.2
2025-07-02,Washington Nationals,Detroit Tigers,0,0,3.11,1,1,0,5.1,3,2,2,0,4,2,1.21
2025-07-09,St. Louis Cardinals,Washington Nationals,1,0,3.02,1,1,0,6.0,5,1,1,0,1,7,1.2
2025-07-20,Washington Nationals,San Diego Padres,0,1,3.59,1,1,0,2.1,8,8,8,2,3,2,1.27
2025-07-25,Minnesota Twins,Washington Nationals,0,1,3.52,1,1,0,5.0,1,1,1,0,6,4,1.27
2025-07-30,Houston Astros,Washington Nationals,0,1,3.8,1,1,0,5.1,8,6,6,2,1,4,1.29
2025-08-05,Washington Nationals,Athletics,0,1,4.29,1,1,0,3.0,12,8,8,2,1,0,1.37
2025-08-10,San Francisco Giants,Washington Nationals,1,0,4.09,1,1,0,6.0,3,0,0,0,1,10,1.33
2025-08-15,Washington Nationals,Philadelphia Phillies,0,0,4.04,1,1,0,6.0,4,2,2,0,2,7,1.32
2025-08-21,Washington Nationals,New York Mets,0,0,4.11,1,1,0,4.1,6,3,3,2,4,5,1.35
2025-08-26,New York Yankees,Washington Nationals,0,1,4.15,1,1,0,5.0,3,3,3,0,2,3,1.34
2025-09-11,Miami Marlins,Washington Nationals,0,1,4.14,1,1,0,5.0,4,2,2,0,2,4,1.33
2025-09-16,Washington Nationals,Atlanta Braves,0,0,4.0,1,1,0,5.1,2,0,0,0,3,5,1.32
2025-09-22,Atlanta Braves,Washington Nationals,0,1,4.17,1,1,0,2.0,4,4,4,1,4,3,1.35
