Date,Home Tm,Away Tm,W,L,ERA,G,GS,SV,IP,H,R,ER,HR,BB,SO,WHIP
2025-03-30,New York Yankees,Milwaukee Brewers,0,0,5.79,1,1,0,4.2,5,3,3,1,1,3,1.29
2025-04-05,Pittsburgh Pirates,New York Yankees,0,0,7.27,1,1,0,4.0,3,4,4,0,3,3,1.38
2025-04-11,New York Yankees,San Francisco Giants,0,1,11.57,1,1,0,0.2,4,5,5,1,3,1,2.04
2025-06-29,New York Yankees,Athletics,1,0,8.16,1,1,0,5.0,3,1,1,1,2,1,1.67
2025-07-04,New York Mets,New York Yankees,0,0,7.45,1,1,0,5.0,7,3,3,1,1,4,1.66
2025-07-10,New York Yankees,Seattle Mariners,0,0,6.66,1,1,0,5.0,6,2,2,0,2,3,1.64
2025-07-20,Atlanta Braves,New York Yankees,1,0,5.64,1,1,0,6.0,5,1,1,1,0,4,1.48
2025-07-26,New York Yankees,Philadelphia Phillies,0,1,6.09,1,1,0,3.2,5,4,4,1,4,4,1.59
2025-07-31,New York Yankees,Tampa Bay Rays,1,0,6.23,1,1,0,5.0,6,4,4,0,0,3,1.54
