Date,Home Tm,Away Tm,W,L,ERA,G,GS,SV,IP,H,R,ER,HR,BB,SO,WHIP
2025-03-31,Chicago White Sox,Minnesota Twins,1,0,0.0,1,1,0,6.0,0,0,0,0,3,9,0.5
2025-04-06,Detroit Tigers,Chicago White Sox,0,0,0.73,1,1,0,6.1,4,1,1,0,2,4,0.73
2025-04-12,Chicago White Sox,Boston Red Sox,0,0,1.59,1,1,0,4.2,5,2,2,0,4,5,1.06
2025-04-18,Boston Red Sox,Chicago White Sox,0,1,3.15,1,1,0,3.0,5,4,4,1,2,0,1.25
2025-08-13,Chicago White Sox,Detroit Tigers,0,1,3.09,1,0,0,3.1,3,1,1,0,2,4,1.29
2025-08-20,Atlanta Braves,Chicago White Sox,0,1,2.51,1,1,0,5.1,3,1,0,0,0,5,1.15
2025-08-26,Chicago White Sox,Kansas City Royals,0,0,2.02,1,1,0,7.0,1,0,0,0,0,5,0.95
2025-08-31,Chicago White Sox,New York Yankees,0,0,2.16,1,1,0,6.0,5,2,2,1,2,7,0.98
2025-09-06,Detroit Tigers,Chicago White Sox,0,1,3.15,1,1,0,4.0,5,6,6,2,3,0,1.07
2025-09-12,Cleveland Guardians,Chicago White Sox,0,1,3.27,1,1,0,6.2,4,3,3,1,2,3,1.05
2025-09-17,Chicago White Sox,Baltimore Orioles,0,1,3.54,1,1,0,3.2,5,3,3,1,2,2,1.11
