Date,Home Tm,Away Tm,W,L,ERA,G,GS,SV,IP,H,R,ER,HR,BB,SO,WHIP
2025-04-07,Washington Nationals,Los Angeles Dodgers,0,0,5.4,1,0,0,1.2,3,1,1,0,0,0,1.8
2025-04-29,Los Angeles Dodgers,Miami Marlins,1,0,2.7,1,0,0,5.0,5,1,1,0,0,4,1.2
2025-05-07,Miami Marlins,Los Angeles Dodgers,0,0,1.69,1,0,1,4.0,1,1,0,0,1,4,0.94
2025-05-11,Arizona Diamondbacks,Los Angeles Dodgers,0,0,1.54,1,0,0,1.0,0,0,0,0,0,0,0.86
2025-05-15,Los Angeles Dodgers,Athletics,0,0,2.3,1,1,0,4.0,2,2,2,1,2,2,0.89
2025-05-19,Los Angeles Dodgers,Arizona Diamondbacks,0,0,3.06,1,0,0,2.0,2,2,2,1,0,1,0.91
2025-05-23,New York Mets,Los Angeles Dodgers,0,0,3.05,1,0,0,3.0,3,2,1,1,0,2,0.92
2025-06-10,San Diego Padres,Los Angeles Dodgers,0,1,5.68,1,0,0,4.2,13,9,9,1,3,6,1.38
2025-06-17,Los Angeles Dodgers,San Diego Padres,1,0,6.18,1,0,0,2.1,3,3,3,1,2,3,1.45
2025-08-21,Colorado Rockies,Los Angeles Dodgers,0,0,6.37,1,0,0,2.0,3,2,2,1,0,2,1.45
