Date,Home Tm,Away Tm,W,L,ERA,G,GS,SV,IP,H,R,ER,HR,BB,SO,WHIP
2025-03-30,Arizona Diamondbacks,Chicago Cubs,0,0,0.0,1,1,0,5.0,4,0,0,0,3,5,1.4
2025-04-05,Chicago Cubs,San Diego Padres,1,0,0.0,1,1,0,6.0,5,0,0,0,1,5,1.18
2025-04-11,Los Angeles Dodgers,Chicago Cubs,0,1,1.59,1,1,0,6.0,4,3,3,1,3,7,1.18
2025-04-16,San Diego Padres,Chicago Cubs,0,1,2.01,1,1,0,5.1,6,2,2,0,2,3,1.25
2025-04-23,Chicago Cubs,Los Angeles Dodgers,1,0,2.54,1,1,0,6.0,10,6,3,2,1,4,1.38
2025-04-30,Pittsburgh Pirates,Chicago Cubs,0,0,2.7,1,1,0,5.0,6,2,2,0,3,6,1.44
2025-05-05,Chicago Cubs,San Francisco Giants,1,0,2.75,1,1,0,6.0,5,2,2,1,0,7,1.35
2025-05-11,New York Mets,Chicago Cubs,0,0,2.78,1,1,0,6.0,6,2,2,1,0,8,1.3
2025-05-17,Chicago Cubs,Chicago White Sox,1,0,2.98,1,1,0,6.0,4,3,3,2,0,8,1.23
2025-05-23,Cincinnati Reds,Chicago Cubs,0,0,3.42,1,1,0,4.0,8,4,4,0,2,3,1.32
2025-05-28,Chicago Cubs,Colorado Rockies,1,0,3.08,1,1,0,6.0,4,1,0,0,0,8,1.26
2025-06-04,Washington Nationals,Chicago Cubs,0,1,3.01,1,1,0,7.1,4,2,2,1,1,6,1.19
2025-06-09,Philadelphia Phillies,Chicago Cubs,0,0,2.89,1,1,0,6.0,8,2,1,0,2,0,1.23
2025-06-14,Chicago Cubs,Pittsburgh Pirates,1,0,2.79,1,1,0,6.0,1,1,1,1,1,3,1.17
2025-06-20,Chicago Cubs,Seattle Mariners,0,0,2.84,1,1,0,5.0,2,2,2,1,2,6,1.14
2025-06-25,St. Louis Cardinals,Chicago Cubs,1,0,2.65,1,1,0,6.0,3,0,0,0,0,3,1.1
2025-07-01,Chicago Cubs,Cleveland Guardians,1,0,2.65,1,1,0,7.0,5,2,2,0,1,5,1.08
2025-07-06,Chicago Cubs,St. Louis Cardinals,1,0,2.52,1,1,0,5.0,3,0,0,0,1,9,1.07
2025-07-12,New York Yankees,Chicago Cubs,1,0,2.34,1,1,0,8.0,4,0,0,0,0,6,1.03
2025-07-22,Chicago Cubs,Kansas City Royals,1,0,2.2,1,1,0,7.0,4,0,0,0,1,6,1.01
2025-07-28,Milwaukee Brewers,Chicago Cubs,0,1,2.47,1,1,0,5.0,6,5,5,1,5,2,1.06
2025-08-02,Chicago Cubs,Baltimore Orioles,0,0,2.34,1,1,0,7.0,4,0,0,0,0,8,1.03
2025-08-08,St. Louis Cardinals,Chicago Cubs,0,1,2.45,1,1,0,5.0,7,3,3,0,0,3,1.05
2025-08-14,Toronto Blue Jays,Chicago Cubs,0,1,2.46,1,1,0,7.0,2,2,2,1,1,5,1.02
2025-08-19,Chicago Cubs,Milwaukee Brewers,1,0,2.61,1,1,0,5.1,6,4,4,1,3,3,1.04
2025-08-26,San Francisco Giants,Chicago Cubs,0,1,2.82,1,1,0,5.1,6,5,5,2,3,8,1.06
2025-08-31,Colorado Rockies,Chicago Cubs,0,0,2.94,1,1,0,6.0,6,4,4,0,1,5,1.07
2025-09-06,Chicago Cubs,Washington Nationals,0,1,2.92,1,1,0,7.0,7,2,2,1,0,3,1.06
2025-09-12,Chicago Cubs,Tampa Bay Rays,1,0,3.05,1,1,0,5.0,5,4,4,1,2,1,1.07
2025-09-17,Pittsburgh Pirates,Chicago Cubs,0,0,3.2,1,1,0,3.0,7,4,4,1,2,5,1.11
2025-09-24,Chicago Cubs,New York Mets,1,0,3.21,1,1,0,5.1,2,2,2,1,1,3,1.09
