Date,Home Tm,Away Tm,W,L,ERA,G,GS,SV,IP,H,R,ER,HR,BB,SO,WHIP
2025-04-01,St. Louis Cardinals,Los Angeles Angels,0,0,4.5,1,1,0,6.0,6,3,3,0,0,4,1.0
2025-04-07,Pittsburgh Pirates,St. Louis Cardinals,0,1,5.84,1,1,0,6.1,8,5,5,1,0,7,1.14
2025-04-13,St. Louis Cardinals,Philadelphia Phillies,1,0,3.93,1,1,0,6.0,3,0,0,0,1,7,0.98
2025-04-19,New York Mets,St. Louis Cardinals,0,1,3.6,1,1,0,6.2,6,2,2,0,1,6,1.0
2025-04-25,St. Louis Cardinals,Milwaukee Brewers,1,0,3.19,1,1,0,6.0,5,2,1,0,0,4,0.97
2025-05-01,Cincinnati Reds,St. Louis Cardinals,0,1,3.44,1,1,0,3.0,2,2,2,1,1,2,0.97
2025-05-06,St. Louis Cardinals,Pittsburgh Pirates,1,0,3.07,1,1,0,7.0,3,1,1,0,3,8,0.95
2025-05-12,Philadelphia Phillies,St. Louis Cardinals,0,0,3.11,1,1,0,5.1,7,2,2,0,1,4,1.01
2025-05-18,Kansas City Royals,St. Louis Cardinals,0,0,2.92,1,1,0,6.0,6,1,1,0,1,5,1.03
2025-05-24,St. Louis Cardinals,Arizona Diamondbacks,0,0,2.73,1,1,0,7.0,6,1,1,1,0,4,1.01
2025-05-30,Texas Rangers,St. Louis Cardinals,0,1,3.08,1,1,0,5.0,7,5,4,1,1,5,1.06
2025-06-05,St. Louis Cardinals,Kansas City Royals,0,1,3.82,1,1,0,4.0,8,7,7,2,1,2,1.13
2025-06-11,St. Louis Cardinals,Toronto Blue Jays,0,1,4.17,1,1,0,5.0,9,5,5,1,1,4,1.19
2025-06-17,Chicago White Sox,St. Louis Cardinals,1,0,4.08,1,1,0,6.0,5,2,2,0,0,4,1.16
2025-06-23,St. Louis Cardinals,Chicago Cubs,1,0,3.96,1,1,0,7.0,6,2,2,0,1,5,1.15
2025-06-29,Cleveland Guardians,St. Louis Cardinals,1,0,3.7,1,1,0,6.0,3,0,0,0,5,5,1.16
2025-07-05,Chicago Cubs,St. Louis Cardinals,0,0,3.7,1,1,0,5.0,4,2,2,1,4,4,1.18
2025-07-11,St. Louis Cardinals,Atlanta Braves,0,1,4.13,1,1,0,3.0,9,6,6,2,1,0,1.25
2025-07-26,St. Louis Cardinals,San Diego Padres,0,1,4.04,1,1,0,4.1,6,2,1,0,2,3,1.27
2025-08-01,San Diego Padres,St. Louis Cardinals,0,1,3.96,1,1,0,4.1,4,4,1,0,2,1,1.28
2025-08-06,Los Angeles Dodgers,St. Louis Cardinals,0,0,3.98,1,1,0,4.0,6,3,2,1,1,1,1.29
2025-08-12,St. Louis Cardinals,Colorado Rockies,0,1,4.08,1,1,0,4.0,4,3,3,1,1,3,1.29
2025-08-18,Miami Marlins,St. Louis Cardinals,0,0,4.13,1,1,0,5.0,5,3,3,1,1,5,1.29
2025-08-24,Tampa Bay Rays,St. Louis Cardinals,0,1,4.27,1,1,0,4.1,3,4,4,1,3,5,1.29
2025-08-29,Cincinnati Reds,St. Louis Cardinals,0,0,4.32,1,1,0,5.0,8,3,3,2,2,4,1.32
2025-09-03,St. Louis Cardinals,Athletics,1,0,4.15,1,1,0,5.1,4,0,0,0,1,7,1.3
2025-09-09,Seattle Mariners,St. Louis Cardinals,0,1,4.35,1,1,0,4.0,6,5,5,2,3,1,1.33
2025-09-15,St. Louis Cardinals,Cincinnati Reds,0,0,4.3,1,1,0,6.0,4,3,2,1,1,6,1.31
2025-09-21,St. Louis Cardinals,Milwaukee Brewers,1,0,4.21,1,1,0,5.0,5,1,1,0,1,6,1.31
