Date,Home Tm,Away Tm,W,L,ERA,G,GS,SV,IP,H,R,ER,HR,BB,SO,WHIP
2025-06-13,Detroit Tigers,Cincinnati Reds,0,0,0.0,1,0,0,0.2,0,0,0,0,0,1,0.0
2025-06-14,Detroit Tigers,Cincinnati Reds,0,0,0.0,1,0,0,1.1,3,0,0,0,0,0,1.5
2025-06-19,Detroit Tigers,Pittsburgh Pirates,0,0,0.0,1,0,0,0.2,0,0,0,0,1,1,1.5
2025-06-20,Tampa Bay Rays,Detroit Tigers,0,0,0.0,1,0,0,1.2,2,0,0,0,1,1,1.62
2025-06-24,Detroit Tigers,Athletics,0,0,0.0,1,0,0,1.0,0,0,0,0,0,0,1.31
2025-06-25,Detroit Tigers,Athletics,0,0,0.0,1,0,0,0.1,2,0,0,0,0,0,1.59
2025-07-18,Toronto Blue Jays,San Francisco Giants,0,0,0.0,1,0,0,1.0,0,0,0,0,1,0,1.5
2025-07-21,Atlanta Braves,San Francisco Giants,0,0,0.0,1,0,0,2.0,1,0,0,0,0,3,1.27
2025-07-25,San Francisco Giants,New York Mets,0,0,0.0,1,0,0,1.0,0,0,0,0,0,1,1.14
2025-07-27,San Francisco Giants,New York Mets,0,0,0.0,1,1,0,1.0,0,0,0,0,0,1,1.03
2025-07-30,San Francisco Giants,Pittsburgh Pirates,0,0,0.0,1,0,0,0.2,1,0,0,0,1,0,1.15
2025-08-02,New York Mets,San Francisco Giants,0,0,0.0,1,0,0,1.2,2,0,0,0,0,1,1.15
2025-08-05,Pittsburgh Pirates,San Francisco Giants,0,0,0.0,1,0,0,2.0,0,0,0,0,1,2,1.07
2025-08-08,San Francisco Giants,Washington Nationals,0,0,0.0,1,1,0,1.0,0,0,0,0,0,1,1.0
2025-08-09,San Francisco Giants,Washington Nationals,0,0,0.0,1,0,0,2.0,2,0,0,0,0,1,1.0
2025-08-12,San Francisco Giants,San Diego Padres,0,0,0.0,1,0,0,0.2,2,0,0,0,0,0,1.07
2025-08-15,San Francisco Giants,Tampa Bay Rays,0,0,0.46,1,0,0,1.0,2,1,1,0,0,2,1.12
2025-08-16,San Francisco Giants,Tampa Bay Rays,0,0,0.45,1,0,0,0.1,1,0,0,0,1,1,1.2
2025-08-19,San Diego Padres,San Francisco Giants,0,0,0.44,1,0,0,0.1,0,0,0,0,0,0,1.18
2025-08-21,San Diego Padres,San Francisco Giants,0,0,0.86,1,0,0,0.2,2,1,1,0,0,1,1.24
2025-08-22,Milwaukee Brewers,San Francisco Giants,0,0,0.83,1,0,0,0.2,0,0,0,0,2,2,1.29
2025-08-24,Milwaukee Brewers,San Francisco Giants,0,0,0.82,1,0,0,0.1,0,0,0,0,0,0,1.27
2025-08-29,San Francisco Giants,Baltimore Orioles,0,0,0.78,1,0,0,1.0,1,0,0,0,0,1,1.26
2025-08-30,San Francisco Giants,Baltimore Orioles,0,0,1.88,1,0,0,1.0,3,3,3,0,1,1,1.38
2025-09-05,St. Louis Cardinals,San Francisco Giants,0,0,1.8,1,0,0,1.0,1,0,0,0,0,2,1.36
2025-09-07,St. Louis Cardinals,San Francisco Giants,0,0,1.75,1,0,0,0.2,1,0,0,0,0,1,1.36
2025-09-09,San Francisco Giants,Arizona Diamondbacks,0,0,2.08,1,0,0,0.1,3,1,1,0,0,0,1.46
2025-09-13,San Francisco Giants,Los Angeles Dodgers,0,0,2.96,1,0,0,1.1,2,3,3,0,1,0,1.5
2025-09-15,Arizona Diamondbacks,San Francisco Giants,0,1,3.18,1,0,0,1.0,1,1,1,0,1,0,1.52
2025-09-19,Los Angeles Dodgers,San Francisco Giants,0,0,3.07,1,0,0,1.0,0,0,0,0,0,1,1.47
2025-09-20,Los Angeles Dodgers,San Francisco Giants,0,0,3.03,1,0,0,0.1,1,0,0,0,0,0,1.48
2025-09-22,San Francisco Giants,St. Louis Cardinals,0,0,2.93,1,0,0,1.0,0,0,0,0,1,1,1.47
2025-09-24,San Francisco Giants,St. Louis Cardinals,0,0,3.19,1,0,0,0.1,2,1,1,0,0,1,1.52
