Date,Home Tm,Away Tm,W,L,ERA,G,GS,SV,IP,H,R,ER,HR,BB,SO,WHIP
2025-03-29,New York Yankees,Milwaukee Brewers,0,0,3.86,1,1,0,4.2,7,6,2,0,2,4,1.93
2025-04-04,Pittsburgh Pirates,New York Yankees,1,0,2.61,1,1,0,5.2,6,1,1,1,1,6,1.55
2025-04-09,Detroit Tigers,New York Yankees,1,0,1.56,1,1,0,7.0,5,0,0,0,0,11,1.21
2025-04-15,New York Yankees,Kansas City Royals,1,0,1.88,1,1,0,6.2,5,2,2,1,2,7,1.17
2025-04-20,Tampa Bay Rays,New York Yankees,1,0,1.42,1,1,0,7.2,2,0,0,0,2,2,1.01
2025-04-27,New York Yankees,Toronto Blue Jays,1,0,1.19,1,1,0,6.0,5,1,0,0,2,3,1.04
2025-05-02,New York Yankees,Tampa Bay Rays,1,0,1.01,1,1,0,7.0,1,0,0,0,2,6,0.94
2025-05-07,New York Yankees,San Diego Padres,0,0,1.05,1,1,0,7.0,5,1,1,1,0,8,0.91
2025-05-13,Seattle Mariners,New York Yankees,0,0,1.11,1,1,0,5.0,4,1,1,0,2,5,0.94
2025-05-18,New York Yankees,New York Mets,0,0,1.29,1,1,0,6.0,3,2,2,0,2,8,0.93
2025-05-24,Colorado Rockies,New York Yankees,1,0,1.29,1,1,0,7.1,6,1,1,0,1,7,0.93
2025-05-30,Los Angeles Dodgers,New York Yankees,0,1,1.92,1,1,0,5.0,8,6,6,2,0,3,0.97
2025-06-05,New York Yankees,Cleveland Guardians,1,0,1.78,1,1,0,6.0,1,0,0,0,2,7,0.94
2025-06-10,Kansas City Royals,New York Yankees,1,0,1.84,1,1,0,7.0,6,2,2,1,0,4,0.93
2025-06-15,Boston Red Sox,New York Yankees,0,1,1.89,1,1,0,7.0,6,2,2,1,2,9,0.95
2025-06-20,New York Yankees,Baltimore Orioles,0,0,2.05,1,1,0,6.0,7,3,3,0,0,7,0.96
2025-06-25,Cincinnati Reds,New York Yankees,1,0,1.92,1,1,0,7.0,4,1,0,0,1,7,0.94
2025-07-01,Toronto Blue Jays,New York Yankees,0,0,2.13,1,1,0,6.0,3,4,4,2,2,2,0.94
2025-07-06,New York Mets,New York Yankees,1,0,2.27,1,1,0,5.0,6,3,3,0,1,5,0.96
2025-07-12,New York Yankees,Chicago Cubs,0,1,2.43,1,1,0,3.0,6,4,3,0,3,2,1.01
2025-07-23,Toronto Blue Jays,New York Yankees,0,1,2.62,1,1,0,5.1,6,6,4,0,3,3,1.04
2025-07-29,New York Yankees,Tampa Bay Rays,1,0,2.62,1,1,0,6.2,4,4,2,1,2,9,1.03
2025-08-04,Texas Rangers,New York Yankees,0,0,2.78,1,1,0,5.0,8,4,4,0,3,7,1.07
2025-08-10,New York Yankees,Houston Astros,0,1,2.94,1,1,0,5.0,8,4,4,1,1,3,1.1
2025-08-16,St. Louis Cardinals,New York Yankees,1,0,3.26,1,1,0,5.0,8,7,7,2,1,6,1.12
2025-08-22,New York Yankees,Boston Red Sox,0,0,3.14,1,1,0,6.0,4,0,0,0,3,7,1.12
2025-08-27,New York Yankees,Washington Nationals,1,0,3.06,1,1,0,7.0,4,1,1,0,2,6,1.11
2025-09-02,Houston Astros,New York Yankees,1,0,2.98,1,1,0,7.0,4,1,1,0,3,5,1.11
2025-09-07,New York Yankees,Toronto Blue Jays,1,0,3.02,1,1,0,7.0,6,3,3,0,1,4,1.1
2025-09-13,Boston Red Sox,New York Yankees,1,0,3.03,1,1,0,5.1,9,2,2,1,2,6,1.13
2025-09-18,Baltimore Orioles,New York Yankees,1,0,2.92,1,1,0,7.0,3,0,0,0,1,13,1.11
2025-09-24,New York Yankees,Chicago White Sox,1,0,2.86,1,1,0,7.0,4,1,1,0,2,7,1.1
