Date,Home Tm,Away Tm,W,L,ERA,G,GS,SV,IP,H,R,ER,HR,BB,SO,WHIP
2025-03-30,Miami Marlins,Pittsburgh Pirates,0,0,1.59,1,1,0,5.2,5,2,1,1,1,7,1.06
2025-04-04,Atlanta Braves,Miami Marlins,0,1,3.09,1,1,0,6.0,8,3,3,0,2,8,1.37
2025-04-09,New York Mets,Miami Marlins,1,0,2.0,1,1,0,6.1,2,0,0,0,2,4,1.11
2025-04-16,Miami Marlins,Arizona Diamondbacks,0,1,2.63,1,1,0,6.0,5,3,3,2,2,8,1.13
2025-04-21,Miami Marlins,Cincinnati Reds,1,0,2.1,1,1,0,6.0,5,0,0,0,0,14,1.07
2025-04-27,Seattle Mariners,Miami Marlins,0,1,3.18,1,1,0,4.0,5,5,5,1,4,6,1.21
2025-05-03,Miami Marlins,Athletics,0,0,3.92,1,1,0,5.0,10,5,5,3,2,0,1.36
2025-05-09,Chicago White Sox,Miami Marlins,0,1,4.37,1,1,0,6.1,5,5,5,1,3,5,1.35
2025-05-16,Miami Marlins,Tampa Bay Rays,1,0,4.47,1,1,0,5.0,5,4,3,0,0,7,1.31
2025-05-21,Miami Marlins,Chicago Cubs,0,0,4.15,1,1,0,6.0,5,1,1,1,1,4,1.28
2025-05-27,San Diego Padres,Miami Marlins,0,0,4.53,1,1,0,3.1,7,6,4,1,2,0,1.36
2025-06-02,Miami Marlins,Colorado Rockies,0,1,4.73,1,1,0,5.0,10,5,4,2,1,5,1.42
