Date,Home Tm,Away Tm,W,L,ERA,G,GS,SV,IP,H,R,ER,HR,BB,SO,WHIP
2025-03-29,Toronto Blue Jays,Baltimore Orioles,0,0,6.0,1,1,0,3.0,3,2,2,2,0,1,1.0
2025-06-25,Cleveland Guardians,Toronto Blue Jays,0,0,5.63,1,1,0,5.0,6,3,3,0,3,4,1.5
2025-06-30,Toronto Blue Jays,New York Yankees,0,0,4.85,1,1,0,5.0,3,2,2,1,0,7,1.15
2025-07-05,Toronto Blue Jays,Los Angeles Angels,0,0,4.76,1,1,0,4.0,5,2,2,0,3,4,1.35
2025-07-11,Athletics,Toronto Blue Jays,1,0,4.7,1,1,0,6.0,5,3,3,2,1,8,1.26
2025-07-22,Toronto Blue Jays,New York Yankees,0,0,5.14,1,1,0,5.0,5,4,4,2,1,4,1.25
2025-07-27,Detroit Tigers,Toronto Blue Jays,0,1,4.89,1,1,0,7.0,3,3,3,1,0,11,1.09
2025-08-02,Toronto Blue Jays,Kansas City Royals,1,0,4.39,1,1,0,6.0,5,1,1,1,0,5,1.05
2025-08-08,Los Angeles Dodgers,Toronto Blue Jays,0,1,4.21,1,1,0,6.0,6,2,2,1,3,5,1.11
2025-08-14,Toronto Blue Jays,Chicago Cubs,1,0,3.83,1,1,0,7.0,5,1,1,1,1,3,1.07
2025-08-19,Pittsburgh Pirates,Toronto Blue Jays,1,0,3.6,1,1,0,6.0,4,1,1,0,3,4,1.08
2025-08-25,Toronto Blue Jays,Minnesota Twins,1,0,3.82,1,1,0,6.0,4,4,4,2,1,5,1.06
2025-08-31,Toronto Blue Jays,Milwaukee Brewers,0,0,4.11,1,1,0,4.0,9,4,4,2,0,1,1.13
2025-09-07,New York Yankees,Toronto Blue Jays,0,1,4.36,1,1,0,4.1,3,4,4,1,4,8,1.16
2025-09-13,Toronto Blue Jays,Baltimore Orioles,0,0,4.31,1,1,0,5.0,4,2,2,0,2,5,1.16
2025-09-19,Kansas City Royals,Toronto Blue Jays,0,1,5.06,1,1,0,0.2,7,7,7,2,1,2,1.25
2025-09-24,Toronto Blue Jays,Boston Red Sox,0,1,5.19,1,1,0,5.0,10,4,4,1,0,5,1.29
