Date,Home Tm,Away Tm,W,L,ERA,G,GS,SV,IP,H,R,ER,HR,BB,SO,WHIP
2025-08-24,Pittsburgh Pirates,Colorado Rockies,0,1,9.82,1,1,0,3.2,5,4,4,1,3,2,2.18
2025-08-30,Colorado Rockies,Chicago Cubs,0,1,8.22,1,1,0,4.0,5,3,3,0,3,3,2.09
2025-09-06,Colorado Rockies,San Diego Padres,0,1,12.54,1,1,0,1.2,5,6,6,1,1,1,2.36
2025-09-11,San Diego Padres,Colorado Rockies,0,1,9.88,1,1,0,4.1,5,2,2,1,2,4,2.12
2025-09-17,Colorado Rockies,Miami Marlins,0,0,9.17,1,1,0,4.0,4,3,3,0,4,1,2.09
2025-09-23,Seattle Mariners,Colorado Rockies,0,0,7.54,1,1,0,5.0,2,1,1,1,2,10,1.81
2025-09-28,San Francisco Giants,Colorado Rockies,0,1,7.36,1,1,0,3.0,4,2,2,2,2,2,1.83
