Date,Home Tm,Away Tm,W,L,ERA,G,GS,SV,IP,H,R,ER,HR,BB,SO,WHIP
2025-03-28,Arizona Diamondbacks,Chicago Cubs,1,0,1.69,1,1,0,5.1,3,1,1,0,4,1,1.31
2025-04-03,New York Yankees,Arizona Diamondbacks,0,1,10.0,1,1,0,3.2,9,9,9,3,3,2,2.11
2025-04-08,Arizona Diamondbacks,Baltimore Orioles,1,0,7.2,1,1,0,6.0,3,3,2,0,2,4,1.6
2025-04-15,Miami Marlins,Arizona Diamondbacks,1,0,5.57,1,1,0,6.0,3,1,1,0,1,9,1.33
2025-04-20,Chicago Cubs,Arizona Diamondbacks,0,0,4.73,1,1,0,5.2,2,1,1,0,1,5,1.16
2025-04-26,Arizona Diamondbacks,Atlanta Braves,0,0,4.41,1,1,0,6.0,4,2,2,2,1,4,1.1
2025-05-02,Philadelphia Phillies,Arizona Diamondbacks,0,0,4.06,1,1,0,5.0,4,1,1,0,0,2,1.06
2025-05-07,Arizona Diamondbacks,New York Mets,0,1,4.09,1,1,0,6.1,6,3,3,1,0,6,1.05
2025-05-12,San Francisco Giants,Arizona Diamondbacks,1,0,3.71,1,1,0,7.0,8,1,1,0,0,8,1.06
2025-05-18,Arizona Diamondbacks,Colorado Rockies,1,0,3.26,1,1,0,7.0,1,0,0,0,3,11,1.0
2025-05-24,St. Louis Cardinals,Arizona Diamondbacks,0,0,3.52,1,1,0,6.0,6,4,4,0,1,6,1.02
2025-05-30,Arizona Diamondbacks,Washington Nationals,0,0,3.78,1,1,0,5.0,6,6,4,2,2,6,1.06
2025-06-04,Atlanta Braves,Arizona Diamondbacks,1,0,3.43,1,1,0,7.0,1,0,0,0,1,8,0.99
2025-06-09,Arizona Diamondbacks,Seattle Mariners,0,0,3.18,1,1,0,6.0,4,0,0,0,2,7,0.99
2025-06-15,Arizona Diamondbacks,San Diego Padres,0,1,3.41,1,1,0,5.0,7,4,4,1,1,7,1.02
2025-06-21,Colorado Rockies,Arizona Diamondbacks,1,0,3.39,1,1,0,6.0,6,3,2,1,3,7,1.05
2025-06-27,Arizona Diamondbacks,Miami Marlins,0,1,3.49,1,1,0,5.0,6,5,3,1,1,7,1.07
2025-07-02,Arizona Diamondbacks,San Francisco Giants,0,0,3.55,1,1,0,6.0,5,3,3,1,3,3,1.09
2025-07-08,San Diego Padres,Arizona Diamondbacks,0,1,3.41,1,1,0,7.0,4,1,1,1,0,4,1.05
2025-07-13,Los Angeles Angels,Arizona Diamondbacks,1,0,3.34,1,1,0,5.0,1,1,1,0,4,6,1.05
2025-07-20,Arizona Diamondbacks,St. Louis Cardinals,1,0,3.32,1,1,0,6.0,3,2,2,0,4,5,1.06
2025-07-26,Pittsburgh Pirates,Arizona Diamondbacks,0,1,3.22,1,1,0,6.2,6,2,1,1,1,3,1.06
2025-08-02,Seattle Mariners,Texas Rangers,0,0,3.22,1,1,0,5.2,4,2,2,0,0,6,1.04
2025-08-08,Texas Rangers,Philadelphia Phillies,0,1,3.38,1,1,0,4.1,5,4,4,2,5,4,1.08
2025-08-13,Texas Rangers,Arizona Diamondbacks,0,0,3.36,1,1,0,6.0,7,2,2,1,1,5,1.09
2025-08-19,Kansas City Royals,Texas Rangers,0,0,3.35,1,1,0,6.0,2,2,2,2,0,3,1.06
2025-08-24,Texas Rangers,Cleveland Guardians,1,0,3.2,1,1,0,7.0,4,0,0,0,2,8,1.05
2025-08-30,Athletics,Texas Rangers,1,0,3.24,1,1,0,6.1,6,3,3,2,0,2,1.05
2025-09-05,Texas Rangers,Houston Astros,0,0,3.16,1,1,0,7.0,5,1,1,0,1,7,1.04
2025-09-10,Texas Rangers,Milwaukee Brewers,1,0,3.21,1,1,0,5.2,10,3,3,2,0,6,1.06
2025-09-16,Houston Astros,Texas Rangers,0,1,3.46,1,1,0,3.0,9,6,6,0,1,1,1.1
2025-09-21,Texas Rangers,Miami Marlins,0,1,3.52,1,1,0,4.1,7,3,3,0,0,4,1.11
