Date,Home Tm,Away Tm,W,L,ERA,G,GS,SV,IP,H,R,ER,HR,BB,SO,WHIP
2025-03-30,Kansas City Royals,Cleveland Guardians,0,1,2.25,1,1,0,4.0,4,1,1,0,4,2,2.0
2025-04-05,Kansas City Royals,Baltimore Orioles,0,1,4.66,1,1,0,5.2,6,4,4,0,1,5,1.55
2025-04-10,Kansas City Royals,Minnesota Twins,0,0,4.2,1,1,0,5.1,3,2,2,1,3,4,1.4
2025-04-15,New York Yankees,Kansas City Royals,0,1,4.35,1,1,0,5.2,4,3,3,0,2,4,1.31
2025-04-20,Detroit Tigers,Kansas City Royals,0,0,4.15,1,1,0,5.1,7,2,2,0,0,5,1.31
2025-04-26,Kansas City Royals,Houston Astros,1,0,3.38,1,1,0,6.0,4,0,0,0,2,6,1.25
2025-05-02,Baltimore Orioles,Kansas City Royals,0,1,3.52,1,1,0,6.1,7,3,3,1,1,3,1.25
2025-05-07,Kansas City Royals,Chicago White Sox,1,0,2.98,1,1,0,7.0,3,0,0,0,1,5,1.15
2025-05-12,Houston Astros,Kansas City Royals,1,0,2.96,1,1,0,6.1,8,2,2,0,2,3,1.2
2025-05-18,Kansas City Royals,St. Louis Cardinals,0,0,2.86,1,1,0,5.0,8,1,1,1,0,6,1.24
2025-05-24,Minnesota Twins,Kansas City Royals,0,0,3.21,1,1,0,5.0,7,4,4,2,1,1,1.26
2025-05-31,Kansas City Royals,Detroit Tigers,0,0,2.88,1,1,0,7.0,1,0,0,0,1,6,1.17
2025-06-07,Chicago White Sox,Kansas City Royals,0,1,3.01,1,1,0,6.0,6,3,3,2,1,5,1.17
2025-06-13,Kansas City Royals,Athletics,0,1,3.38,1,1,0,5.1,9,5,5,2,2,5,1.23
2025-06-19,Texas Rangers,Kansas City Royals,1,0,3.24,1,1,0,6.0,2,1,1,0,2,5,1.19
2025-06-25,Kansas City Royals,Tampa Bay Rays,0,1,3.33,1,1,0,6.0,9,3,3,0,1,9,1.22
2025-06-30,Seattle Mariners,Kansas City Royals,0,1,3.62,1,1,0,5.0,8,5,5,2,2,1,1.26
2025-07-05,Arizona Diamondbacks,Kansas City Royals,0,1,3.83,1,1,0,4.0,4,4,4,0,4,4,1.29
2025-07-11,Kansas City Royals,New York Mets,0,0,3.74,1,1,0,5.0,2,1,1,0,3,5,1.27
2025-07-19,Miami Marlins,Kansas City Royals,0,0,3.62,1,1,0,6.0,3,1,1,0,1,1,1.24
2025-07-26,Kansas City Royals,Cleveland Guardians,0,0,3.53,1,1,0,5.1,3,1,1,0,1,5,1.22
2025-08-01,Toronto Blue Jays,Kansas City Royals,1,0,3.38,1,1,0,8.0,3,1,1,1,0,5,1.16
2025-08-06,Boston Red Sox,Kansas City Royals,1,0,3.36,1,1,0,6.0,5,2,2,0,0,3,1.15
2025-08-12,Kansas City Royals,Washington Nationals,1,0,3.35,1,1,0,5.2,5,2,2,0,2,3,1.15
2025-08-18,Kansas City Royals,Texas Rangers,1,0,3.34,1,1,0,5.2,9,2,2,0,0,3,1.17
2025-08-23,Detroit Tigers,Kansas City Royals,0,1,3.39,1,1,0,6.0,8,3,3,1,1,4,1.18
2025-08-31,Kansas City Royals,Detroit Tigers,0,1,3.52,1,1,0,4.2,5,4,4,0,1,4,1.19
2025-09-05,Kansas City Royals,Minnesota Twins,1,0,3.45,1,1,0,5.2,4,1,1,0,2,5,1.18
2025-09-16,Kansas City Royals,Seattle Mariners,0,1,3.79,1,1,0,2.2,9,7,7,2,0,0,1.22
2025-09-21,Kansas City Royals,Toronto Blue Jays,0,1,4.0,1,1,0,5.0,8,6,6,0,1,4,1.24
2025-09-27,Athletics,Kansas City Royals,1,0,3.86,1,1,0,6.0,2,0,0,0,3,5,1.22
