Date,Home Tm,Away Tm,W,L,ERA,G,GS,SV,IP,H,R,ER,HR,BB,SO,WHIP
2025-03-31,Toronto Blue Jays,Washington Nationals,0,1,7.2,1,1,0,5.0,5,4,4,1,1,3,1.2
2025-05-07,Washington Nationals,Cleveland Guardians,0,1,7.2,1,1,0,5.0,5,4,4,0,2,8,1.3
2025-05-13,Atlanta Braves,Washington Nationals,0,0,6.43,1,1,0,4.0,4,2,2,1,1,4,1.29
2025-05-18,Baltimore Orioles,Washington Nationals,1,0,5.95,1,1,0,5.2,7,3,3,2,0,8,1.27
2025-05-25,Washington Nationals,San Francisco Giants,0,1,5.61,1,1,0,6.0,5,3,3,1,1,2,1.21
2025-05-31,Arizona Diamondbacks,Washington Nationals,1,0,5.81,1,1,0,5.1,6,4,4,1,1,3,1.23
2025-06-06,Washington Nationals,Texas Rangers,1,0,4.86,1,1,0,6.0,2,0,0,0,1,7,1.11
2025-06-12,New York Mets,Washington Nationals,0,1,5.14,1,1,0,5.0,3,4,4,2,3,5,1.12
2025-06-17,Washington Nationals,Colorado Rockies,0,1,5.06,1,1,0,6.0,5,3,3,2,2,9,1.13
2025-06-22,Los Angeles Dodgers,Washington Nationals,0,0,5.06,1,1,0,5.1,2,3,3,0,2,10,1.09
2025-06-28,Los Angeles Angels,Washington Nationals,0,0,4.7,1,1,0,6.0,2,1,1,0,1,5,1.03
2025-07-04,Washington Nationals,Boston Red Sox,0,1,5.4,1,1,0,4.0,9,7,7,0,2,6,1.14
2025-07-10,St. Louis Cardinals,Washington Nationals,0,1,5.35,1,1,0,4.0,4,2,2,0,2,4,1.16
2025-07-18,Washington Nationals,San Diego Padres,0,0,5.1,1,1,0,5.0,3,1,1,0,2,3,1.15
2025-07-23,Washington Nationals,Cincinnati Reds,0,1,4.85,1,1,0,5.2,2,1,1,0,3,6,1.13
2025-07-29,Houston Astros,Washington Nationals,0,0,4.87,1,1,0,3.1,4,2,2,1,0,4,1.13
2025-08-04,Chicago Cubs,Cincinnati Reds,0,0,4.86,1,1,0,2.0,1,1,1,1,1,3,1.13
2025-09-15,Pittsburgh Pirates,Chicago Cubs,0,0,4.75,1,0,0,2.0,0,0,0,0,2,2,1.13
2025-09-18,Cincinnati Reds,Chicago Cubs,0,0,4.69,1,0,0,1.0,0,0,0,0,1,1,1.12
2025-09-23,Chicago Cubs,New York Mets,0,0,4.6,1,0,0,1.2,3,4,0,0,1,1,1.15
2025-09-25,Chicago Cubs,New York Mets,0,0,4.55,1,0,0,1.0,0,0,0,0,0,1,1.13
2025-09-28,Chicago Cubs,St. Louis Cardinals,0,0,4.52,1,0,0,0.2,0,0,0,0,0,0,1.13
