Date,Home Tm,Away Tm,W,L,ERA,G,GS,SV,IP,H,R,ER,HR,BB,SO,WHIP
2025-04-01,Milwaukee Brewers,Kansas City Royals,0,1,5.06,1,1,0,5.1,5,4,3,1,3,7,1.5
2025-04-07,Kansas City Royals,Minnesota Twins,1,0,3.18,1,1,0,6.0,5,1,1,0,0,3,1.15
2025-04-12,Cleveland Guardians,Kansas City Royals,0,1,3.71,1,1,0,5.2,7,3,3,1,1,4,1.24
2025-04-17,Detroit Tigers,Kansas City Royals,0,1,4.57,1,1,0,4.2,7,4,4,0,3,3,1.43
2025-04-24,Kansas City Royals,Colorado Rockies,1,0,3.9,1,1,0,6.0,5,1,1,1,4,7,1.45
2025-04-29,Tampa Bay Rays,Kansas City Royals,1,0,3.48,1,1,0,6.0,4,1,1,1,2,4,1.37
2025-05-04,Baltimore Orioles,Kansas City Royals,0,0,4.23,1,1,0,4.2,7,5,5,4,1,5,1.41
2025-05-09,Kansas City Royals,Boston Red Sox,0,0,3.57,1,1,0,7.0,3,0,0,0,0,7,1.26
2025-05-14,Houston Astros,Kansas City Royals,0,1,3.76,1,1,0,7.1,7,4,4,1,1,5,1.23
2025-05-20,San Francisco Giants,Kansas City Royals,0,1,3.77,1,1,0,4.2,7,3,2,0,1,5,1.27
2025-05-26,Kansas City Royals,Cincinnati Reds,0,1,4.33,1,1,0,5.0,11,6,6,1,3,2,1.4
2025-06-03,St. Louis Cardinals,Kansas City Royals,0,0,5.12,1,1,0,2.2,7,7,7,2,1,2,1.46
2025-06-08,Chicago White Sox,Kansas City Royals,1,0,4.94,1,1,0,6.0,1,2,2,1,2,7,1.38
2025-06-14,Kansas City Royals,Athletics,0,1,4.91,1,1,0,6.0,4,3,3,1,3,4,1.36
2025-06-20,San Diego Padres,Kansas City Royals,0,0,4.81,1,1,0,5.1,5,2,2,0,3,4,1.37
2025-06-26,Kansas City Royals,Tampa Bay Rays,0,1,4.91,1,1,0,5.2,8,4,4,2,0,4,1.38
2025-07-01,Seattle Mariners,Kansas City Royals,0,0,4.95,1,1,0,4.2,6,3,3,1,0,5,1.37
2025-07-06,Arizona Diamondbacks,Kansas City Royals,1,0,4.61,1,1,0,7.0,2,0,0,0,1,7,1.3
2025-08-16,Kansas City Royals,Chicago White Sox,0,0,4.43,1,1,0,4.0,3,0,0,0,2,3,1.3
2025-08-21,Kansas City Royals,Texas Rangers,0,0,4.5,1,1,0,4.1,9,4,3,0,1,6,1.34
2025-08-26,Chicago White Sox,Kansas City Royals,0,0,4.62,1,1,0,5.0,7,4,4,1,1,6,1.35
2025-09-02,Kansas City Royals,Los Angeles Angels,0,1,4.54,1,1,0,6.0,4,2,2,1,1,5,1.33
2025-09-07,Kansas City Royals,Minnesota Twins,0,1,4.63,1,1,0,5.1,7,4,4,2,0,5,1.33
2025-09-12,Philadelphia Phillies,Kansas City Royals,0,1,4.95,1,1,0,3.0,10,6,6,1,2,3,1.39
2025-09-17,Kansas City Royals,Seattle Mariners,0,0,4.91,1,0,0,1.0,0,0,0,0,0,1,1.38
2025-09-19,Kansas City Royals,Toronto Blue Jays,1,0,4.7,1,1,0,7.2,3,1,1,1,3,4,1.35
2025-09-25,Los Angeles Angels,Kansas City Royals,1,0,4.64,1,1,0,5.2,5,2,2,2,0,9,1.33
