Date,Home Tm,Away Tm,W,L,ERA,G,GS,SV,IP,H,R,ER,HR,BB,SO,WHIP
2025-05-04,St. Louis Cardinals,New York Mets,1,0,0.0,1,0,0,5.2,1,0,0,0,1,5,0.35
2025-06-08,St. Louis Cardinals,Los Angeles Dodgers,0,1,3.09,1,1,0,6.0,8,4,4,0,0,5,0.86
2025-06-19,Chicago White Sox,St. Louis Cardinals,0,0,2.7,1,1,0,5.0,3,1,1,1,1,5,0.84
2025-06-24,St. Louis Cardinals,Chicago Cubs,0,0,4.22,1,1,0,4.2,7,5,5,1,1,1,1.03
2025-07-21,Colorado Rockies,St. Louis Cardinals,1,0,3.49,1,1,0,7.0,7,2,1,0,0,1,1.02
2025-07-27,St. Louis Cardinals,San Diego Padres,0,1,4.91,1,1,0,4.2,9,7,7,0,2,2,1.21
2025-08-02,San Diego Padres,St. Louis Cardinals,1,0,5.08,1,1,0,6.0,7,4,4,1,1,4,1.23
2025-08-08,St. Louis Cardinals,Chicago Cubs,1,0,4.4,1,1,0,6.0,6,0,0,0,1,3,1.22
2025-08-13,St. Louis Cardinals,Colorado Rockies,0,0,4.41,1,1,0,6.0,7,3,3,1,0,2,1.22
2025-08-19,Miami Marlins,St. Louis Cardinals,1,0,4.26,1,1,0,6.0,5,4,2,0,0,5,1.18
2025-08-25,St. Louis Cardinals,Pittsburgh Pirates,0,0,4.43,1,1,0,6.0,6,4,4,2,2,7,1.19
2025-08-30,Cincinnati Reds,St. Louis Cardinals,1,0,4.17,1,1,0,6.0,5,1,1,0,2,0,1.19
2025-09-05,St. Louis Cardinals,San Francisco Giants,0,1,4.68,1,1,0,4.0,9,6,6,2,1,3,1.26
2025-09-10,Seattle Mariners,St. Louis Cardinals,0,0,4.44,1,1,0,6.0,5,1,1,0,0,4,1.23
2025-09-16,St. Louis Cardinals,Cincinnati Reds,1,0,4.08,1,1,0,7.0,3,0,0,0,3,6,1.2
2025-09-22,San Francisco Giants,St. Louis Cardinals,1,0,4.35,1,1,0,5.0,6,5,5,2,3,2,1.23
2025-09-27,Chicago Cubs,St. Louis Cardinals,0,1,4.42,1,1,0,4.2,6,3,3,2,2,3,1.25
