Date,Home Tm,Away Tm,W,L,ERA,G,GS,SV,IP,H,R,ER,HR,BB,SO,WHIP
2025-05-18,Philadelphia Phillies,Pittsburgh Pirates,1,0,0.0,1,1,0,6.0,5,0,0,0,0,9,0.83
2025-06-04,Toronto Blue Jays,Philadelphia Phillies,0,0,0.79,1,1,0,5.1,3,1,1,0,0,2,0.71
2025-06-10,Philadelphia Phillies,Chicago Cubs,0,0,2.35,1,1,0,4.0,6,3,3,3,3,3,1.11
2025-06-16,Miami Marlins,Philadelphia Phillies,1,0,2.21,1,1,0,5.0,3,1,1,0,1,3,1.03
2025-06-21,Philadelphia Phillies,New York Mets,0,1,3.47,1,1,0,3.0,6,4,4,4,0,1,1.16
2025-06-27,Atlanta Braves,Philadelphia Phillies,0,0,3.47,0,0,0,0.0,0,0,0,0,0,0,1.16
2025-07-02,Philadelphia Phillies,San Diego Padres,0,1,5.04,1,1,0,1.2,2,5,5,0,5,3,1.36
2025-08-23,Chicago White Sox,Minnesota Twins,0,1,6.43,1,1,0,3.0,7,6,6,1,2,2,1.54
2025-08-30,Minnesota Twins,San Diego Padres,0,1,7.76,1,0,0,1.0,7,6,5,0,1,1,1.76
2025-09-20,Minnesota Twins,Cleveland Guardians,0,0,7.36,1,0,0,4.0,1,2,2,0,3,6,1.67
2025-09-27,Philadelphia Phillies,Minnesota Twins,1,0,6.23,1,1,0,6.0,3,0,0,0,1,9,1.51
