Date,Home Tm,Away Tm,W,L,ERA,G,GS,SV,IP,H,R,ER,HR,BB,SO,WHIP
2025-03-31,Chicago White Sox,Minnesota Twins,0,0,0.0,1,0,0,2.0,2,0,0,0,0,1,1.0
2025-04-02,Chicago White Sox,Minnesota Twins,0,0,0.0,1,0,0,2.0,0,0,0,0,0,1,0.5
2025-04-09,Cleveland Guardians,Chicago White Sox,0,0,0.0,1,0,0,3.0,0,0,0,0,2,1,0.57
2025-04-12,Chicago White Sox,Boston Red Sox,0,0,0.0,1,0,0,2.0,1,0,0,0,2,3,0.78
2025-04-16,Chicago White Sox,Athletics,0,0,0.0,1,0,0,3.0,2,0,0,0,0,0,0.75
2025-04-19,Boston Red Sox,Chicago White Sox,0,1,0.0,1,0,0,0.1,1,1,0,0,2,0,0.97
2025-04-22,Minnesota Twins,Chicago White Sox,0,0,1.17,1,0,0,3.0,2,2,2,1,2,4,1.04
2025-04-29,Chicago White Sox,Milwaukee Brewers,0,0,1.1,1,0,0,1.0,1,0,0,0,2,2,1.16
2025-05-01,Chicago White Sox,Milwaukee Brewers,0,0,1.04,1,0,0,1.0,0,0,0,0,1,1,1.15
2025-05-04,Chicago White Sox,Houston Astros,1,0,0.92,1,0,0,2.1,0,0,0,0,1,0,1.07
2025-05-08,Kansas City Royals,Chicago White Sox,0,0,1.71,1,0,0,1.1,4,2,2,0,0,1,1.19
2025-05-11,Chicago White Sox,Miami Marlins,1,0,1.88,1,0,0,3.0,3,1,1,0,1,1,1.21
2025-05-14,Cincinnati Reds,Chicago White Sox,0,0,1.8,1,0,1,1.0,0,0,0,0,1,0,1.2
2025-05-17,Chicago Cubs,Chicago White Sox,0,0,1.98,1,0,0,2.1,1,1,1,0,5,2,1.32
2025-05-21,Chicago White Sox,Seattle Mariners,0,1,2.54,1,0,0,1.0,3,2,2,1,0,0,1.38
2025-05-24,Chicago White Sox,Texas Rangers,1,0,2.3,1,0,0,3.0,1,0,0,0,1,2,1.31
2025-05-28,New York Mets,Chicago White Sox,0,0,2.1,1,0,0,3.0,2,0,0,0,1,5,1.28
2025-06-04,Chicago White Sox,Detroit Tigers,0,0,1.89,1,0,0,3.2,2,0,0,0,0,3,1.21
2025-06-08,Chicago White Sox,Kansas City Royals,0,0,2.18,1,1,0,3.1,5,2,2,1,1,1,1.26
2025-06-14,Texas Rangers,Chicago White Sox,0,0,1.99,1,1,0,4.0,2,0,0,0,4,4,1.28
2025-06-19,Chicago White Sox,St. Louis Cardinals,0,0,2.94,1,1,0,3.2,7,6,6,2,1,6,1.35
2025-06-24,Chicago White Sox,Arizona Diamondbacks,0,1,2.82,1,0,0,5.1,3,2,1,0,0,1,1.27
2025-06-29,Chicago White Sox,San Francisco Giants,0,0,2.73,1,0,1,1.2,0,0,0,0,1,1,1.25
2025-07-06,Colorado Rockies,Chicago White Sox,0,0,2.59,1,0,0,3.0,2,0,0,0,2,2,1.25
2025-07-11,Chicago White Sox,Cleveland Guardians,1,0,2.47,1,0,0,3.0,0,0,0,0,3,2,1.24
2025-07-20,Pittsburgh Pirates,Chicago White Sox,0,0,2.57,1,0,0,1.0,1,1,1,0,0,1,1.24
2025-07-22,Tampa Bay Rays,Chicago White Sox,0,0,2.53,1,0,0,1.0,0,0,0,0,1,2,1.23
2025-07-27,Chicago White Sox,Chicago Cubs,0,0,2.49,1,0,0,1.0,0,1,0,0,2,1,1.25
2025-07-30,Chicago White Sox,Philadelphia Phillies,1,0,2.35,1,0,0,4.0,3,0,0,0,0,3,1.22
2025-08-03,Los Angeles Angels,Chicago White Sox,0,0,2.54,1,0,0,2.0,3,2,2,0,1,2,1.24
2025-08-05,Seattle Mariners,Chicago White Sox,0,0,2.5,1,0,0,1.0,0,0,0,0,1,1,1.24
2025-08-08,Chicago White Sox,Cleveland Guardians,0,0,2.38,1,0,0,3.2,2,0,0,0,3,3,1.24
2025-08-12,Chicago White Sox,Detroit Tigers,0,0,2.53,1,0,0,2.2,4,3,2,1,1,2,1.26
2025-08-16,Kansas City Royals,Chicago White Sox,0,0,2.46,1,0,0,2.0,0,0,0,0,1,3,1.24
2025-08-18,Atlanta Braves,Chicago White Sox,0,0,2.55,1,0,0,1.0,1,1,1,1,1,1,1.25
2025-08-20,Atlanta Braves,Chicago White Sox,0,0,2.49,1,0,0,1.2,1,0,0,0,0,1,1.24
2025-08-24,Chicago White Sox,Minnesota Twins,0,0,2.44,1,0,0,2.0,2,0,0,0,0,2,1.24
2025-08-27,Chicago White Sox,Kansas City Royals,0,0,2.38,1,0,0,2.0,1,0,0,0,0,1,1.22
2025-08-29,Chicago White Sox,New York Yankees,0,0,2.53,1,0,0,2.0,3,2,2,1,1,4,1.24
2025-08-31,Chicago White Sox,New York Yankees,0,0,2.5,1,0,1,1.0,0,0,0,0,0,1,1.22
2025-09-03,Minnesota Twins,Chicago White Sox,0,0,2.57,1,0,0,1.0,2,1,1,0,1,1,1.24
2025-09-07,Detroit Tigers,Chicago White Sox,0,0,2.54,1,0,1,1.0,0,0,0,0,0,1,1.23
2025-09-10,Chicago White Sox,Tampa Bay Rays,0,0,2.53,1,0,0,0.2,1,0,0,0,0,1,1.23
2025-09-15,Chicago White Sox,Baltimore Orioles,0,0,2.45,1,0,0,3.0,2,0,0,0,1,2,1.22
2025-09-21,Chicago White Sox,San Diego Padres,0,0,2.37,1,0,0,3.0,3,0,0,0,1,3,1.23
2025-09-25,New York Yankees,Chicago White Sox,0,0,2.43,1,0,0,1.1,1,1,1,0,2,1,1.24
2025-09-27,Washington Nationals,Chicago White Sox,0,0,2.5,1,0,0,1.0,0,1,1,0,2,1,1.25
