Date,Home Tm,Away Tm,W,L,ERA,G,GS,SV,IP,H,R,ER,HR,BB,SO,WHIP
2025-05-22,Pittsburgh Pirates,Milwaukee Brewers,0,1,7.2,1,1,0,5.0,4,4,4,2,2,3,1.2
2025-05-27,Arizona Diamondbacks,Pittsburgh Pirates,0,0,8.64,1,1,0,3.1,5,5,4,1,2,2,1.56
2025-06-04,Pittsburgh Pirates,Houston Astros,1,0,5.27,1,1,0,5.1,5,0,0,0,0,6,1.32
2025-06-09,Pittsburgh Pirates,Miami Marlins,0,0,5.0,1,1,0,4.1,5,2,2,1,3,6,1.44
2025-06-14,Chicago Cubs,Pittsburgh Pirates,0,0,4.24,1,1,0,5.1,5,1,1,0,0,8,1.33
2025-06-20,Pittsburgh Pirates,Texas Rangers,0,1,4.82,1,1,0,4.2,7,4,4,2,1,4,1.39
2025-06-25,Milwaukee Brewers,Pittsburgh Pirates,0,0,4.45,1,0,0,2.1,0,0,0,0,1,1,1.32
2025-06-29,Pittsburgh Pirates,New York Mets,0,0,4.15,1,1,0,4.1,4,1,1,1,1,5,1.3
2025-07-05,Seattle Mariners,Pittsburgh Pirates,0,0,3.63,1,1,0,5.0,3,0,0,0,4,6,1.31
2025-07-12,Minnesota Twins,Pittsburgh Pirates,0,1,4.83,1,1,0,1.1,5,6,6,1,3,1,1.46
2025-07-19,Pittsburgh Pirates,Chicago White Sox,0,0,4.7,1,1,0,5.0,3,2,2,0,2,6,1.41
2025-07-25,Pittsburgh Pirates,Arizona Diamondbacks,0,0,4.15,1,1,0,6.0,3,0,0,0,1,5,1.33
2025-07-30,San Francisco Giants,Pittsburgh Pirates,0,0,3.88,1,1,0,6.0,3,1,1,0,1,7,1.26
2025-08-05,Pittsburgh Pirates,San Francisco Giants,0,1,4.45,1,1,0,4.2,5,6,6,3,3,3,1.29
2025-08-10,Pittsburgh Pirates,Cincinnati Reds,0,0,4.66,1,1,0,5.0,3,4,4,1,1,6,1.26
2025-08-16,Chicago Cubs,Pittsburgh Pirates,0,0,4.46,1,1,0,5.0,5,1,1,0,2,4,1.27
2025-08-23,Pittsburgh Pirates,Colorado Rockies,0,0,4.23,1,1,0,4.0,2,0,0,0,1,5,1.24
2025-08-30,Boston Red Sox,Pittsburgh Pirates,0,0,4.23,1,0,0,2.0,5,1,1,0,0,2,1.27
2025-09-03,Pittsburgh Pirates,Los Angeles Dodgers,1,0,4.08,1,0,0,3.0,2,0,0,0,1,2,1.26
2025-09-09,Baltimore Orioles,Pittsburgh Pirates,0,0,3.99,1,1,0,4.0,2,1,1,0,1,6,1.24
2025-09-14,Washington Nationals,Pittsburgh Pirates,0,0,4.1,1,1,0,4.1,5,3,3,0,1,6,1.24
2025-09-21,Pittsburgh Pirates,Athletics,0,0,3.93,1,1,0,4.0,5,0,0,0,0,3,1.24
2025-09-26,Atlanta Braves,Pittsburgh Pirates,0,0,3.94,1,0,0,2.0,2,1,1,1,0,0,1.24
