Date,Home Tm,Away Tm,W,L,ERA,G,GS,SV,IP,H,R,ER,HR,BB,SO,WHIP
2025-03-31,St. Louis Cardinals,Los Angeles Angels,0,0,3.38,1,1,0,5.1,2,2,2,0,2,3,0.75
2025-04-06,Boston Red Sox,St. Louis Cardinals,0,1,11.25,1,1,0,2.2,11,9,8,0,1,1,2.0
2025-04-12,St. Louis Cardinals,Philadelphia Phillies,0,1,9.0,1,1,0,5.0,3,3,3,0,2,6,1.62
2025-04-18,New York Mets,St. Louis Cardinals,0,0,7.64,1,1,0,4.2,5,2,2,0,2,1,1.58
2025-04-23,Atlanta Braves,St. Louis Cardinals,0,0,5.7,1,1,0,6.0,6,0,0,0,2,2,1.52
2025-04-30,Cincinnati Reds,St. Louis Cardinals,1,0,4.66,1,1,0,5.1,3,0,0,0,0,4,1.34
2025-05-05,St. Louis Cardinals,Pittsburgh Pirates,0,0,4.76,1,1,0,5.0,4,3,3,1,3,1,1.35
2025-05-11,Washington Nationals,St. Louis Cardinals,1,0,4.35,1,1,0,5.1,4,1,1,1,1,5,1.3
2025-05-17,Kansas City Royals,St. Louis Cardinals,1,0,3.77,1,1,0,6.0,2,0,0,0,2,4,1.21
2025-05-23,St. Louis Cardinals,Arizona Diamondbacks,1,0,3.51,1,1,0,6.0,4,1,1,1,1,4,1.17
2025-05-28,Baltimore Orioles,St. Louis Cardinals,0,0,3.9,1,1,0,4.0,9,4,4,0,0,3,1.25
2025-06-05,St. Louis Cardinals,Kansas City Royals,0,0,3.96,1,1,0,6.0,8,3,3,1,1,2,1.27
2025-06-10,St. Louis Cardinals,Toronto Blue Jays,0,1,4.48,1,1,0,5.0,9,6,6,1,0,2,1.31
2025-06-15,Milwaukee Brewers,St. Louis Cardinals,0,1,4.35,1,1,0,6.0,6,2,2,1,1,7,1.3
2025-06-22,St. Louis Cardinals,Cincinnati Reds,0,1,4.31,1,1,0,5.0,4,3,2,1,1,6,1.28
2025-06-28,Cleveland Guardians,St. Louis Cardinals,0,0,4.76,1,1,0,4.0,7,6,6,2,1,5,1.32
2025-07-04,Chicago Cubs,St. Louis Cardinals,0,1,5.26,1,1,0,6.0,10,8,8,6,0,4,1.34
2025-07-10,St. Louis Cardinals,Washington Nationals,1,0,4.94,1,1,0,5.2,2,0,0,0,1,6,1.29
2025-07-20,Arizona Diamondbacks,St. Louis Cardinals,0,1,5.2,1,1,0,4.0,4,5,5,2,2,3,1.3
2025-07-25,St. Louis Cardinals,San Diego Padres,1,0,4.94,1,1,0,5.0,7,0,0,0,0,1,1.3
2025-07-30,St. Louis Cardinals,Miami Marlins,0,1,4.83,1,1,0,6.0,5,2,2,1,0,5,1.28
2025-08-05,Los Angeles Dodgers,St. Louis Cardinals,0,1,5.11,1,1,0,3.0,7,5,5,3,1,1,1.32
2025-08-11,St. Louis Cardinals,Colorado Rockies,0,0,4.97,1,1,0,6.2,4,2,2,0,1,3,1.28
2025-08-17,St. Louis Cardinals,New York Yankees,0,0,4.99,1,1,0,5.0,4,3,3,0,5,1,1.3
2025-08-22,Tampa Bay Rays,St. Louis Cardinals,0,1,5.17,1,1,0,2.2,10,5,4,2,1,1,1.36
2025-08-28,St. Louis Cardinals,Pittsburgh Pirates,0,0,5.04,1,1,0,5.0,4,1,1,1,1,5,1.35
2025-09-02,St. Louis Cardinals,Athletics,1,0,4.89,1,1,0,6.0,5,1,1,0,1,0,1.33
2025-09-08,Seattle Mariners,St. Louis Cardinals,0,0,4.84,1,1,0,5.0,4,2,2,0,1,2,1.32
2025-09-14,Milwaukee Brewers,St. Louis Cardinals,1,0,4.8,1,1,0,5.0,5,2,2,2,0,5,1.31
2025-09-20,St. Louis Cardinals,Milwaukee Brewers,0,0,4.76,1,1,0,5.0,7,2,2,0,2,3,1.33
2025-09-26,Chicago Cubs,St. Louis Cardinals,0,1,4.84,1,1,0,5.0,4,4,4,3,1,4,1.32
