Date,Home Tm,Away Tm,W,L,ERA,G,GS,SV,IP,H,R,ER,HR,BB,SO,WHIP
2025-03-30,Washington Nationals,Philadelphia Phillies,1,0,0.0,1,1,0,6.1,7,0,0,0,2,5,1.42
2025-04-05,Washington Nationals,Arizona Diamondbacks,1,0,0.73,1,1,0,6.0,2,1,1,0,4,2,1.22
2025-04-11,Miami Marlins,Washington Nationals,0,0,1.96,1,1,0,6.0,5,4,3,0,2,3,1.2
2025-04-16,Pittsburgh Pirates,Washington Nationals,0,1,1.85,1,1,0,6.0,4,1,1,1,1,6,1.11
2025-04-22,Washington Nationals,Baltimore Orioles,1,0,1.39,1,1,0,8.0,1,0,0,0,2,4,0.93
2025-04-27,Washington Nationals,New York Mets,0,0,2.65,1,1,0,5.0,7,7,6,0,5,0,1.13
2025-05-02,Cincinnati Reds,Washington Nationals,0,1,3.48,1,1,0,4.0,4,5,5,0,4,1,1.21
2025-05-09,Washington Nationals,St. Louis Cardinals,0,1,3.97,1,1,0,4.0,7,4,4,0,2,5,1.3
2025-05-14,Atlanta Braves,Washington Nationals,0,0,4.32,1,1,0,4.2,4,4,4,0,2,6,1.3
2025-05-20,Washington Nationals,Atlanta Braves,1,0,4.39,1,1,0,5.1,6,3,3,1,1,4,1.3
2025-05-27,Seattle Mariners,Washington Nationals,0,1,4.65,1,1,0,4.2,7,4,4,3,1,4,1.33
2025-06-01,Arizona Diamondbacks,Washington Nationals,0,1,4.71,1,1,0,5.0,3,3,3,1,2,2,1.31
2025-06-07,Washington Nationals,Texas Rangers,0,1,4.31,1,1,0,6.0,4,2,0,0,0,5,1.25
2025-06-13,Washington Nationals,Miami Marlins,0,1,4.84,1,1,0,3.1,8,6,6,2,3,3,1.35
2025-06-18,Washington Nationals,Colorado Rockies,0,1,4.59,1,1,0,6.0,6,1,1,1,0,8,1.32
2025-06-23,San Diego Padres,Washington Nationals,1,0,4.59,1,1,0,6.0,6,3,3,2,2,1,1.32
2025-06-29,Los Angeles Angels,Washington Nationals,0,0,4.63,1,1,0,5.0,6,3,3,0,3,3,1.35
2025-07-05,Washington Nationals,Boston Red Sox,0,1,4.72,1,1,0,6.0,10,9,4,1,1,4,1.38
2025-07-11,Milwaukee Brewers,Washington Nationals,0,1,5.12,1,1,0,4.2,8,7,7,1,3,0,1.42
2025-07-19,Washington Nationals,San Diego Padres,1,0,5.0,1,1,0,6.0,5,2,2,0,1,4,1.4
2025-07-26,Minnesota Twins,Washington Nationals,1,0,4.91,1,1,0,5.2,8,2,2,0,1,4,1.41
2025-08-01,Washington Nationals,Milwaukee Brewers,0,1,5.35,1,1,0,4.0,12,8,8,2,1,3,1.47
2025-08-07,Washington Nationals,Athletics,0,1,5.43,1,1,0,5.0,6,4,4,1,3,4,1.48
2025-08-12,Kansas City Royals,Washington Nationals,0,1,5.55,1,1,0,5.1,2,5,5,1,3,3,1.46
2025-08-17,Washington Nationals,Philadelphia Phillies,0,0,5.83,1,1,0,1.2,4,6,5,1,3,0,1.5
2025-08-23,Philadelphia Phillies,Washington Nationals,0,1,6.01,1,1,0,5.0,6,6,6,2,1,3,1.49
2025-08-29,Washington Nationals,Tampa Bay Rays,0,1,5.94,1,1,0,6.1,6,3,3,2,0,7,1.47
2025-09-03,Washington Nationals,Miami Marlins,0,0,5.87,1,1,0,4.2,7,4,2,1,1,4,1.48
2025-09-09,Miami Marlins,Washington Nationals,1,0,5.69,1,1,0,7.2,4,2,2,1,2,2,1.44
2025-09-15,Washington Nationals,Atlanta Braves,0,1,5.85,1,1,0,5.0,10,6,6,1,1,1,1.47
2025-09-21,New York Mets,Washington Nationals,0,0,5.72,1,0,1,3.2,2,0,0,0,0,2,1.44
2025-09-24,Atlanta Braves,Washington Nationals,1,0,5.7,1,0,0,0.2,0,0,0,0,1,0,1.44
2025-09-28,Washington Nationals,Chicago White Sox,0,0,5.68,1,0,0,2.0,1,1,1,0,0,0,1.43
