Date,Home Tm,Away Tm,W,L,ERA,G,GS,SV,IP,H,R,ER,HR,BB,SO,WHIP
2025-03-28,Miami Marlins,Pittsburgh Pirates,1,0,1.5,1,1,0,6.0,5,1,1,0,1,4,1.0
2025-04-04,Pittsburgh Pirates,New York Yankees,0,1,7.45,1,1,0,3.2,8,7,7,0,4,4,1.86
2025-04-09,Pittsburgh Pirates,St. Louis Cardinals,0,0,4.24,1,1,0,7.1,4,0,0,0,1,6,1.35
2025-04-15,Pittsburgh Pirates,Washington Nationals,0,1,4.3,1,1,0,6.0,6,3,3,1,2,3,1.35
2025-04-20,Pittsburgh Pirates,Cleveland Guardians,0,0,4.18,1,1,0,5.0,5,2,2,1,2,3,1.36
2025-04-26,Los Angeles Dodgers,Pittsburgh Pirates,0,0,3.97,1,1,0,6.0,5,3,2,0,1,6,1.29
2025-05-02,Pittsburgh Pirates,San Diego Padres,0,1,4.38,1,1,0,5.0,8,5,4,1,1,3,1.36
2025-05-07,St. Louis Cardinals,Pittsburgh Pirates,0,1,4.4,1,1,0,6.0,7,3,3,0,3,6,1.4
2025-05-13,New York Mets,Pittsburgh Pirates,0,1,4.15,1,1,0,7.0,5,2,2,1,1,8,1.33
2025-05-19,Pittsburgh Pirates,Cincinnati Reds,0,1,3.88,1,1,0,6.0,6,2,1,0,1,5,1.31
2025-05-24,Pittsburgh Pirates,Milwaukee Brewers,0,0,3.66,1,1,0,6.0,7,1,1,0,0,7,1.3
2025-05-30,San Diego Padres,Pittsburgh Pirates,0,1,3.73,1,1,0,6.0,3,3,3,0,2,1,1.26
2025-06-05,Pittsburgh Pirates,Houston Astros,0,1,4.13,1,1,0,6.1,8,6,6,1,1,5,1.27
2025-06-10,Pittsburgh Pirates,Miami Marlins,0,1,4.15,1,1,0,6.0,8,3,3,1,0,4,1.28
2025-06-15,Chicago Cubs,Pittsburgh Pirates,0,0,4.08,1,1,0,6.0,3,2,2,0,2,3,1.25
2025-06-21,Pittsburgh Pirates,Texas Rangers,0,1,4.02,1,1,0,5.2,3,3,2,0,2,5,1.22
2025-06-27,Pittsburgh Pirates,New York Mets,1,0,3.9,1,1,0,5.1,5,1,1,1,1,4,1.22
2025-07-02,Pittsburgh Pirates,St. Louis Cardinals,1,0,3.64,1,1,0,7.0,5,0,0,0,1,7,1.19
2025-07-08,Kansas City Royals,Pittsburgh Pirates,0,0,3.58,1,1,0,6.2,4,3,2,2,1,5,1.17
2025-07-13,Minnesota Twins,Pittsburgh Pirates,0,0,3.48,1,1,0,6.0,4,1,1,0,0,3,1.14
2025-07-22,Pittsburgh Pirates,Detroit Tigers,1,0,3.53,1,1,0,6.0,6,3,3,1,3,5,1.16
2025-07-28,San Francisco Giants,Pittsburgh Pirates,0,0,3.69,1,1,0,2.0,5,3,3,0,3,3,1.2
2025-08-03,Colorado Rockies,Pittsburgh Pirates,1,0,3.89,1,1,0,5.0,7,5,5,3,1,4,1.22
2025-08-08,Pittsburgh Pirates,Cincinnati Reds,0,0,3.86,1,1,0,5.2,6,2,2,0,3,3,1.23
2025-08-13,Milwaukee Brewers,Pittsburgh Pirates,0,1,4.13,1,1,0,4.0,8,6,6,0,2,5,1.27
2025-08-19,Pittsburgh Pirates,Toronto Blue Jays,0,1,4.34,1,1,0,3.1,7,5,5,1,3,4,1.31
2025-08-26,St. Louis Cardinals,Pittsburgh Pirates,1,0,4.35,1,1,0,6.0,3,3,3,1,1,9,1.28
2025-08-31,Boston Red Sox,Pittsburgh Pirates,0,1,4.21,1,1,0,5.0,4,4,0,1,1,7,1.28
2025-09-06,Pittsburgh Pirates,Milwaukee Brewers,0,1,4.16,1,1,0,6.1,5,2,2,1,0,4,1.26
2025-09-12,Washington Nationals,Pittsburgh Pirates,0,0,4.13,1,1,0,5.1,4,2,2,1,1,4,1.25
2025-09-19,Pittsburgh Pirates,Athletics,0,1,4.22,1,1,0,5.0,4,4,4,2,1,4,1.24
2025-09-26,Atlanta Braves,Pittsburgh Pirates,0,0,4.19,1,1,0,3.2,3,1,1,1,5,6,1.26
