Date,Home Tm,Away Tm,W,L,ERA,G,GS,SV,IP,H,R,ER,HR,BB,SO,WHIP
2025-03-28,Seattle Mariners,Athletics,0,0,0.0,1,0,0,2.0,2,0,0,0,0,2,1.0
2025-03-31,Athletics,Chicago Cubs,0,0,6.75,1,0,0,0.2,3,4,2,0,1,2,2.25
2025-04-02,Athletics,Chicago Cubs,0,0,9.64,1,0,0,2.0,3,3,3,1,1,2,2.14
2025-04-06,Colorado Rockies,Athletics,0,0,8.0,1,0,0,4.1,5,3,3,0,0,7,1.67
2025-04-11,Athletics,New York Mets,0,0,6.75,1,0,0,1.2,1,3,0,0,3,2,1.78
2025-04-15,Chicago White Sox,Athletics,0,0,5.27,1,0,1,3.0,2,0,0,0,0,2,1.54
2025-04-20,Milwaukee Brewers,Athletics,0,0,4.96,1,0,0,2.2,3,2,1,0,1,0,1.53
2025-04-23,Athletics,Texas Rangers,0,0,4.67,1,0,0,1.0,1,0,0,0,0,1,1.5
2025-04-25,Athletics,Chicago White Sox,0,0,4.5,1,0,0,0.2,1,0,0,0,0,1,1.5
2025-04-28,Texas Rangers,Athletics,0,0,4.19,1,0,0,1.1,1,0,0,0,1,0,1.5
2025-05-01,Texas Rangers,Athletics,0,0,4.05,1,0,0,0.2,1,0,0,0,1,0,1.55
2025-05-04,Miami Marlins,Athletics,1,0,3.74,1,0,0,1.2,1,0,0,0,0,1,1.48
2025-05-05,Athletics,Seattle Mariners,0,0,3.68,1,0,0,0.1,0,0,0,0,0,0,1.45
2025-05-07,Athletics,Seattle Mariners,0,0,4.37,1,0,0,0.2,1,2,2,1,1,1,1.5
2025-05-11,Athletics,New York Yankees,0,0,5.11,1,0,0,2.0,4,3,3,1,1,4,1.58
2025-05-15,Los Angeles Dodgers,Athletics,0,0,4.88,1,0,0,3.0,2,1,1,1,1,2,1.52
2025-05-19,Athletics,Los Angeles Angels,0,0,4.45,1,0,0,2.2,2,0,0,0,0,3,1.45
2025-05-22,Athletics,Los Angeles Angels,0,0,4.26,1,0,0,1.1,0,0,0,0,0,2,1.39
2025-05-24,Athletics,Philadelphia Phillies,0,1,4.68,1,0,0,1.0,1,3,2,0,1,0,1.41
2025-05-27,Houston Astros,Athletics,0,0,4.46,1,0,0,1.2,1,0,0,0,0,3,1.37
2025-05-30,Toronto Blue Jays,Athletics,0,0,4.62,1,0,0,2.2,2,2,2,0,2,0,1.38
2025-06-01,Toronto Blue Jays,Athletics,0,0,4.38,1,0,0,2.0,1,0,0,0,0,2,1.33
2025-06-05,Athletics,Minnesota Twins,1,0,4.09,1,1,0,5.0,3,1,1,1,1,4,1.27
2025-06-10,Los Angeles Angels,Athletics,0,0,3.67,1,1,0,5.0,3,0,0,0,0,4,1.2
2025-06-16,Athletics,Houston Astros,0,0,3.5,1,1,0,5.0,7,1,1,1,1,2,1.24
2025-06-21,Athletics,Cleveland Guardians,0,1,3.84,1,1,0,4.2,8,4,4,0,1,3,1.3
2025-06-27,New York Yankees,Athletics,0,1,3.82,1,1,0,5.0,3,3,2,1,4,5,1.3
2025-07-02,Tampa Bay Rays,Athletics,0,1,4.06,1,1,0,5.0,7,4,4,3,0,5,1.31
2025-07-09,Athletics,Atlanta Braves,0,1,4.7,1,1,0,6.0,9,8,8,5,1,3,1.34
2025-09-16,Boston Red Sox,Athletics,1,0,4.48,1,0,0,3.2,2,0,0,0,2,1,1.33
2025-09-21,Pittsburgh Pirates,Athletics,0,1,4.96,1,1,0,3.1,9,7,6,1,2,1,1.41
2025-09-28,Athletics,Kansas City Royals,0,0,5.1,1,0,0,3.0,7,3,3,0,0,1,1.44
