Date,Home Tm,Away Tm,W,L,ERA,G,GS,SV,IP,H,R,ER,HR,BB,SO,WHIP
2025-08-17,Colorado Rockies,Arizona Diamondbacks,0,0,1.8,1,1,0,5.0,3,1,1,0,1,5,0.8
2025-08-23,Arizona Diamondbacks,Cincinnati Reds,1,0,1.0,1,0,0,4.0,4,0,0,0,3,4,1.22
2025-08-28,Milwaukee Brewers,Arizona Diamondbacks,1,0,1.84,1,1,0,5.2,8,4,2,1,1,2,1.36
2025-09-02,Arizona Diamondbacks,Texas Rangers,0,0,2.14,1,1,0,6.1,7,2,2,0,1,3,1.33
2025-09-08,San Francisco Giants,Arizona Diamondbacks,0,0,3.24,1,1,0,4.0,6,4,4,2,1,3,1.4
2025-09-14,Minnesota Twins,Arizona Diamondbacks,1,0,2.7,1,1,0,5.0,3,2,0,0,0,4,1.27
2025-09-21,Arizona Diamondbacks,Philadelphia Phillies,0,0,2.61,1,0,0,1.0,2,0,0,0,0,2,1.29
2025-09-25,Arizona Diamondbacks,Los Angeles Dodgers,0,0,3.71,1,0,0,3.0,7,7,5,3,2,2,1.44
