Date,Home Tm,Away Tm,W,L,ERA,G,GS,SV,IP,H,R,ER,HR,BB,SO,WHIP
2025-03-27,Texas Rangers,Boston Red Sox,0,0,3.0,1,1,0,6.0,3,2,2,1,0,9,0.5
2025-04-01,Cincinnati Reds,Texas Rangers,1,0,1.2,1,1,0,9.0,4,0,0,0,0,8,0.47
2025-04-07,Chicago Cubs,Texas Rangers,0,1,2.29,1,1,0,4.2,4,3,3,0,2,4,0.66
2025-04-13,Seattle Mariners,Texas Rangers,0,1,2.55,1,1,0,5.0,5,3,2,1,0,3,0.73
2025-04-19,Texas Rangers,Los Angeles Dodgers,0,0,2.64,1,1,0,6.0,5,3,2,1,0,7,0.75
2025-04-25,San Francisco Giants,Texas Rangers,1,0,2.21,1,1,0,6.0,3,0,0,0,1,7,0.74
2025-04-30,Texas Rangers,Athletics,0,0,2.11,1,1,0,6.0,6,1,1,0,0,8,0.77
2025-05-06,Boston Red Sox,Texas Rangers,1,0,2.03,1,1,0,6.0,5,1,1,0,1,7,0.8
2025-05-11,Detroit Tigers,Texas Rangers,1,0,1.78,1,1,0,7.0,2,0,0,0,1,7,0.75
2025-05-16,Texas Rangers,Houston Astros,0,0,1.61,1,1,0,5.2,2,0,0,0,3,5,0.77
2025-05-22,New York Yankees,Texas Rangers,0,1,1.6,1,1,0,6.0,5,1,1,1,1,6,0.79
2025-05-27,Texas Rangers,Toronto Blue Jays,0,0,1.56,1,1,0,2.0,2,0,0,0,1,2,0.81
2025-06-27,Texas Rangers,Seattle Mariners,0,0,1.87,1,1,0,3.0,5,3,3,0,2,2,0.87
2025-07-02,Texas Rangers,Baltimore Orioles,1,0,1.75,1,1,0,5.0,2,0,0,0,1,5,0.85
2025-07-08,Los Angeles Angels,Texas Rangers,1,0,1.62,1,1,0,6.0,5,1,0,0,0,6,0.85
2025-07-13,Houston Astros,Texas Rangers,1,0,1.58,1,1,0,7.2,5,1,1,1,1,8,0.85
2025-07-25,Texas Rangers,Atlanta Braves,1,0,1.5,1,1,0,5.0,3,0,0,0,4,7,0.88
2025-07-30,Los Angeles Angels,Texas Rangers,1,0,1.49,1,1,0,7.0,6,1,1,0,2,4,0.89
2025-08-05,Texas Rangers,New York Yankees,1,0,1.38,1,1,0,8.0,1,0,0,0,0,6,0.84
2025-08-11,Texas Rangers,Arizona Diamondbacks,0,0,1.71,1,1,0,5.0,8,5,5,3,1,3,0.88
2025-08-17,Toronto Blue Jays,Texas Rangers,1,0,1.76,1,1,0,7.0,5,2,2,2,0,6,0.87
2025-08-22,Texas Rangers,Cleveland Guardians,0,0,1.73,1,1,0,7.0,4,1,1,0,0,9,0.85
