Date,Home Tm,Away Tm,W,L,ERA,G,GS,SV,IP,H,R,ER,HR,BB,SO,WHIP
2025-03-29,New York Yankees,Milwaukee Brewers,0,1,36.0,1,1,0,2.0,6,8,8,5,5,2,5.5
2025-04-03,Milwaukee Brewers,Cincinnati Reds,1,0,9.0,1,1,0,6.0,1,0,0,0,2,6,1.75
2025-08-06,Arizona Diamondbacks,San Diego Padres,0,0,7.11,1,1,0,4.2,3,2,2,1,3,3,1.58
2025-08-12,San Francisco Giants,San Diego Padres,0,0,5.71,1,1,0,4.2,6,1,1,0,1,6,1.56
2025-08-18,San Diego Padres,San Francisco Giants,0,1,5.87,1,1,0,5.2,7,4,4,3,4,5,1.65
2025-08-23,San Diego Padres,Los Angeles Dodgers,1,0,4.66,1,1,0,6.0,1,0,0,0,0,3,1.34
2025-08-29,Minnesota Twins,San Diego Padres,0,1,5.06,1,1,0,3.0,5,3,3,0,2,2,1.44
2025-09-03,San Diego Padres,Baltimore Orioles,0,1,6.29,1,1,0,2.1,7,6,6,4,3,2,1.63
