Date,Home Tm,Away Tm,W,L,ERA,G,GS,SV,IP,H,R,ER,HR,BB,SO,WHIP
2025-03-30,Cincinnati Reds,San Francisco Giants,0,1,6.0,1,1,0,6.0,4,4,4,2,1,5,0.83
2025-04-04,Milwaukee Brewers,Cincinnati Reds,0,1,5.91,1,1,0,4.2,5,3,3,1,2,2,1.13
2025-04-09,San Francisco Giants,Cincinnati Reds,0,0,6.06,1,1,0,5.2,7,4,4,0,1,8,1.22
2025-04-16,Cincinnati Reds,Seattle Mariners,0,1,6.0,1,1,0,4.2,7,4,3,1,3,4,1.43
2025-04-22,Miami Marlins,Cincinnati Reds,0,0,5.4,1,1,0,5.2,5,2,2,0,2,4,1.39
2025-04-28,Cincinnati Reds,St. Louis Cardinals,1,0,4.68,1,1,0,6.0,5,1,1,0,2,3,1.35
2025-05-04,Cincinnati Reds,Washington Nationals,0,0,4.19,1,1,0,6.0,4,1,1,0,0,6,1.24
2025-05-09,Houston Astros,Cincinnati Reds,0,1,4.23,1,1,0,6.0,10,3,3,0,0,5,1.3
2025-05-15,Cincinnati Reds,Chicago White Sox,1,0,3.66,1,1,0,7.0,2,0,0,0,0,3,1.16
2025-05-20,Pittsburgh Pirates,Cincinnati Reds,0,1,3.43,1,1,0,6.0,4,1,1,0,2,3,1.14
2025-05-26,Kansas City Royals,Cincinnati Reds,1,0,3.48,1,1,0,7.0,6,3,3,1,0,2,1.11
2025-06-01,Chicago Cubs,Cincinnati Reds,0,1,3.89,1,1,0,4.2,7,5,5,1,2,2,1.17
2025-06-07,Cincinnati Reds,Arizona Diamondbacks,1,0,3.7,1,1,0,6.0,6,1,1,1,1,6,1.17
2025-06-13,Detroit Tigers,Cincinnati Reds,0,1,3.92,1,1,0,5.0,8,4,4,3,2,5,1.22
2025-06-19,Cincinnati Reds,Minnesota Twins,0,1,4.55,1,1,0,2.2,7,7,7,3,1,4,1.28
2025-06-21,St. Louis Cardinals,Cincinnati Reds,0,0,4.45,1,0,0,2.0,0,0,0,0,0,0,1.25
2025-06-23,Cincinnati Reds,New York Yankees,0,0,4.4,1,0,0,1.0,0,0,0,0,0,1,1.23
2025-06-27,Cincinnati Reds,San Diego Padres,1,0,4.12,1,1,0,8.0,1,1,1,0,2,6,1.16
2025-07-02,Boston Red Sox,Cincinnati Reds,1,0,4.2,1,1,0,6.2,9,4,4,1,0,2,1.17
2025-07-08,Cincinnati Reds,Miami Marlins,0,1,4.85,1,1,0,5.0,7,10,10,0,3,2,1.21
2025-07-13,Cincinnati Reds,Colorado Rockies,1,0,4.78,1,1,0,5.1,5,2,2,0,1,3,1.21
2025-07-19,New York Mets,Cincinnati Reds,1,0,4.73,1,1,0,5.0,6,2,2,1,2,5,1.22
2025-07-25,Cincinnati Reds,Tampa Bay Rays,1,0,4.69,1,1,0,5.0,4,2,2,0,2,5,1.22
2025-07-30,Cincinnati Reds,Los Angeles Dodgers,0,0,4.61,1,1,0,6.0,4,2,2,1,2,7,1.21
2025-08-04,Chicago Cubs,Cincinnati Reds,0,0,4.66,1,0,0,2.1,2,2,2,1,0,0,1.21
2025-08-09,Pittsburgh Pirates,Cincinnati Reds,1,0,4.49,1,1,0,7.0,4,1,1,0,2,4,1.19
2025-08-15,Cincinnati Reds,Milwaukee Brewers,0,0,4.73,1,1,0,2.2,9,6,5,2,0,1,1.23
2025-08-20,Los Angeles Angels,Cincinnati Reds,0,0,4.59,1,1,0,6.0,2,1,1,1,1,7,1.2
2025-08-26,Los Angeles Dodgers,Cincinnati Reds,0,1,4.67,1,1,0,5.1,7,4,4,1,2,3,1.22
2025-08-29,Cincinnati Reds,St. Louis Cardinals,0,0,4.7,1,0,0,1.0,1,1,1,0,1,0,1.22
2025-08-31,Cincinnati Reds,St. Louis Cardinals,0,0,4.69,1,0,0,0.1,0,0,0,0,0,0,1.22
2025-09-03,Cincinnati Reds,Toronto Blue Jays,0,1,4.75,1,0,0,1.2,4,2,2,1,1,1,1.24
2025-09-05,Cincinnati Reds,New York Mets,0,0,4.69,1,0,0,2.0,1,0,0,0,1,1,1.24
2025-09-07,Cincinnati Reds,New York Mets,0,0,4.66,1,0,0,1.0,0,0,0,0,0,0,1.23
2025-09-08,San Diego Padres,Cincinnati Reds,0,1,4.65,1,0,0,0.1,0,1,0,0,0,0,1.23
2025-09-13,Athletics,Cincinnati Reds,0,1,4.63,1,0,0,2.2,2,1,1,0,1,3,1.22
2025-09-19,Cincinnati Reds,Chicago Cubs,0,0,4.6,1,0,0,1.0,1,0,0,0,0,0,1.22
2025-09-21,Cincinnati Reds,Chicago Cubs,1,0,4.54,1,0,0,2.1,0,0,0,0,0,1,1.2
2025-09-24,Cincinnati Reds,Pittsburgh Pirates,0,1,4.51,1,0,0,1.0,1,1,0,0,1,0,1.21
2025-09-27,Milwaukee Brewers,Cincinnati Reds,0,0,4.45,1,0,0,2.0,1,0,0,0,1,2,1.21
