Date,Home Tm,Away Tm,W,L,ERA,G,GS,SV,IP,H,R,ER,HR,BB,SO,WHIP
2025-03-30,San Diego Padres,Atlanta Braves,1,0,0.0,1,1,0,7.0,1,0,0,0,0,4,0.14
2025-04-05,Chicago Cubs,San Diego Padres,0,1,2.7,1,1,0,3.0,6,3,3,1,3,4,1.0
2025-04-11,San Diego Padres,Colorado Rockies,1,0,1.59,1,1,0,7.0,3,0,0,0,1,10,0.82
2025-04-16,San Diego Padres,Chicago Cubs,1,0,1.57,1,1,0,6.0,4,1,1,0,1,6,0.83
2025-04-22,Detroit Tigers,San Diego Padres,1,0,1.2,1,1,0,7.0,2,0,0,0,2,6,0.77
2025-04-29,San Diego Padres,San Francisco Giants,1,0,1.78,1,1,0,5.1,5,3,3,1,1,9,0.82
2025-05-05,New York Yankees,San Diego Padres,0,0,2.01,1,1,0,5.0,5,3,2,1,4,5,0.94
2025-05-11,Colorado Rockies,San Diego Padres,0,1,3.05,1,1,0,4.0,7,6,6,1,2,5,1.06
2025-05-17,San Diego Padres,Seattle Mariners,0,0,2.86,1,1,0,6.0,2,1,1,1,1,7,0.99
2025-05-23,Atlanta Braves,San Diego Padres,0,0,2.72,1,1,0,6.0,4,1,1,1,3,7,1.01
2025-05-30,San Diego Padres,Pittsburgh Pirates,1,0,2.74,1,1,0,6.0,6,2,2,0,0,8,1.01
2025-06-04,San Francisco Giants,San Diego Padres,0,0,3.16,1,1,0,6.0,6,5,5,1,1,5,1.02
2025-06-09,San Diego Padres,Los Angeles Dodgers,0,0,3.48,1,1,0,4.0,8,5,4,1,2,3,1.11
2025-06-15,Arizona Diamondbacks,San Diego Padres,1,0,3.4,1,1,0,7.0,2,2,2,1,1,9,1.05
2025-06-20,San Diego Padres,Kansas City Royals,0,0,3.64,1,1,0,4.2,6,4,4,2,2,3,1.08
2025-06-25,San Diego Padres,Washington Nationals,1,0,3.36,1,1,0,7.0,3,0,0,0,0,10,1.03
2025-07-02,Philadelphia Phillies,San Diego Padres,1,0,3.25,1,1,0,6.0,7,1,1,1,0,6,1.04
2025-07-08,San Diego Padres,Arizona Diamondbacks,0,0,3.07,1,1,0,5.2,2,0,0,0,3,7,1.03
2025-07-13,San Diego Padres,Philadelphia Phillies,0,0,2.88,1,1,0,6.2,3,1,0,0,2,8,1.02
2025-07-20,Washington Nationals,San Diego Padres,1,0,2.81,1,1,0,6.0,3,1,1,1,1,5,1.0
2025-07-25,St. Louis Cardinals,San Diego Padres,0,1,2.81,1,1,0,6.1,3,3,2,0,2,4,0.99
2025-08-01,San Diego Padres,St. Louis Cardinals,1,0,2.73,1,1,0,7.0,1,1,1,1,0,5,0.94
2025-08-08,San Diego Padres,Boston Red Sox,0,1,2.94,1,1,0,6.0,5,5,5,1,3,3,0.96
2025-08-13,San Francisco Giants,San Diego Padres,1,0,2.87,1,1,0,6.2,4,1,1,0,1,5,0.95
2025-08-19,San Diego Padres,San Francisco Giants,1,0,2.81,1,1,0,6.0,3,1,1,1,2,10,0.94
2025-08-24,San Diego Padres,Los Angeles Dodgers,0,0,2.82,1,1,0,6.0,2,2,2,1,3,7,0.94
2025-08-30,Minnesota Twins,San Diego Padres,0,0,2.84,1,1,0,5.0,4,3,2,1,1,6,0.94
2025-09-05,Colorado Rockies,San Diego Padres,0,1,2.85,1,1,0,6.0,7,2,2,1,2,5,0.96
2025-09-10,San Diego Padres,Cincinnati Reds,0,0,2.73,1,1,0,7.0,4,0,0,0,1,8,0.95
2025-09-17,New York Mets,San Diego Padres,0,0,2.81,1,1,0,4.2,7,3,3,3,0,5,0.97
2025-09-22,San Diego Padres,Milwaukee Brewers,0,0,2.87,1,1,0,5.2,4,3,3,0,5,5,0.99
