Date,Home Tm,Away Tm,W,L,ERA,G,GS,SV,IP,H,R,ER,HR,BB,SO,WHIP
2025-03-29,Cincinnati Reds,San Francisco Giants,1,0,3.0,1,1,0,6.0,5,2,2,1,0,1,0.83
2025-04-03,Milwaukee Brewers,Cincinnati Reds,0,1,1.42,1,1,0,6.2,4,1,0,0,0,4,0.71
2025-04-08,San Francisco Giants,Cincinnati Reds,1,0,0.96,1,1,0,6.0,3,0,0,0,1,3,0.7
2025-04-15,Cincinnati Reds,Seattle Mariners,0,0,2.31,1,1,0,4.2,5,4,4,2,1,6,0.81
2025-04-21,Miami Marlins,Cincinnati Reds,0,1,2.79,1,1,0,5.2,7,3,3,1,2,4,0.97
2025-04-27,Colorado Rockies,Cincinnati Reds,1,0,2.25,1,1,0,7.0,2,0,0,0,1,9,0.86
2025-05-03,Cincinnati Reds,Washington Nationals,0,1,3.27,1,1,0,5.1,10,7,6,1,2,4,1.04
2025-05-08,Atlanta Braves,Cincinnati Reds,0,0,3.23,1,1,0,6.0,5,2,2,0,0,7,1.01
2025-05-14,Cincinnati Reds,Chicago White Sox,0,1,3.42,1,1,0,5.1,7,3,3,1,2,4,1.08
2025-05-19,Pittsburgh Pirates,Cincinnati Reds,1,0,3.22,1,1,0,6.0,4,1,1,0,1,7,1.06
2025-05-25,Cincinnati Reds,Chicago Cubs,0,0,3.39,1,1,0,5.0,6,3,3,1,2,6,1.1
2025-05-31,Chicago Cubs,Cincinnati Reds,0,0,3.1,1,1,0,6.0,5,0,0,0,2,5,1.11
2025-06-06,Cincinnati Reds,Arizona Diamondbacks,0,0,3.21,1,1,0,6.0,5,3,3,2,0,4,1.08
2025-06-11,Cleveland Guardians,Cincinnati Reds,0,1,3.76,1,1,0,3.1,5,6,6,1,2,6,1.13
2025-06-18,Cincinnati Reds,Minnesota Twins,1,0,3.71,1,1,0,6.0,3,2,2,1,2,4,1.11
2025-06-23,Cincinnati Reds,New York Yankees,0,0,3.63,1,1,0,4.1,6,1,1,1,0,6,1.12
2025-06-29,Cincinnati Reds,San Diego Padres,0,0,3.52,1,1,0,5.1,7,1,1,1,2,5,1.15
2025-07-05,Philadelphia Phillies,Cincinnati Reds,0,1,3.58,1,1,0,6.0,4,3,3,2,2,8,1.14
2025-07-10,Cincinnati Reds,Miami Marlins,1,0,3.38,1,1,0,6.0,3,0,0,0,0,4,1.11
2025-07-18,New York Mets,Cincinnati Reds,1,0,3.33,1,1,0,7.0,4,2,2,1,1,7,1.08
2025-07-23,Washington Nationals,Cincinnati Reds,1,0,3.08,1,1,0,9.0,4,0,0,0,0,8,1.04
2025-07-29,Cincinnati Reds,Los Angeles Dodgers,0,0,3.09,1,1,0,5.1,6,2,2,1,1,11,1.05
2025-08-04,Chicago Cubs,Cincinnati Reds,0,0,3.05,1,1,0,1.2,0,0,0,0,0,1,1.03
2025-08-27,Los Angeles Dodgers,Cincinnati Reds,0,1,3.22,1,1,0,4.2,5,4,4,0,1,6,1.04
2025-09-08,San Diego Padres,Cincinnati Reds,0,0,3.1,1,1,0,5.0,2,0,0,0,1,2,1.03
2025-09-14,Athletics,Cincinnati Reds,0,1,3.3,1,1,0,5.1,8,5,5,3,0,5,1.04
2025-09-19,Cincinnati Reds,Chicago Cubs,0,0,3.44,1,1,0,4.2,9,4,4,2,2,7,1.08
2025-09-25,Cincinnati Reds,Pittsburgh Pirates,1,0,3.3,1,1,0,6.1,2,0,0,0,1,12,1.06
2025-09-28,Milwaukee Brewers,Cincinnati Reds,0,0,3.33,1,0,0,1.0,2,1,1,0,2,0,1.08
