Date,Home Tm,Away Tm,W,L,ERA,G,GS,SV,IP,H,R,ER,HR,BB,SO,WHIP
2025-04-30,Tampa Bay Rays,Kansas City Royals,1,0,0.0,1,1,0,6.1,1,0,0,0,5,3,0.95
2025-05-17,Kansas City Royals,St. Louis Cardinals,0,1,0.71,1,1,0,6.1,2,1,1,1,0,3,0.63
2025-05-23,Minnesota Twins,Kansas City Royals,0,0,0.93,1,1,0,6.2,4,1,1,1,1,8,0.67
2025-05-28,Kansas City Royals,Cincinnati Reds,1,0,1.05,1,1,0,6.1,6,1,1,0,2,2,0.82
2025-06-05,St. Louis Cardinals,Kansas City Royals,0,0,0.85,1,1,0,6.0,2,0,0,0,2,3,0.79
2025-06-10,Kansas City Royals,New York Yankees,0,1,2.17,1,1,0,5.2,7,6,6,2,1,6,0.88
2025-06-15,Kansas City Royals,Athletics,0,0,1.91,1,1,0,5.0,4,0,0,0,1,7,0.9
2025-06-21,San Diego Padres,Kansas City Royals,0,1,2.08,1,1,0,5.1,5,2,2,0,3,2,0.97
2025-06-27,Kansas City Royals,Los Angeles Dodgers,0,1,2.79,1,1,0,4.0,3,5,5,2,3,4,1.01
2025-07-02,Seattle Mariners,Kansas City Royals,0,0,2.56,1,1,0,4.2,4,0,0,0,1,5,1.01
2025-07-07,Kansas City Royals,Pittsburgh Pirates,1,0,2.56,1,1,0,7.0,3,2,2,1,1,7,0.96
2025-07-13,Kansas City Royals,New York Mets,0,0,2.31,1,1,0,6.2,7,0,0,0,2,8,1.0
2025-07-21,Chicago Cubs,Kansas City Royals,1,0,2.61,1,1,0,6.0,7,4,4,2,0,7,1.01
2025-07-27,Kansas City Royals,Cleveland Guardians,1,0,2.44,1,1,0,5.0,3,0,0,0,1,6,1.0
2025-08-02,Toronto Blue Jays,Kansas City Royals,0,1,2.68,1,1,0,6.1,6,4,4,0,1,1,1.01
2025-08-09,Minnesota Twins,Kansas City Royals,1,0,2.52,1,1,0,5.2,6,0,0,0,2,4,1.03
2025-08-15,Kansas City Royals,Chicago White Sox,1,0,2.47,1,1,0,5.1,6,1,1,1,2,2,1.06
2025-08-20,Kansas City Royals,Texas Rangers,0,0,2.53,1,1,0,4.2,3,2,2,1,3,5,1.07
2025-08-25,Chicago White Sox,Kansas City Royals,0,1,2.92,1,1,0,5.0,8,6,6,2,0,0,1.09
2025-09-04,Kansas City Royals,Los Angeles Angels,0,0,3.03,1,1,0,5.0,5,3,3,1,5,5,1.13
2025-09-09,Cleveland Guardians,Kansas City Royals,0,1,3.0,1,1,0,7.0,6,2,2,1,0,8,1.12
2025-09-14,Philadelphia Phillies,Kansas City Royals,1,0,2.98,1,1,0,7.0,4,2,2,2,1,7,1.09
2025-09-20,Kansas City Royals,Toronto Blue Jays,1,0,2.9,1,1,0,6.2,3,1,1,1,2,5,1.08
2025-09-26,Athletics,Kansas City Royals,0,0,2.99,1,1,0,4.2,4,3,3,0,4,6,1.1
