Date,Home Tm,Away Tm,W,L,ERA,G,GS,SV,IP,H,R,ER,HR,BB,SO,WHIP
2025-08-16,New York Mets,Seattle Mariners,1,0,0.0,1,1,0,5.1,2,0,0,0,4,8,1.13
2025-08-22,Atlanta Braves,New York Mets,1,0,1.46,1,1,0,7.0,4,2,2,1,0,7,0.81
2025-08-27,New York Mets,Philadelphia Phillies,1,0,0.89,1,1,0,8.0,4,0,0,0,0,6,0.69
2025-09-02,Detroit Tigers,New York Mets,1,0,1.37,1,1,0,6.0,3,2,2,0,3,7,0.76
2025-09-08,Philadelphia Phillies,New York Mets,0,1,1.42,1,1,0,5.1,7,1,1,0,3,5,0.95
2025-09-14,New York Mets,Texas Rangers,0,0,1.19,1,1,0,6.0,5,0,0,0,2,7,0.98
2025-09-20,New York Mets,Washington Nationals,0,0,1.27,1,1,0,5.0,4,3,1,0,2,6,1.01
2025-09-25,Chicago Cubs,New York Mets,1,0,2.06,1,1,0,5.1,5,5,5,3,2,11,1.04
