Date,Home Tm,Away Tm,W,L,ERA,G,GS,SV,IP,H,R,ER,HR,BB,SO,WHIP
2025-03-29,Seattle Mariners,Athletics,1,0,1.8,1,1,0,5.0,3,2,1,0,4,4,1.4
2025-04-04,Colorado Rockies,Athletics,0,0,2.7,1,1,0,5.0,6,2,2,0,2,5,1.5
2025-04-09,Athletics,San Diego Padres,0,1,3.0,1,1,0,5.0,9,2,2,0,0,5,1.6
2025-04-16,Chicago White Sox,Athletics,1,0,2.61,1,1,0,5.2,5,1,1,1,1,0,1.45
2025-04-22,Athletics,Texas Rangers,0,1,4.85,1,1,0,5.1,8,8,8,4,3,2,1.58
2025-04-27,Athletics,Chicago White Sox,0,0,4.31,1,1,0,5.1,5,1,1,1,2,1,1.53
2025-05-03,Miami Marlins,Athletics,0,0,4.71,1,1,0,5.0,3,4,4,1,2,4,1.46
2025-05-09,Athletics,New York Yankees,0,1,4.75,1,1,0,5.1,8,4,3,2,2,6,1.51
2025-05-15,Los Angeles Dodgers,Athletics,0,1,5.82,1,1,0,1.2,5,6,6,1,2,2,1.62
2025-06-03,Athletics,Minnesota Twins,0,0,6.14,1,0,0,0.2,2,2,2,0,2,1,1.68
2025-06-11,Los Angeles Angels,Athletics,0,0,5.98,1,0,0,2.2,4,1,1,1,1,3,1.69
2025-06-17,Athletics,Houston Astros,0,0,6.14,1,0,0,1.2,4,4,2,1,2,1,1.76
2025-07-11,Athletics,Toronto Blue Jays,0,0,5.68,1,0,0,4.0,3,0,0,0,1,2,1.7
2025-07-20,Cleveland Guardians,Athletics,0,0,5.86,1,0,0,3.0,3,3,3,1,1,1,1.68
2025-08-03,Athletics,Arizona Diamondbacks,0,0,5.65,1,0,0,2.0,2,0,0,0,0,0,1.66
2025-08-05,Washington Nationals,Athletics,0,0,5.62,1,0,0,0.1,0,0,0,0,0,1,1.65
2025-08-11,Athletics,Tampa Bay Rays,0,0,5.58,1,0,0,3.2,6,2,2,2,0,4,1.65
2025-08-17,Athletics,Los Angeles Angels,0,0,5.49,1,0,0,1.0,0,0,0,0,0,3,1.62
2025-08-21,Minnesota Twins,Athletics,0,0,5.37,1,0,1,3.0,2,1,1,0,0,4,1.58
2025-08-26,Athletics,Detroit Tigers,0,0,5.66,1,1,0,3.0,3,4,4,1,2,5,1.58
2025-08-30,Athletics,Texas Rangers,0,0,5.73,1,0,0,2.1,3,2,2,1,0,1,1.57
2025-09-07,Los Angeles Angels,Athletics,0,1,5.83,1,0,0,0.1,1,1,1,0,2,0,1.61
2025-09-09,Athletics,Boston Red Sox,0,0,5.75,1,0,0,1.0,0,0,0,0,2,2,1.61
2025-09-21,Pittsburgh Pirates,Athletics,0,0,5.83,1,0,0,3.2,4,3,3,1,2,6,1.61
2025-09-25,Athletics,Houston Astros,0,0,5.77,1,0,0,2.1,2,1,1,0,1,3,1.6
2025-09-28,Athletics,Kansas City Royals,0,0,5.87,1,0,0,1.2,2,2,2,1,1,2,1.61
