Date,Home Tm,Away Tm,W,L,ERA,G,GS,SV,IP,H,R,ER,HR,BB,SO,WHIP
2025-03-27,Miami Marlins,Pittsburgh Pirates,0,0,3.38,1,1,0,5.1,3,2,2,0,2,7,0.94
2025-04-02,Tampa Bay Rays,Pittsburgh Pirates,1,0,1.46,1,1,0,7.0,3,1,0,0,0,6,0.65
2025-04-08,Pittsburgh Pirates,St. Louis Cardinals,0,1,3.44,1,1,0,6.0,6,5,5,0,1,7,0.82
2025-04-14,Pittsburgh Pirates,Washington Nationals,1,0,2.96,1,1,0,6.0,3,2,1,0,0,6,0.74
2025-04-19,Pittsburgh Pirates,Cleveland Guardians,0,1,2.87,1,1,0,7.0,6,2,2,1,1,4,0.8
2025-04-25,Los Angeles Dodgers,Pittsburgh Pirates,1,0,2.39,1,1,0,6.1,5,0,0,0,0,9,0.8
2025-05-01,Pittsburgh Pirates,Chicago Cubs,0,1,2.74,1,1,0,5.0,5,3,3,3,4,2,0.91
2025-05-06,St. Louis Cardinals,Pittsburgh Pirates,0,1,2.77,1,1,0,6.0,3,2,2,0,4,6,0.95
2025-05-12,New York Mets,Pittsburgh Pirates,0,0,2.63,1,1,0,6.0,6,1,1,0,3,6,1.01
2025-05-18,Philadelphia Phillies,Pittsburgh Pirates,0,1,2.44,1,1,0,8.0,3,1,1,0,1,9,0.94
2025-05-23,Pittsburgh Pirates,Milwaukee Brewers,0,0,2.36,1,1,0,6.0,4,1,1,0,2,8,0.95
2025-05-28,Arizona Diamondbacks,Pittsburgh Pirates,1,0,2.15,1,1,0,6.2,4,0,0,0,0,7,0.92
2025-06-03,Pittsburgh Pirates,Houston Astros,0,1,2.05,1,1,0,8.0,3,1,1,1,1,8,0.88
2025-06-08,Pittsburgh Pirates,Philadelphia Phillies,0,0,1.88,1,1,0,7.2,2,1,0,0,1,7,0.84
2025-06-13,Chicago Cubs,Pittsburgh Pirates,0,0,1.78,1,1,0,5.0,4,0,0,0,2,5,0.85
2025-06-19,Detroit Tigers,Pittsburgh Pirates,0,0,1.85,1,1,0,6.0,3,2,2,0,5,9,0.88
2025-06-25,Milwaukee Brewers,Pittsburgh Pirates,0,1,2.12,1,1,0,4.0,4,4,4,0,2,4,0.91
2025-07-01,Pittsburgh Pirates,St. Louis Cardinals,0,0,2.03,1,1,0,5.0,5,0,0,0,1,5,0.92
2025-07-06,Seattle Mariners,Pittsburgh Pirates,0,0,1.94,1,1,0,5.0,5,0,0,0,0,10,0.92
2025-07-11,Minnesota Twins,Pittsburgh Pirates,0,1,2.01,1,1,0,5.0,5,2,2,1,0,6,0.93
2025-07-21,Pittsburgh Pirates,Detroit Tigers,1,0,1.91,1,1,0,6.0,3,0,0,0,1,6,0.91
2025-07-27,Pittsburgh Pirates,Arizona Diamondbacks,1,0,1.83,1,1,0,6.0,3,0,0,0,1,9,0.9
2025-08-02,Colorado Rockies,Pittsburgh Pirates,0,0,2.02,1,1,0,5.0,5,4,4,1,2,8,0.92
2025-08-07,Pittsburgh Pirates,Cincinnati Reds,1,0,1.94,1,1,0,6.0,7,0,0,0,0,8,0.93
2025-08-12,Milwaukee Brewers,Pittsburgh Pirates,0,1,2.13,1,1,0,4.0,6,4,4,2,2,4,0.96
2025-08-18,Pittsburgh Pirates,Toronto Blue Jays,0,0,2.16,1,1,0,6.0,5,2,2,0,1,8,0.96
2025-08-24,Pittsburgh Pirates,Colorado Rockies,1,0,2.07,1,1,0,7.0,3,0,0,0,0,7,0.94
2025-08-29,Boston Red Sox,Pittsburgh Pirates,1,0,2.05,1,1,0,6.0,7,2,1,1,1,6,0.95
2025-09-04,Pittsburgh Pirates,Los Angeles Dodgers,1,0,1.98,1,1,0,6.0,2,0,0,0,1,8,0.94
2025-09-10,Baltimore Orioles,Pittsburgh Pirates,0,0,1.92,1,1,0,5.0,2,0,0,0,0,8,0.92
2025-09-16,Pittsburgh Pirates,Chicago Cubs,0,1,2.03,1,1,0,3.2,7,3,3,1,3,6,0.96
2025-09-24,Cincinnati Reds,Pittsburgh Pirates,0,0,1.97,1,1,0,6.0,4,0,0,0,0,7,0.95
