Date,Home Tm,Away Tm,W,L,ERA,G,GS,SV,IP,H,R,ER,HR,BB,SO,WHIP
2025-08-20,Arizona Diamondbacks,Cleveland Guardians,0,0,1.35,1,1,0,6.2,7,1,1,0,1,6,1.2
2025-08-26,Cleveland Guardians,Tampa Bay Rays,1,0,0.66,1,1,0,7.0,4,0,0,0,0,6,0.88
2025-09-01,Boston Red Sox,Cleveland Guardians,0,0,2.08,1,1,0,3.2,9,3,3,0,2,2,1.33
2025-09-07,Tampa Bay Rays,Cleveland Guardians,1,0,1.93,1,1,0,6.0,8,1,1,1,0,4,1.33
2025-09-13,Cleveland Guardians,Chicago White Sox,1,0,1.84,1,1,0,6.0,7,1,1,0,1,4,1.33
2025-09-19,Minnesota Twins,Cleveland Guardians,0,0,2.08,1,1,0,5.1,5,2,2,0,1,9,1.3
2025-09-25,Cleveland Guardians,Detroit Tigers,0,1,2.72,1,1,0,5.0,6,4,4,3,1,7,1.31
