Date,Home Tm,Away Tm,W,L,ERA,G,GS,SV,IP,H,R,ER,HR,BB,SO,WHIP
2025-04-08,Chicago Cubs,Texas Rangers,0,0,6.75,1,1,0,4.0,5,3,3,1,2,0,1.75
2025-04-16,Texas Rangers,Los Angeles Angels,1,0,3.86,1,1,0,5.1,5,1,1,0,1,6,1.39
2025-04-22,Athletics,Texas Rangers,1,0,3.77,1,1,0,5.0,7,2,2,2,2,4,1.53
2025-04-28,Texas Rangers,Athletics,0,1,3.79,1,1,0,4.2,7,2,2,0,1,5,1.58
2025-05-03,Texas Rangers,Seattle Mariners,0,0,3.28,1,1,0,5.2,5,1,1,1,2,2,1.5
2025-05-09,Detroit Tigers,Texas Rangers,0,1,3.13,1,1,0,7.0,3,2,2,0,4,3,1.39
2025-05-14,Texas Rangers,Colorado Rockies,1,0,3.35,1,1,0,6.0,4,3,3,2,1,9,1.3
2025-05-20,New York Yankees,Texas Rangers,0,1,3.59,1,1,0,5.0,5,3,3,1,2,3,1.31
2025-05-25,Chicago White Sox,Texas Rangers,0,0,3.75,1,1,0,5.1,5,3,3,2,1,6,1.29
2025-05-31,Texas Rangers,St. Louis Cardinals,0,1,3.71,1,1,0,5.1,3,2,2,0,2,3,1.26
2025-06-06,Washington Nationals,Texas Rangers,0,1,3.52,1,1,0,8.0,5,2,2,1,0,2,1.17
2025-06-12,Minnesota Twins,Texas Rangers,1,0,3.66,1,1,0,5.0,6,3,3,0,3,6,1.22
2025-06-18,Texas Rangers,Kansas City Royals,0,1,3.91,1,1,0,5.0,6,4,4,1,2,4,1.25
2025-06-23,Baltimore Orioles,Texas Rangers,0,1,4.24,1,1,0,5.0,9,5,5,1,0,6,1.28
2025-06-30,Texas Rangers,Baltimore Orioles,0,0,4.26,1,1,0,6.0,8,3,3,0,1,6,1.3
2025-07-05,San Diego Padres,Texas Rangers,1,0,4.18,1,1,0,6.0,6,2,2,1,1,3,1.29
2025-07-10,Los Angeles Angels,Texas Rangers,1,0,4.15,1,1,0,5.0,7,2,2,1,2,6,1.32
2025-07-18,Texas Rangers,Detroit Tigers,0,0,3.91,1,1,0,5.2,3,0,0,0,2,6,1.29
2025-07-23,Texas Rangers,Athletics,0,0,3.78,1,1,0,5.2,5,1,1,0,0,7,1.27
2025-07-29,Los Angeles Angels,Texas Rangers,0,0,3.78,1,1,0,5.0,3,3,2,0,3,6,1.27
2025-08-04,Texas Rangers,New York Yankees,0,0,3.91,1,1,0,3.0,6,3,3,1,3,3,1.31
2025-08-10,Texas Rangers,Philadelphia Phillies,0,1,4.0,1,1,0,4.1,4,3,3,1,3,1,1.32
2025-08-16,Toronto Blue Jays,Texas Rangers,0,1,4.45,1,1,0,2.1,8,7,7,1,2,2,1.38
2025-08-21,Kansas City Royals,Texas Rangers,0,0,4.61,1,1,0,3.2,7,4,4,1,2,2,1.41
2025-08-26,Texas Rangers,Los Angeles Angels,1,0,4.33,1,1,0,8.0,3,0,0,0,1,8,1.36
2025-09-01,Arizona Diamondbacks,Texas Rangers,0,0,4.48,1,1,0,5.2,5,5,5,3,1,5,1.35
2025-09-07,Texas Rangers,Houston Astros,0,0,4.36,1,1,0,5.2,3,1,1,0,1,5,1.32
2025-09-13,New York Mets,Texas Rangers,0,0,4.23,1,1,0,4.1,6,1,0,0,2,5,1.34
2025-09-19,Texas Rangers,Miami Marlins,0,1,4.33,1,0,0,1.0,3,3,2,0,0,0,1.35
2025-09-23,Texas Rangers,Minnesota Twins,0,1,4.34,1,1,0,3.2,5,2,2,0,2,2,1.36
2025-09-28,Cleveland Guardians,Texas Rangers,0,0,4.4,1,1,0,4.0,4,3,3,0,2,5,1.36
