Date,Home Tm,Away Tm,W,L,ERA,G,GS,SV,IP,H,R,ER,HR,BB,SO,WHIP
2025-06-02,Los Angeles Dodgers,New York Mets,0,0,0.0,1,1,0,5.0,3,0,0,0,1,3,0.8
2025-06-08,Colorado Rockies,New York Mets,0,0,3.0,1,0,1,4.0,7,3,3,0,1,3,1.33
2025-06-13,New York Mets,Tampa Bay Rays,0,0,6.75,1,0,0,0.1,4,4,4,0,0,0,1.71
2025-06-18,Atlanta Braves,New York Mets,0,1,6.92,1,1,0,3.2,4,4,3,1,2,2,1.69
2025-06-23,New York Mets,Atlanta Braves,0,1,6.62,1,1,0,4.2,6,3,3,1,3,5,1.75
2025-06-28,Pittsburgh Pirates,New York Mets,0,1,7.71,1,1,0,1.0,6,3,3,0,0,2,1.98
2025-08-13,New York Mets,Atlanta Braves,0,0,6.85,1,0,0,5.0,1,2,2,1,1,3,1.65
2025-08-23,New York Yankees,Boston Red Sox,0,0,8.33,1,0,0,3.1,8,7,7,1,2,2,1.81
2025-08-27,New York Yankees,Washington Nationals,0,0,8.07,1,0,0,2.0,2,1,1,1,0,0,1.76
2025-09-02,Houston Astros,New York Yankees,0,0,7.55,1,0,0,2.0,1,0,0,0,0,4,1.68
2025-09-09,New York Yankees,Detroit Tigers,0,0,7.09,1,0,0,2.0,2,1,0,0,1,3,1.67
2025-09-14,Boston Red Sox,New York Yankees,0,0,6.88,1,0,0,1.0,1,0,0,0,0,1,1.65
2025-09-18,Baltimore Orioles,New York Yankees,0,0,6.5,1,0,0,2.0,0,0,0,0,1,2,1.58
2025-09-24,New York Yankees,Chicago White Sox,0,0,6.32,1,0,0,1.0,1,0,0,0,0,1,1.57
2025-09-27,New York Yankees,Baltimore Orioles,0,0,6.23,1,0,0,2.0,1,1,1,1,0,3,1.51
