Date,Home Tm,Away Tm,W,L,ERA,G,GS,SV,IP,H,R,ER,HR,BB,SO,WHIP
2025-04-20,Toronto Blue Jays,Seattle Mariners,0,0,0.0,1,0,0,4.1,2,0,0,0,0,8,0.46
2025-04-27,New York Yankees,Toronto Blue Jays,0,0,4.05,1,0,0,2.1,4,3,3,1,2,3,1.2
2025-05-24,Tampa Bay Rays,Toronto Blue Jays,0,0,3.52,1,0,0,1.0,0,0,0,0,0,0,1.04
2025-05-25,Tampa Bay Rays,Toronto Blue Jays,0,0,2.53,1,0,0,3.0,3,4,0,1,1,2,1.13
2025-05-28,Texas Rangers,Toronto Blue Jays,0,0,2.03,1,1,0,2.2,1,0,0,0,0,4,0.98
2025-06-03,Toronto Blue Jays,Philadelphia Phillies,0,0,1.84,1,0,0,1.1,2,0,0,0,1,3,1.09
2025-06-06,Minnesota Twins,Toronto Blue Jays,0,0,3.24,1,1,0,2.0,4,3,3,1,0,1,1.2
2025-06-08,Minnesota Twins,Toronto Blue Jays,0,0,3.06,1,0,0,1.0,2,0,0,0,0,3,1.25
2025-06-19,Toronto Blue Jays,Arizona Diamondbacks,0,0,3.54,1,0,0,2.2,2,2,2,0,1,1,1.23
2025-06-24,Cleveland Guardians,Toronto Blue Jays,0,0,3.8,1,0,0,1.0,1,1,1,0,2,1,1.31
2025-06-27,Boston Red Sox,Toronto Blue Jays,0,0,3.63,1,0,0,1.0,0,0,0,0,0,0,1.25
2025-06-28,Boston Red Sox,Toronto Blue Jays,0,0,4.56,1,0,0,1.1,5,3,3,1,1,1,1.44
2025-08-24,Miami Marlins,Toronto Blue Jays,0,0,4.38,1,0,0,1.0,1,0,0,0,0,1,1.42
