Date,Home Tm,Away Tm,W,L,ERA,G,GS,SV,IP,H,R,ER,HR,BB,SO,WHIP
2025-08-29,Boston Red Sox,Pittsburgh Pirates,0,0,3.38,1,1,0,5.1,3,2,2,0,2,8,0.94
2025-09-05,Arizona Diamondbacks,Boston Red Sox,0,1,7.56,1,1,0,3.0,5,5,5,2,4,2,1.68
2025-09-10,Athletics,Boston Red Sox,0,0,7.84,1,1,0,2.0,3,2,2,2,0,2,1.65
2025-09-18,Boston Red Sox,Athletics,0,0,6.08,1,0,0,3.0,3,1,0,0,0,4,1.5
2025-09-21,Tampa Bay Rays,Boston Red Sox,0,0,6.28,1,0,0,1.0,2,1,1,0,1,1,1.6
2025-09-24,Toronto Blue Jays,Boston Red Sox,0,0,6.46,1,0,0,1.0,1,1,1,1,1,1,1.63
2025-09-27,Boston Red Sox,Detroit Tigers,0,0,6.06,1,0,0,1.0,1,0,0,0,0,1,1.59
