Date,Home Tm,Away Tm,W,L,ERA,G,GS,SV,IP,H,R,ER,HR,BB,SO,WHIP
2025-07-29,Minnesota Twins,Boston Red Sox,0,1,12.0,1,1,0,3.0,5,4,4,1,1,4,2.0
2025-08-02,Cleveland Guardians,Minnesota Twins,0,1,7.5,1,0,0,3.0,4,1,1,0,1,2,1.83
2025-08-06,Detroit Tigers,Minnesota Twins,0,0,9.35,1,1,0,2.2,4,4,4,3,0,3,1.73
2025-08-10,Minnesota Twins,Kansas City Royals,0,0,7.15,1,0,0,2.2,1,0,0,0,1,0,1.5
2025-08-15,Minnesota Twins,Detroit Tigers,0,1,7.9,1,1,0,2.1,8,7,3,0,2,1,1.98
2025-08-19,Minnesota Twins,Athletics,0,0,6.62,1,0,0,4.0,3,1,1,0,0,3,1.7
2025-08-24,Chicago White Sox,Minnesota Twins,0,0,5.66,1,0,0,3.0,3,1,0,0,0,3,1.6
2025-09-09,Los Angeles Angels,Minnesota Twins,0,0,6.95,1,0,0,1.1,5,4,4,1,1,2,1.77
2025-09-13,Minnesota Twins,Arizona Diamondbacks,0,0,6.38,1,0,0,2.0,2,0,0,0,1,2,1.75
2025-09-15,Minnesota Twins,New York Yankees,0,0,6.12,1,0,0,1.0,0,0,0,0,0,1,1.68
2025-09-17,Minnesota Twins,New York Yankees,0,0,5.88,1,0,0,1.0,0,0,0,0,0,2,1.62
2025-09-21,Minnesota Twins,Cleveland Guardians,0,0,5.67,1,0,0,1.0,0,0,0,0,0,0,1.56
2025-09-25,Texas Rangers,Minnesota Twins,0,0,5.46,1,0,0,1.0,1,0,0,0,0,1,1.54
2025-09-27,Philadelphia Phillies,Minnesota Twins,0,0,5.1,1,0,0,2.0,2,0,0,0,0,3,1.5
