Date,Home Tm,Away Tm,W,L,ERA,G,GS,SV,IP,H,R,ER,HR,BB,SO,WHIP
2025-04-10,Colorado Rockies,Milwaukee Brewers,0,0,1.8,1,1,0,5.0,6,1,1,1,2,4,1.6
2025-04-15,Milwaukee Brewers,Detroit Tigers,1,0,0.9,1,1,0,5.0,1,0,0,0,3,4,1.2
2025-04-21,San Francisco Giants,Milwaukee Brewers,0,0,1.93,1,1,0,4.0,4,2,2,0,4,3,1.43
2025-04-26,St. Louis Cardinals,Milwaukee Brewers,0,0,3.79,1,1,0,5.0,8,5,5,0,3,2,1.63
2025-05-02,Milwaukee Brewers,Chicago Cubs,0,0,5.79,1,0,0,4.1,6,7,7,2,4,4,1.76
2025-05-07,Milwaukee Brewers,Houston Astros,0,1,5.08,1,1,0,5.0,3,3,1,0,3,3,1.66
2025-05-13,Cleveland Guardians,Milwaukee Brewers,0,1,4.59,1,1,0,5.0,3,1,1,1,2,3,1.56
2025-05-19,Milwaukee Brewers,Baltimore Orioles,0,0,4.66,1,0,0,5.1,4,3,3,1,1,2,1.47
2025-05-24,Pittsburgh Pirates,Milwaukee Brewers,0,0,4.23,1,1,0,6.0,6,1,1,0,1,7,1.43
2025-05-30,Philadelphia Phillies,Milwaukee Brewers,1,0,4.09,1,0,0,6.0,4,2,2,1,0,0,1.34
2025-06-04,Cincinnati Reds,Milwaukee Brewers,1,0,3.88,1,0,0,5.0,2,1,1,0,3,4,1.31
2025-06-10,Milwaukee Brewers,Atlanta Braves,1,0,3.65,1,1,0,6.0,7,1,1,0,0,7,1.3
2025-06-15,Milwaukee Brewers,St. Louis Cardinals,1,0,3.46,1,1,0,6.0,4,1,1,0,0,3,1.24
2025-06-22,Minnesota Twins,Milwaukee Brewers,0,0,3.68,1,1,0,3.1,9,3,3,2,0,4,1.31
2025-06-28,Milwaukee Brewers,Colorado Rockies,1,0,3.35,1,1,0,7.0,1,0,0,0,2,11,1.23
2025-07-04,Miami Marlins,Milwaukee Brewers,0,0,3.59,1,1,0,4.2,7,5,4,2,2,4,1.27
2025-07-11,Milwaukee Brewers,Washington Nationals,1,0,3.55,1,0,0,6.0,4,2,2,1,2,5,1.25
2025-07-18,Los Angeles Dodgers,Milwaukee Brewers,1,0,3.33,1,1,0,6.0,3,0,0,0,0,10,1.2
2025-07-23,Seattle Mariners,Milwaukee Brewers,1,0,3.28,1,1,0,7.0,6,2,2,0,2,6,1.2
2025-07-29,Milwaukee Brewers,Chicago Cubs,1,0,3.27,1,1,0,5.2,8,2,2,1,2,3,1.23
2025-08-04,Atlanta Braves,Milwaukee Brewers,1,0,3.15,1,1,0,7.0,2,1,1,1,2,4,1.19
2025-08-10,Milwaukee Brewers,New York Mets,0,0,3.49,1,1,0,4.1,10,6,6,2,1,2,1.24
2025-08-16,Cincinnati Reds,Milwaukee Brewers,0,0,3.48,1,1,0,5.1,6,2,2,2,1,5,1.24
2025-08-21,Chicago Cubs,Milwaukee Brewers,0,0,3.44,1,1,0,4.1,3,1,1,0,5,4,1.26
2025-08-30,Toronto Blue Jays,Milwaukee Brewers,0,0,3.28,1,1,0,6.0,5,1,0,0,0,3,1.24
2025-09-05,Pittsburgh Pirates,Milwaukee Brewers,1,0,3.25,1,1,0,7.0,6,2,2,0,1,6,1.23
2025-09-12,Milwaukee Brewers,St. Louis Cardinals,1,0,3.25,1,1,0,5.1,5,2,2,0,1,5,1.23
2025-09-18,Milwaukee Brewers,Los Angeles Angels,0,0,3.25,1,1,0,5.2,3,2,2,1,2,10,1.21
2025-09-26,Milwaukee Brewers,Cincinnati Reds,0,1,3.32,1,1,0,5.0,9,3,3,0,1,4,1.24
