Date,Home Tm,Away Tm,W,L,ERA,G,GS,SV,IP,H,R,ER,HR,BB,SO,WHIP
2025-03-29,San Diego Padres,Atlanta Braves,0,0,0.0,1,1,0,6.0,4,0,0,0,4,3,1.33
2025-04-04,Chicago Cubs,San Diego Padres,0,1,1.69,1,1,0,4.2,2,3,2,0,5,2,1.41
2025-04-09,Athletics,San Diego Padres,1,0,1.72,1,1,0,5.0,1,1,1,0,3,1,1.21
2025-04-15,San Diego Padres,Chicago Cubs,0,0,1.74,1,1,0,5.0,7,1,1,0,2,2,1.35
2025-04-21,Detroit Tigers,San Diego Padres,0,1,3.97,1,1,0,2.0,5,6,6,0,3,1,1.59
2025-04-27,San Diego Padres,Tampa Bay Rays,0,1,4.28,1,1,0,4.2,5,3,3,1,2,1,1.57
2025-05-03,Pittsburgh Pirates,San Diego Padres,0,0,3.9,1,1,0,5.0,6,1,1,0,5,3,1.67
2025-05-09,Colorado Rockies,San Diego Padres,1,0,3.76,1,1,0,6.0,6,2,2,2,1,5,1.59
2025-05-14,San Diego Padres,Los Angeles Angels,1,0,3.45,1,1,0,6.0,4,1,1,1,1,5,1.49
2025-05-21,Toronto Blue Jays,San Diego Padres,0,1,3.49,1,1,0,4.2,4,2,2,1,0,4,1.43
2025-05-26,San Diego Padres,Miami Marlins,0,0,3.58,1,1,0,6.1,6,3,3,1,1,5,1.39
2025-06-01,San Diego Padres,Pittsburgh Pirates,0,0,3.99,1,1,0,3.1,6,4,4,2,3,3,1.47
2025-06-06,Milwaukee Brewers,San Diego Padres,0,0,3.69,1,1,0,4.2,2,0,0,0,4,2,1.45
2025-06-11,San Diego Padres,Los Angeles Dodgers,0,0,3.57,1,1,0,4.2,2,1,1,1,1,4,1.4
2025-06-17,Los Angeles Dodgers,San Diego Padres,0,0,3.7,1,1,0,5.0,4,3,3,2,0,2,1.36
2025-06-22,San Diego Padres,Kansas City Royals,0,0,3.6,1,1,0,7.0,5,2,2,1,2,2,1.33
2025-06-28,Cincinnati Reds,San Diego Padres,0,0,3.84,1,1,0,4.1,9,4,4,0,2,3,1.39
2025-07-04,San Diego Padres,Texas Rangers,0,0,3.79,1,1,0,6.0,3,2,2,0,3,1,1.36
2025-07-10,San Diego Padres,Arizona Diamondbacks,0,0,3.8,1,1,0,4.1,5,2,2,0,4,1,1.39
2025-07-21,Miami Marlins,San Diego Padres,0,0,3.73,1,1,0,4.1,7,1,1,1,1,0,1.41
2025-07-26,St. Louis Cardinals,San Diego Padres,0,0,3.65,1,1,0,4.2,1,1,1,0,1,2,1.37
2025-08-02,San Diego Padres,St. Louis Cardinals,0,1,3.93,1,1,0,4.0,8,5,5,1,0,3,1.39
2025-08-15,Los Angeles Dodgers,San Diego Padres,0,1,3.96,1,0,0,3.2,3,2,2,0,1,4,1.38
2025-09-06,Colorado Rockies,San Diego Padres,1,0,3.91,1,1,0,6.0,8,3,2,1,0,3,1.38
2025-09-11,San Diego Padres,Colorado Rockies,1,0,3.72,1,1,0,6.0,4,0,0,0,0,9,1.35
2025-09-18,New York Mets,San Diego Padres,0,1,3.94,1,1,0,2.1,4,4,4,1,1,3,1.36
2025-09-23,San Diego Padres,Milwaukee Brewers,1,0,3.73,1,1,0,7.0,1,0,0,0,2,3,1.31
2025-09-28,San Diego Padres,Arizona Diamondbacks,0,0,3.84,1,0,0,1.0,3,2,2,0,0,1,1.32
