Date,Home Tm,Away Tm,W,L,ERA,G,GS,SV,IP,H,R,ER,HR,BB,SO,WHIP
2025-05-04,Philadelphia Phillies,Arizona Diamondbacks,0,0,17.18,1,1,0,3.2,7,7,7,0,2,6,2.45
2025-05-10,Cleveland Guardians,Philadelphia Phillies,1,0,5.91,1,1,0,7.0,3,0,0,0,1,5,1.22
2025-05-16,Philadelphia Phillies,Pittsburgh Pirates,1,0,5.09,1,1,0,7.0,6,3,3,1,1,6,1.13
2025-05-22,Colorado Rockies,Philadelphia Phillies,1,0,3.7,1,1,0,6.2,6,0,0,0,3,6,1.19
2025-05-27,Philadelphia Phillies,Atlanta Braves,1,0,2.97,1,1,0,6.0,4,0,0,0,3,8,1.19
2025-06-01,Philadelphia Phillies,Milwaukee Brewers,0,0,2.72,1,1,0,6.0,7,2,1,0,0,2,1.18
2025-06-07,Pittsburgh Pirates,Philadelphia Phillies,0,1,2.7,1,1,0,7.0,5,2,2,1,1,5,1.13
2025-06-13,Philadelphia Phillies,Toronto Blue Jays,1,0,2.32,1,1,0,7.0,5,0,0,0,1,6,1.09
2025-06-18,Miami Marlins,Philadelphia Phillies,1,0,2.2,1,1,0,7.0,4,1,1,1,2,8,1.06
2025-06-24,Houston Astros,Philadelphia Phillies,0,1,2.08,1,1,0,7.2,4,1,1,1,2,7,1.03
2025-06-29,Atlanta Braves,Philadelphia Phillies,1,0,2.0,1,1,0,7.0,4,1,1,1,1,8,1.0
2025-07-05,Philadelphia Phillies,Cincinnati Reds,0,0,1.99,1,1,0,5.0,5,1,1,1,2,6,1.03
2025-07-11,San Diego Padres,Philadelphia Phillies,0,1,2.15,1,1,0,6.2,7,3,3,0,3,5,1.06
2025-07-20,Philadelphia Phillies,Los Angeles Angels,0,1,2.66,1,1,0,4.1,9,6,6,0,4,4,1.16
2025-07-26,New York Yankees,Philadelphia Phillies,1,0,2.59,1,1,0,5.2,7,1,1,0,1,8,1.17
2025-08-01,Philadelphia Phillies,Detroit Tigers,0,0,2.68,1,1,0,7.0,4,3,3,1,0,5,1.13
2025-08-06,Philadelphia Phillies,Baltimore Orioles,0,1,2.94,1,1,0,6.1,9,5,5,1,0,3,1.15
2025-08-12,Cincinnati Reds,Philadelphia Phillies,0,1,3.28,1,1,0,5.1,10,6,6,1,2,3,1.2
2025-08-18,Philadelphia Phillies,Seattle Mariners,1,0,3.25,1,1,0,6.2,4,2,2,1,0,10,1.17
2025-08-24,Philadelphia Phillies,Washington Nationals,1,0,3.07,1,1,0,7.0,3,0,0,0,0,11,1.13
2025-08-29,Philadelphia Phillies,Atlanta Braves,0,0,3.02,1,1,0,5.0,10,1,1,0,1,2,1.17
2025-09-04,Milwaukee Brewers,Philadelphia Phillies,1,0,2.89,1,1,0,6.0,6,0,0,0,2,4,1.18
2025-09-09,Philadelphia Phillies,New York Mets,1,0,2.77,1,1,0,6.0,1,0,0,0,3,12,1.15
2025-09-15,Los Angeles Dodgers,Philadelphia Phillies,0,0,2.84,1,1,0,6.0,7,3,3,1,2,5,1.17
2025-09-21,Arizona Diamondbacks,Philadelphia Phillies,0,1,3.12,1,1,0,4.0,8,6,6,1,1,2,1.2
2025-09-27,Philadelphia Phillies,Minnesota Twins,0,1,3.2,1,1,0,4.1,9,3,3,2,0,4,1.22
