Date,Home Tm,Away Tm,W,L,ERA,G,GS,SV,IP,H,R,ER,HR,BB,SO,WHIP
2025-03-28,Houston Astros,New York Mets,0,0,0.0,1,0,0,1.0,0,0,0,0,1,2,1.0
2025-04-02,Miami Marlins,New York Mets,0,0,0.0,1,0,0,1.1,2,0,0,0,0,0,1.29
2025-04-04,New York Mets,Toronto Blue Jays,0,0,0.0,1,0,0,0.2,0,0,0,0,0,2,1.0
2025-04-06,New York Mets,Toronto Blue Jays,0,0,0.0,1,0,0,1.0,0,0,0,0,0,1,0.75
2025-04-08,New York Mets,Miami Marlins,0,0,0.0,1,0,0,1.0,0,0,0,0,0,1,0.6
2025-04-11,Athletics,New York Mets,0,0,0.0,1,0,0,0.2,1,0,0,0,2,1,1.06
2025-04-14,Minnesota Twins,New York Mets,0,0,0.0,1,0,0,1.0,0,0,0,0,0,2,0.9
2025-04-16,Minnesota Twins,New York Mets,0,1,0.0,1,0,0,0.0,1,1,0,0,0,0,1.05
2025-04-17,New York Mets,St. Louis Cardinals,0,0,0.0,1,0,0,1.0,0,0,0,0,1,1,1.04
2025-04-19,New York Mets,St. Louis Cardinals,0,0,0.0,1,0,0,1.1,0,0,0,0,0,0,0.89
2025-04-21,New York Mets,Philadelphia Phillies,0,0,0.0,1,0,0,0.2,1,0,0,0,0,1,0.93
2025-04-25,Washington Nationals,New York Mets,0,0,0.0,1,0,0,1.0,1,0,0,0,0,1,0.94
2025-04-26,Washington Nationals,New York Mets,0,0,0.0,1,0,0,1.0,2,0,0,0,0,0,1.03
2025-05-01,New York Mets,Arizona Diamondbacks,0,0,0.68,1,0,0,1.2,1,1,1,1,0,3,0.98
2025-05-04,St. Louis Cardinals,New York Mets,0,0,0.63,1,0,0,1.0,0,0,0,0,1,1,0.98
2025-05-05,Arizona Diamondbacks,New York Mets,0,0,0.59,1,0,0,1.0,2,0,0,0,0,2,1.04
2025-05-09,New York Mets,Chicago Cubs,0,0,0.57,1,0,0,0.1,0,0,0,0,0,0,1.02
2025-05-11,New York Mets,Chicago Cubs,0,0,1.08,1,0,0,1.0,1,1,1,0,1,0,1.08
2025-05-13,New York Mets,Pittsburgh Pirates,0,0,1.06,1,0,0,0.1,0,0,0,0,2,0,1.18
2025-05-17,New York Yankees,New York Mets,1,0,1.0,1,0,0,1.0,1,0,0,0,3,0,1.33
2025-05-21,Boston Red Sox,New York Mets,0,0,0.95,1,0,0,1.0,1,0,0,0,0,1,1.32
2025-05-23,New York Mets,Los Angeles Dodgers,0,0,0.86,1,0,0,2.0,0,0,0,0,1,2,1.24
2025-05-25,New York Mets,Los Angeles Dodgers,0,0,0.82,1,0,1,1.0,1,0,0,0,0,2,1.23
2025-05-27,New York Mets,Chicago White Sox,0,0,0.76,1,0,1,1.2,0,0,0,0,1,3,1.18
2025-05-30,New York Mets,Colorado Rockies,0,0,0.73,1,0,0,1.0,0,0,0,0,0,2,1.14
2025-06-01,New York Mets,Colorado Rockies,0,0,0.7,1,0,0,1.0,1,0,0,0,0,2,1.13
2025-06-03,Los Angeles Dodgers,New York Mets,0,0,0.68,1,0,0,1.0,1,0,0,0,1,2,1.16
2025-06-05,Los Angeles Dodgers,New York Mets,0,1,0.99,1,0,0,0.2,2,3,1,0,2,1,1.28
2025-06-10,New York Mets,Washington Nationals,1,0,0.95,1,0,0,1.0,0,0,0,0,0,1,1.24
2025-06-17,Atlanta Braves,New York Mets,0,0,1.23,1,0,0,1.0,2,1,1,0,0,1,1.26
2025-06-20,Philadelphia Phillies,New York Mets,0,1,2.45,1,0,0,0.0,3,4,4,0,1,0,1.4
2025-06-23,New York Mets,Atlanta Braves,0,0,2.37,1,0,0,1.0,0,0,0,0,0,2,1.35
2025-06-24,New York Mets,Atlanta Braves,0,0,2.32,1,0,0,0.2,1,0,0,0,1,2,1.39
2025-06-28,Pittsburgh Pirates,New York Mets,0,0,2.25,1,0,0,1.0,0,0,0,0,0,0,1.34
2025-07-02,New York Mets,Milwaukee Brewers,0,1,3.31,1,0,0,0.2,3,4,4,1,1,0,1.44
2025-07-04,New York Mets,New York Yankees,0,0,3.12,1,0,1,2.0,1,0,0,0,0,1,1.38
2025-07-08,Baltimore Orioles,New York Mets,0,0,3.03,1,0,0,1.0,1,0,0,0,1,0,1.4
2025-07-11,Kansas City Royals,New York Mets,0,0,2.95,1,0,0,1.0,0,0,0,0,0,1,1.36
2025-07-12,Kansas City Royals,New York Mets,0,0,2.87,1,0,0,1.0,0,0,0,0,0,0,1.33
2025-07-19,New York Mets,Cincinnati Reds,0,0,2.82,1,0,0,0.2,1,0,0,0,0,0,1.33
2025-07-20,New York Mets,Cincinnati Reds,0,0,3.0,1,0,0,0.2,0,1,1,0,1,1,1.33
2025-07-22,New York Mets,Los Angeles Angels,0,0,2.9,1,0,0,1.1,0,0,0,0,0,2,1.29
2025-07-26,San Francisco Giants,New York Mets,0,0,2.83,1,0,0,1.0,0,0,0,0,0,2,1.26
2025-07-27,San Francisco Giants,New York Mets,0,0,2.79,1,0,0,0.2,1,0,0,0,0,2,1.26
2025-07-30,San Diego Padres,New York Mets,0,0,2.7,1,0,0,1.1,0,0,0,0,1,2,1.25
2025-08-02,New York Mets,San Francisco Giants,1,0,2.62,1,0,0,1.1,0,0,0,0,0,1,1.21
2025-08-04,New York Mets,Cleveland Guardians,0,0,2.56,1,0,0,1.0,0,0,0,0,0,2,1.18
2025-08-06,New York Mets,Cleveland Guardians,0,0,2.51,1,0,0,1.0,0,0,0,0,0,1,1.16
2025-08-09,Milwaukee Brewers,New York Mets,0,0,2.45,1,1,0,1.0,0,0,0,0,0,2,1.13
2025-08-10,Milwaukee Brewers,New York Mets,0,0,2.59,1,0,0,1.0,1,1,1,1,0,1,1.13
2025-08-13,New York Mets,Atlanta Braves,0,1,3.1,1,0,0,0.2,2,3,3,1,1,2,1.18
2025-08-17,New York Mets,Seattle Mariners,0,0,3.4,1,0,0,1.0,2,2,2,1,0,1,1.19
2025-08-20,Washington Nationals,New York Mets,0,0,3.33,1,0,0,1.0,0,0,0,0,1,1,1.19
2025-08-22,Atlanta Braves,New York Mets,0,0,3.61,1,0,0,1.0,3,2,2,0,0,1,1.22
2025-09-07,Cincinnati Reds,New York Mets,0,0,3.54,1,0,0,1.0,1,0,0,0,0,1,1.22
2025-09-11,Philadelphia Phillies,New York Mets,0,1,4.0,1,0,0,0.2,3,3,3,0,1,1,1.28
2025-09-12,New York Mets,Texas Rangers,0,0,3.93,1,0,0,1.0,2,0,0,0,0,0,1.29
2025-09-14,New York Mets,Texas Rangers,0,0,3.9,1,0,0,0.1,1,0,0,0,1,0,1.32
