Date,Home Tm,Away Tm,W,L,ERA,G,GS,SV,IP,H,R,ER,HR,BB,SO,WHIP
2025-03-29,Los Angeles Dodgers,Detroit Tigers,0,1,7.71,1,1,0,4.2,4,4,4,1,2,5,1.29
2025-04-05,Detroit Tigers,Chicago White Sox,1,0,5.06,1,1,0,6.0,7,2,2,0,3,5,1.5
2025-04-11,Minnesota Twins,Detroit Tigers,0,0,6.0,1,1,0,4.1,6,4,4,0,3,3,1.67
2025-04-17,Detroit Tigers,Kansas City Royals,1,0,4.5,1,1,0,5.0,4,0,0,0,2,5,1.55
2025-04-23,Detroit Tigers,San Diego Padres,1,0,3.29,1,1,0,7.1,2,0,0,0,1,7,1.24
2025-04-29,Houston Astros,Detroit Tigers,0,1,3.55,1,1,0,5.2,4,3,3,0,3,7,1.24
2025-05-04,Los Angeles Angels,Detroit Tigers,1,0,3.03,1,1,0,5.2,3,0,0,0,3,8,1.22
2025-05-11,Detroit Tigers,Texas Rangers,0,1,3.38,1,1,0,4.0,7,3,3,1,1,5,1.29
2025-05-17,Toronto Blue Jays,Detroit Tigers,0,0,2.96,1,1,0,6.0,1,0,0,0,1,6,1.17
2025-07-04,Cleveland Guardians,Detroit Tigers,0,0,2.89,1,1,0,4.1,6,1,1,1,1,3,1.21
2025-07-09,Detroit Tigers,Tampa Bay Rays,0,0,2.95,1,1,0,5.0,6,2,2,0,2,1,1.24
2025-07-18,Texas Rangers,Detroit Tigers,0,0,2.71,1,1,0,5.0,2,0,0,0,1,6,1.19
2025-07-24,Detroit Tigers,Toronto Blue Jays,0,1,3.15,1,1,0,5.2,6,5,5,2,2,4,1.21
