Date,Home Tm,Away Tm,W,L,ERA,G,GS,SV,IP,H,R,ER,HR,BB,SO,WHIP
2025-03-30,Texas Rangers,Boston Red Sox,0,1,4.5,1,1,0,6.0,6,3,3,2,0,4,1.0
2025-04-07,Boston Red Sox,Toronto Blue Jays,0,1,4.5,1,1,0,6.0,6,3,3,0,4,4,1.33
2025-04-12,Chicago White Sox,Boston Red Sox,0,0,3.18,1,1,0,5.0,2,0,0,0,1,5,1.12
2025-05-27,Milwaukee Brewers,Boston Red Sox,0,0,2.7,1,1,0,3.0,2,0,0,0,1,2,1.1
2025-06-02,Boston Red Sox,Los Angeles Angels,0,1,4.71,1,1,0,1.0,4,6,5,3,1,0,1.29
2025-06-25,Los Angeles Angels,Boston Red Sox,0,0,4.68,1,1,0,4.0,4,2,2,2,1,6,1.28
2025-07-01,Boston Red Sox,Cincinnati Reds,0,0,4.5,1,1,0,3.0,2,1,1,0,1,1,1.25
2025-07-07,Boston Red Sox,Colorado Rockies,1,0,4.28,1,1,0,5.2,5,3,2,0,1,6,1.22
2025-07-22,Philadelphia Phillies,Boston Red Sox,0,1,4.86,1,1,0,3.1,6,4,4,2,0,4,1.27
2025-07-28,Minnesota Twins,Boston Red Sox,0,0,4.83,1,1,0,4.0,4,2,2,1,3,2,1.32
2025-08-25,Baltimore Orioles,Boston Red Sox,1,0,5.0,1,0,0,4.0,2,3,3,1,3,6,1.31
