Date,Home Tm,Away Tm,W,L,ERA,G,GS,SV,IP,H,R,ER,HR,BB,SO,WHIP
2025-07-06,New York Mets,New York Yankees,0,0,0.0,1,0,0,2.0,1,0,0,0,0,2,0.5
2025-07-10,Baltimore Orioles,New York Mets,0,0,0.0,1,0,0,2.2,0,0,0,0,0,1,0.21
2025-07-18,Atlanta Braves,New York Yankees,0,0,3.68,1,0,0,2.2,3,3,3,1,2,2,0.82
2025-07-22,New York Mets,Los Angeles Angels,0,0,3.24,1,0,0,1.0,1,0,0,0,0,2,0.84
2025-07-25,San Francisco Giants,New York Mets,0,0,2.61,1,0,0,2.0,0,0,0,0,0,3,0.68
2025-07-28,San Diego Padres,New York Mets,0,0,2.19,1,0,0,2.0,1,0,0,0,1,4,0.73
2025-07-30,San Diego Padres,New York Mets,0,0,2.7,1,0,0,1.0,1,1,1,0,1,2,0.83
2025-08-01,New York Mets,San Francisco Giants,0,0,2.51,1,0,0,1.0,1,0,0,0,0,1,0.84
2025-08-02,New York Mets,San Francisco Giants,0,0,3.52,1,0,0,1.0,2,2,2,1,0,1,0.91
2025-08-12,Baltimore Orioles,Seattle Mariners,0,0,3.31,1,0,0,1.0,1,0,0,0,0,0,0.92
2025-08-14,Baltimore Orioles,Seattle Mariners,0,0,3.71,1,0,0,0.2,2,1,1,1,0,1,1.0
2025-08-16,Houston Astros,Baltimore Orioles,0,0,3.5,1,1,0,1.0,2,0,0,0,0,1,1.06
2025-08-19,Boston Red Sox,Baltimore Orioles,0,0,3.32,1,0,0,1.0,0,0,0,0,0,3,1.0
2025-08-23,Baltimore Orioles,Houston Astros,0,0,3.15,1,0,0,1.0,1,0,0,0,0,0,1.0
2025-08-24,Baltimore Orioles,Houston Astros,0,0,3.54,1,0,0,0.1,3,1,1,0,0,0,1.13
2025-08-28,Baltimore Orioles,Boston Red Sox,0,1,3.8,1,0,0,1.0,1,1,1,0,1,1,1.17
2025-09-01,San Diego Padres,Baltimore Orioles,0,0,3.52,1,0,0,1.2,0,0,0,0,0,2,1.09
2025-09-02,San Diego Padres,Baltimore Orioles,0,0,3.42,1,0,0,0.2,0,0,0,0,0,1,1.06
2025-09-05,Baltimore Orioles,Los Angeles Dodgers,0,0,3.28,1,0,0,1.0,0,0,0,0,0,1,1.01
2025-09-07,Baltimore Orioles,Los Angeles Dodgers,0,0,3.51,1,0,0,1.0,2,1,1,0,1,0,1.09
2025-09-09,Baltimore Orioles,Pittsburgh Pirates,0,0,3.38,1,0,0,1.0,0,0,0,0,0,1,1.05
2025-09-10,Baltimore Orioles,Pittsburgh Pirates,0,0,3.25,1,0,0,1.0,0,0,0,0,1,1,1.05
2025-09-13,Toronto Blue Jays,Baltimore Orioles,0,0,3.14,1,0,0,1.0,1,0,0,0,1,1,1.08
2025-09-16,Chicago White Sox,Baltimore Orioles,0,0,3.41,1,0,0,0.1,1,1,1,1,0,0,1.1
2025-09-17,Chicago White Sox,Baltimore Orioles,0,0,3.3,1,0,0,1.0,0,0,0,0,0,1,1.07
2025-09-19,Baltimore Orioles,New York Yankees,0,0,3.19,1,0,0,1.0,1,0,0,0,1,1,1.1
2025-09-21,Baltimore Orioles,New York Yankees,0,0,3.09,1,0,0,1.0,2,0,0,0,1,1,1.16
2025-09-25,Baltimore Orioles,Tampa Bay Rays,0,0,3.0,1,0,0,1.0,3,0,0,0,0,2,1.21
2025-09-28,New York Yankees,Baltimore Orioles,0,1,3.15,1,0,0,1.1,1,1,1,1,0,2,1.19
