Date,Home Tm,Away Tm,W,L,ERA,G,GS,SV,IP,H,R,ER,HR,BB,SO,WHIP
2025-05-17,Milwaukee Brewers,Minnesota Twins,0,0,0.0,1,0,0,2.0,2,0,0,0,0,3,1.0
2025-05-19,Milwaukee Brewers,Baltimore Orioles,0,0,0.0,1,1,0,1.0,0,0,0,0,0,2,0.67
2025-05-21,Milwaukee Brewers,Baltimore Orioles,0,0,0.0,1,0,0,0.2,2,0,0,0,0,1,1.09
2025-05-22,Pittsburgh Pirates,Milwaukee Brewers,0,0,0.0,1,0,0,0.2,0,0,0,0,1,0,1.15
2025-05-27,Milwaukee Brewers,Boston Red Sox,1,0,0.0,1,0,0,0.2,0,0,0,0,0,1,1.0
2025-05-31,Philadelphia Phillies,Milwaukee Brewers,0,0,0.0,1,0,0,1.0,0,0,0,0,0,2,0.83
2025-06-02,Cincinnati Reds,Milwaukee Brewers,0,0,0.0,1,0,0,0.2,1,0,0,0,0,1,0.9
2025-06-03,Cincinnati Reds,Milwaukee Brewers,0,0,0.0,1,0,0,0.2,0,0,0,0,1,0,0.95
2025-06-06,Milwaukee Brewers,San Diego Padres,0,0,0.0,1,0,0,0.1,2,0,0,0,0,0,1.17
2025-06-08,Milwaukee Brewers,San Diego Padres,0,1,1.04,1,0,0,1.0,1,1,1,1,0,2,1.15
2025-06-14,Milwaukee Brewers,St. Louis Cardinals,0,0,1.86,1,0,0,1.0,1,1,1,1,0,0,1.14
2025-06-17,Chicago Cubs,Milwaukee Brewers,0,0,2.53,1,0,0,1.0,1,1,1,1,0,1,1.13
2025-06-22,Minnesota Twins,Milwaukee Brewers,1,0,2.38,1,0,0,0.2,0,0,0,0,0,1,1.06
2025-06-24,Milwaukee Brewers,Pittsburgh Pirates,0,0,2.19,1,0,0,1.0,0,0,0,0,0,0,0.97
2025-06-25,Milwaukee Brewers,Pittsburgh Pirates,0,0,2.03,1,0,0,1.0,0,0,0,0,0,1,0.9
2025-08-31,Toronto Blue Jays,Milwaukee Brewers,0,0,1.88,1,0,0,1.0,0,0,0,0,1,0,0.91
2025-09-01,Milwaukee Brewers,Philadelphia Phillies,0,0,1.76,1,0,0,1.0,1,0,0,0,1,0,0.98
2025-09-04,Milwaukee Brewers,Philadelphia Phillies,0,0,1.62,1,0,0,1.1,0,0,0,0,0,2,0.9
2025-09-06,Pittsburgh Pirates,Milwaukee Brewers,0,0,1.59,1,0,0,0.1,0,0,0,0,1,0,0.94
2025-09-10,Texas Rangers,Milwaukee Brewers,0,0,1.5,1,0,0,1.0,0,0,0,0,1,1,0.94
2025-09-12,Milwaukee Brewers,St. Louis Cardinals,0,0,1.42,1,0,0,1.0,0,0,0,0,0,1,0.89
2025-09-13,Milwaukee Brewers,St. Louis Cardinals,0,0,1.37,1,0,0,0.2,0,0,0,0,1,0,0.92
2025-09-19,St. Louis Cardinals,Milwaukee Brewers,0,0,2.7,1,0,0,0.1,3,3,3,0,0,0,1.05
2025-09-21,St. Louis Cardinals,Milwaukee Brewers,0,0,2.61,1,0,0,0.2,1,0,0,0,1,1,1.11
2025-09-22,San Diego Padres,Milwaukee Brewers,0,0,2.49,1,0,0,1.0,1,1,0,0,2,0,1.2
2025-09-27,Milwaukee Brewers,Cincinnati Reds,0,0,2.45,1,0,0,0.1,0,0,0,0,0,0,1.18
