Date,Home Tm,Away Tm,W,L,ERA,G,GS,SV,IP,H,R,ER,HR,BB,SO,WHIP
2025-03-30,Cincinnati Reds,San Francisco Giants,1,0,5.06,1,1,0,5.1,3,3,3,2,1,4,0.75
2025-04-05,San Francisco Giants,Seattle Mariners,1,0,3.18,1,1,0,6.0,4,1,1,1,5,2,1.15
2025-04-11,New York Yankees,San Francisco Giants,1,0,2.93,1,1,0,4.0,2,1,1,0,4,7,1.24
2025-04-16,Philadelphia Phillies,San Francisco Giants,0,0,4.19,1,1,0,4.0,6,4,4,1,5,8,1.55
2025-04-21,San Francisco Giants,Milwaukee Brewers,0,0,4.07,1,1,0,5.0,5,2,2,1,3,4,1.56
2025-04-26,San Francisco Giants,Texas Rangers,0,0,3.73,1,1,0,7.0,5,2,2,0,1,8,1.4
2025-05-02,San Francisco Giants,Colorado Rockies,1,0,3.05,1,1,0,7.0,2,0,0,0,2,8,1.25
2025-05-07,Chicago Cubs,San Francisco Giants,1,0,2.84,1,1,0,6.0,3,1,1,0,2,5,1.2
2025-05-13,San Francisco Giants,Arizona Diamondbacks,1,0,3.04,1,1,0,6.0,7,3,3,0,3,9,1.25
2025-05-19,San Francisco Giants,Kansas City Royals,0,0,2.67,1,1,0,7.0,6,0,0,0,1,7,1.22
2025-05-25,Washington Nationals,San Francisco Giants,1,0,2.56,1,1,0,6.0,3,1,1,0,0,7,1.15
2025-05-31,Miami Marlins,San Francisco Giants,0,1,2.43,1,1,0,7.0,2,1,1,0,3,9,1.11
2025-06-05,San Francisco Giants,San Diego Padres,1,0,2.44,1,1,0,7.0,4,2,2,1,1,9,1.07
2025-06-11,Colorado Rockies,San Francisco Giants,0,0,2.55,1,1,0,4.0,6,4,2,0,2,5,1.12
2025-06-17,San Francisco Giants,Cleveland Guardians,0,1,2.68,1,1,0,6.0,5,3,3,1,2,5,1.12
2025-06-22,San Francisco Giants,Boston Red Sox,0,0,2.83,1,1,0,5.0,8,4,3,2,1,7,1.16
2025-06-28,Chicago White Sox,San Francisco Giants,0,1,2.75,1,1,0,6.0,4,1,1,1,2,6,1.15
2025-07-03,Arizona Diamondbacks,San Francisco Giants,1,0,2.68,1,1,0,9.0,3,2,2,2,1,7,1.09
2025-07-08,San Francisco Giants,Philadelphia Phillies,0,0,2.63,1,1,0,5.2,4,1,1,0,3,5,1.1
2025-07-13,San Francisco Giants,Los Angeles Dodgers,0,0,2.65,1,1,0,6.0,3,2,2,1,2,6,1.08
2025-07-20,Toronto Blue Jays,San Francisco Giants,0,1,2.92,1,1,0,4.1,5,5,5,2,5,3,1.13
2025-07-26,San Francisco Giants,New York Mets,0,1,2.93,1,1,0,5.2,5,2,2,0,3,3,1.14
2025-08-01,New York Mets,San Francisco Giants,0,0,2.85,1,1,0,7.0,4,1,1,1,1,6,1.12
2025-08-06,Pittsburgh Pirates,San Francisco Giants,0,0,2.85,1,1,0,6.0,6,2,2,0,2,8,1.13
2025-08-12,San Francisco Giants,San Diego Padres,0,1,2.98,1,1,0,6.0,7,4,4,1,1,4,1.14
2025-08-18,San Diego Padres,San Francisco Giants,1,0,2.85,1,1,0,6.2,3,3,0,1,1,6,1.11
2025-08-24,Milwaukee Brewers,San Francisco Giants,0,0,2.93,1,1,0,5.0,6,3,3,1,4,0,1.14
2025-08-29,San Francisco Giants,Baltimore Orioles,0,0,3.18,1,1,0,4.1,6,6,6,0,3,5,1.16
2025-09-03,Colorado Rockies,San Francisco Giants,0,0,3.31,1,1,0,4.2,7,5,4,0,1,8,1.18
2025-09-09,San Francisco Giants,Arizona Diamondbacks,1,0,3.32,1,1,0,5.0,3,2,2,0,2,5,1.17
2025-09-14,San Francisco Giants,Los Angeles Dodgers,0,1,3.5,1,1,0,4.0,6,5,5,0,4,5,1.2
2025-09-19,Los Angeles Dodgers,San Francisco Giants,0,1,3.65,1,1,0,4.2,5,5,5,3,2,5,1.21
