Date,Home Tm,Away Tm,W,L,ERA,G,GS,SV,IP,H,R,ER,HR,BB,SO,WHIP
2025-03-19,Chicago Cubs,Los Angeles Dodgers,0,0,3.0,1,1,0,3.0,1,1,1,0,5,3,2.0
2025-03-29,Los Angeles Dodgers,Detroit Tigers,0,0,5.79,1,1,0,1.2,3,2,2,0,4,2,2.79
2025-04-05,Philadelphia Phillies,Los Angeles Dodgers,0,0,4.15,1,1,0,4.0,3,1,1,0,2,4,2.08
2025-04-12,Los Angeles Dodgers,Chicago Cubs,0,1,3.29,1,1,0,5.0,4,1,1,1,2,3,1.76
2025-04-19,Texas Rangers,Los Angeles Dodgers,0,0,3.2,1,1,0,6.0,2,2,2,1,3,4,1.47
2025-04-26,Los Angeles Dodgers,Pittsburgh Pirates,0,0,3.55,1,1,0,5.2,5,3,3,1,2,4,1.42
2025-05-03,Atlanta Braves,Los Angeles Dodgers,1,0,3.86,1,1,0,5.0,6,3,3,1,2,4,1.45
2025-05-09,Arizona Diamondbacks,Los Angeles Dodgers,0,0,4.72,1,1,0,4.0,5,5,5,2,2,0,1.49
2025-09-24,Arizona Diamondbacks,Los Angeles Dodgers,0,0,4.58,1,0,0,1.0,0,0,0,0,0,2,1.44
2025-09-26,Seattle Mariners,Los Angeles Dodgers,0,0,4.46,1,0,0,1.0,1,0,0,0,0,2,1.43
