Date,Home Tm,Away Tm,W,L,ERA,G,GS,SV,IP,H,R,ER,HR,BB,SO,WHIP
2025-03-31,Houston Astros,San Francisco Giants,0,1,5.4,1,1,0,5.0,3,3,3,0,3,6,1.2
2025-04-06,Minnesota Twins,Houston Astros,0,0,9.45,1,1,0,1.2,5,4,4,0,3,3,2.1
2025-04-11,Houston Astros,Los Angeles Angels,1,0,6.94,1,1,0,5.0,5,2,2,1,1,7,1.71
2025-04-16,St. Louis Cardinals,Houston Astros,0,1,6.48,1,1,0,5.0,5,3,3,1,3,1,1.68
2025-04-22,Houston Astros,Toronto Blue Jays,1,0,5.01,1,1,0,6.2,2,1,1,1,2,3,1.37
2025-04-28,Houston Astros,Detroit Tigers,0,0,5.08,1,1,0,5.0,3,3,3,2,2,6,1.31
2025-05-05,Milwaukee Brewers,Houston Astros,0,1,4.98,1,1,0,6.0,7,3,3,1,2,6,1.34
2025-05-11,Houston Astros,Cincinnati Reds,1,0,4.04,1,1,0,8.0,2,0,0,0,1,11,1.16
2025-05-17,Texas Rangers,Houston Astros,0,1,4.1,1,1,0,6.0,5,3,3,1,3,5,1.18
