Date,Home Tm,Away Tm,W,L,ERA,G,GS,SV,IP,H,R,ER,HR,BB,SO,WHIP
2025-03-18,Chicago Cubs,Los Angeles Dodgers,0,0,9.0,1,0,0,1.0,2,1,1,0,1,1,3.0
2025-05-24,Cincinnati Reds,Chicago Cubs,0,0,4.5,1,0,0,1.0,1,0,0,0,0,1,2.0
2025-05-25,Cincinnati Reds,Chicago Cubs,0,0,3.0,1,0,0,1.0,0,0,0,0,1,0,1.67
2025-05-27,Chicago Cubs,Colorado Rockies,0,0,2.7,1,0,0,0.1,0,0,0,0,0,0,1.5
2025-05-28,Chicago Cubs,Colorado Rockies,0,0,2.08,1,0,0,1.0,1,0,0,0,0,0,1.38
2025-06-01,Chicago Cubs,Cincinnati Reds,0,0,3.38,1,0,0,1.0,1,1,1,0,1,1,1.5
2025-06-08,Detroit Tigers,Chicago Cubs,0,0,2.84,1,0,0,1.0,0,0,0,0,0,0,1.26
2025-06-10,Philadelphia Phillies,Chicago Cubs,0,0,2.57,1,0,0,0.2,1,0,0,0,0,2,1.29
2025-06-13,Chicago Cubs,Pittsburgh Pirates,0,0,2.25,1,0,0,1.0,1,0,0,0,0,1,1.25
2025-06-20,Chicago Cubs,Seattle Mariners,0,0,1.93,1,0,0,1.1,1,0,0,0,0,2,1.18
2025-06-23,St. Louis Cardinals,Chicago Cubs,0,0,1.74,1,0,0,1.0,0,0,0,0,0,1,1.06
2025-06-25,St. Louis Cardinals,Chicago Cubs,0,0,1.59,1,0,0,1.0,0,0,0,0,0,0,0.97
2025-06-28,Houston Astros,Chicago Cubs,0,0,1.46,1,0,0,1.0,1,0,0,0,0,0,0.97
2025-06-29,Houston Astros,Chicago Cubs,0,0,1.32,1,0,0,1.1,1,0,0,0,0,2,0.95
2025-07-03,Chicago Cubs,Cleveland Guardians,0,0,1.29,1,0,0,0.1,0,0,0,0,0,0,0.93
2025-07-05,Chicago Cubs,St. Louis Cardinals,0,0,1.2,1,0,0,1.0,2,0,0,0,0,0,1.0
2025-07-09,Minnesota Twins,Chicago Cubs,0,0,1.1,1,0,0,1.1,0,0,0,0,0,1,0.92
2025-07-19,Chicago Cubs,Boston Red Sox,0,0,1.04,1,0,0,1.0,1,0,0,0,0,2,0.92
2025-07-21,Chicago Cubs,Kansas City Royals,0,0,0.98,1,1,0,1.0,0,0,0,0,0,1,0.87
2025-07-25,Chicago White Sox,Chicago Cubs,0,0,0.93,1,0,0,1.0,0,0,0,0,0,2,0.83
2025-07-27,Chicago White Sox,Chicago Cubs,0,0,2.21,1,0,0,1.0,3,3,3,1,0,0,0.93
2025-07-29,Milwaukee Brewers,Chicago Cubs,0,0,2.14,1,0,0,0.2,0,0,0,0,0,0,0.9
2025-08-02,Chicago Cubs,Baltimore Orioles,0,0,2.95,1,0,0,0.1,1,2,2,0,1,0,0.98
2025-08-04,Chicago Cubs,Cincinnati Reds,0,1,3.27,1,0,0,0.2,2,1,1,0,0,0,1.05
2025-08-08,St. Louis Cardinals,Chicago Cubs,0,0,3.91,1,0,0,1.0,3,2,2,1,0,2,1.13
2025-08-15,Chicago Cubs,Pittsburgh Pirates,0,0,4.13,1,0,0,1.0,2,1,1,0,0,0,1.17
2025-08-19,Chicago Cubs,Milwaukee Brewers,0,0,3.96,1,0,0,1.0,0,0,0,0,0,0,1.12
2025-08-21,Chicago Cubs,Milwaukee Brewers,0,0,4.5,1,0,0,1.0,3,2,2,0,1,1,1.23
