Date,Home Tm,Away Tm,W,L,ERA,G,GS,SV,IP,H,R,ER,HR,BB,SO,WHIP
2025-03-31,Houston Astros,San Francisco Giants,0,0,0.0,1,0,0,2.0,2,0,0,0,0,1,1.0
2025-04-02,Houston Astros,San Francisco Giants,0,0,2.25,1,0,0,2.0,2,1,1,1,0,4,1.0
2025-04-05,Minnesota Twins,Houston Astros,0,0,1.29,1,0,0,3.0,1,0,0,0,1,4,0.86
2025-04-08,Seattle Mariners,Houston Astros,1,0,1.13,1,0,0,1.0,0,0,0,0,1,0,0.88
2025-04-12,Houston Astros,Los Angeles Angels,0,1,3.0,1,1,0,4.0,4,3,3,1,1,6,1.0
2025-04-18,Houston Astros,San Diego Padres,1,0,3.18,1,1,0,5.0,9,2,2,0,0,2,1.24
2025-04-23,Houston Astros,Toronto Blue Jays,1,0,2.78,1,1,0,5.2,3,1,1,0,1,6,1.1
2025-04-29,Houston Astros,Detroit Tigers,0,0,3.0,1,1,0,4.1,4,2,2,1,2,6,1.15
2025-05-04,Chicago White Sox,Houston Astros,0,0,2.93,1,0,0,0.2,2,3,0,0,2,0,1.27
2025-05-12,Houston Astros,Kansas City Royals,0,1,4.8,1,1,0,2.1,7,7,7,1,3,2,1.5
2025-05-17,Texas Rangers,Houston Astros,0,0,4.65,1,0,0,1.0,0,0,0,0,2,1,1.52
2025-05-23,Houston Astros,Seattle Mariners,0,0,4.58,1,1,0,4.1,4,2,2,2,3,6,1.53
2025-05-29,Houston Astros,Tampa Bay Rays,0,0,4.62,1,1,0,3.2,4,2,2,0,3,4,1.56
2025-06-04,Pittsburgh Pirates,Houston Astros,0,1,4.78,1,1,0,4.1,8,3,3,0,2,3,1.64
2025-06-11,Houston Astros,Chicago White Sox,1,0,4.56,1,1,0,6.0,7,2,2,0,1,7,1.6
2025-06-16,Athletics,Houston Astros,0,0,4.31,1,1,0,5.0,3,1,1,1,1,8,1.53
2025-06-22,Los Angeles Angels,Houston Astros,1,0,4.62,1,1,0,6.0,6,5,5,2,0,7,1.48
2025-06-28,Houston Astros,Chicago Cubs,0,0,4.9,1,0,0,4.0,7,4,4,1,0,4,1.49
2025-07-06,Los Angeles Dodgers,Houston Astros,1,0,4.61,1,1,0,6.0,4,1,1,0,1,1,1.44
2025-07-11,Houston Astros,Texas Rangers,0,0,4.58,1,0,0,4.1,5,2,2,1,2,4,1.45
2025-07-19,Seattle Mariners,Houston Astros,0,0,4.52,1,0,0,1.0,0,0,0,0,0,1,1.43
2025-07-20,Seattle Mariners,Houston Astros,0,0,4.46,1,0,0,1.0,1,0,0,0,0,0,1.42
2025-07-25,Houston Astros,Athletics,0,1,5.18,1,1,0,3.1,8,8,8,2,1,5,1.48
2025-07-30,Houston Astros,Washington Nationals,1,0,4.92,1,1,0,6.0,4,1,1,0,1,5,1.43
2025-08-09,Atlanta Braves,Miami Marlins,0,1,4.89,1,1,0,6.0,4,3,3,0,2,8,1.4
2025-08-22,Miami Marlins,Toronto Blue Jays,0,1,5.05,1,1,0,6.0,8,5,5,1,1,0,1.41
2025-08-27,Miami Marlins,Atlanta Braves,0,1,5.67,1,1,0,3.2,7,9,9,3,5,2,1.48
