Date,Home Tm,Away Tm,W,L,ERA,G,GS,SV,IP,H,R,ER,HR,BB,SO,WHIP
2025-03-30,Tampa Bay Rays,Colorado Rockies,0,0,3.6,1,1,0,5.0,4,2,2,1,1,5,1.0
2025-04-04,Colorado Rockies,Athletics,0,0,3.6,1,1,0,5.0,8,3,2,1,1,4,1.4
2025-04-10,Colorado Rockies,Milwaukee Brewers,0,0,2.81,1,1,0,6.0,3,1,1,0,2,7,1.19
2025-04-15,Los Angeles Dodgers,Colorado Rockies,0,1,4.82,1,1,0,2.2,5,5,5,1,6,1,1.61
2025-04-22,Kansas City Royals,Colorado Rockies,0,0,3.86,1,1,0,7.0,3,1,1,1,1,4,1.32
2025-04-28,Colorado Rockies,Atlanta Braves,0,1,4.75,1,1,0,4.2,10,5,5,0,1,4,1.48
