Date,Home Tm,Away Tm,W,L,ERA,G,GS,SV,IP,H,R,ER,HR,BB,SO,WHIP
2025-05-14,Chicago Cubs,Miami Marlins,1,0,1.8,1,1,0,5.0,2,1,1,1,1,5,0.6
2025-05-20,Miami Marlins,Chicago Cubs,0,0,1.8,1,1,0,5.0,5,1,1,1,0,4,0.8
2025-05-26,San Diego Padres,Miami Marlins,0,0,1.15,1,1,0,5.2,3,2,0,0,3,6,0.89
2025-06-01,Miami Marlins,San Francisco Giants,0,1,2.49,1,1,0,6.0,5,4,4,1,3,7,1.02
2025-06-07,Tampa Bay Rays,Miami Marlins,0,0,3.28,1,1,0,3.0,3,4,3,1,1,1,1.05
2025-09-11,Miami Marlins,Washington Nationals,1,0,2.73,1,1,0,5.0,5,0,0,0,0,4,1.04
2025-09-17,Colorado Rockies,Miami Marlins,0,0,3.21,1,1,0,4.0,8,3,3,0,2,2,1.22
2025-09-24,Philadelphia Phillies,Miami Marlins,0,1,3.99,1,1,0,4.2,6,5,5,3,2,8,1.28
