Date,Home Tm,Away Tm,W,L,ERA,G,GS,SV,IP,H,R,ER,HR,BB,SO,WHIP
2025-03-28,Tampa Bay Rays,Colorado Rockies,0,0,1.5,1,1,0,6.0,6,2,1,0,1,8,1.17
2025-04-02,Tampa Bay Rays,Pittsburgh Pirates,0,1,2.45,1,1,0,5.0,5,2,2,1,3,3,1.36
2025-04-09,Tampa Bay Rays,Los Angeles Angels,1,0,3.38,1,1,0,5.0,6,3,3,3,3,5,1.5
2025-04-15,Tampa Bay Rays,Boston Red Sox,0,1,4.91,1,1,0,6.0,9,6,6,2,2,8,1.59
2025-04-20,Tampa Bay Rays,New York Yankees,0,1,4.82,1,1,0,6.0,6,3,3,2,1,7,1.5
2025-04-26,San Diego Padres,Tampa Bay Rays,1,0,4.24,1,1,0,6.0,3,1,1,0,2,3,1.38
2025-05-02,New York Yankees,Tampa Bay Rays,0,1,4.23,1,1,0,4.1,5,2,2,0,2,1,1.41
2025-05-08,Tampa Bay Rays,Philadelphia Phillies,0,0,3.86,1,1,0,6.0,2,1,1,0,2,3,1.31
2025-05-14,Toronto Blue Jays,Tampa Bay Rays,0,1,3.93,1,1,0,6.0,6,3,3,1,1,7,1.29
2025-05-19,Tampa Bay Rays,Houston Astros,0,0,3.99,1,1,0,6.0,8,3,3,1,1,2,1.31
2025-05-25,Tampa Bay Rays,Toronto Blue Jays,1,0,3.55,1,1,0,7.0,3,0,0,0,1,5,1.23
2025-05-30,Houston Astros,Tampa Bay Rays,0,0,3.21,1,1,0,6.2,2,0,0,0,1,4,1.16
2025-06-05,Tampa Bay Rays,Texas Rangers,0,0,3.2,1,1,0,6.0,3,2,2,2,2,8,1.13
2025-06-10,Boston Red Sox,Tampa Bay Rays,0,1,3.31,1,1,0,5.2,5,3,3,1,2,9,1.14
2025-06-16,Tampa Bay Rays,Baltimore Orioles,1,0,3.11,1,1,0,8.0,4,1,1,1,2,11,1.1
2025-06-21,Tampa Bay Rays,Detroit Tigers,1,0,3.04,1,1,0,5.0,3,1,1,0,2,7,1.1
2025-06-27,Baltimore Orioles,Tampa Bay Rays,0,0,3.36,1,1,0,1.2,5,4,4,0,2,1,1.15
2025-07-02,Tampa Bay Rays,Athletics,1,0,3.34,1,1,0,6.0,4,2,2,2,3,9,1.15
2025-07-08,Detroit Tigers,Tampa Bay Rays,0,0,3.32,1,1,0,6.0,3,2,2,1,3,6,1.14
2025-07-13,Boston Red Sox,Tampa Bay Rays,0,1,3.38,1,1,0,6.0,7,4,3,1,1,3,1.15
2025-07-20,Tampa Bay Rays,Baltimore Orioles,0,1,3.59,1,1,0,6.0,6,5,5,3,1,8,1.16
2025-07-26,Cincinnati Reds,Tampa Bay Rays,0,0,3.42,1,1,0,6.0,2,2,0,0,4,6,1.15
2025-07-31,New York Yankees,Tampa Bay Rays,0,1,3.8,1,1,0,4.0,6,7,7,2,3,4,1.18
2025-08-05,Los Angeles Angels,Tampa Bay Rays,1,0,3.77,1,1,0,5.2,5,3,2,1,2,6,1.18
2025-08-11,Athletics,Tampa Bay Rays,1,0,3.86,1,1,0,6.1,5,4,4,2,2,4,1.18
2025-08-17,San Francisco Giants,Tampa Bay Rays,0,1,3.95,1,1,0,5.2,6,4,4,0,2,8,1.19
2025-08-24,Tampa Bay Rays,St. Louis Cardinals,1,0,3.82,1,1,0,5.0,1,0,0,0,1,3,1.16
2025-08-30,Washington Nationals,Tampa Bay Rays,1,0,3.7,1,1,0,5.0,1,0,0,0,3,6,1.15
2025-09-04,Tampa Bay Rays,Cleveland Guardians,1,0,3.59,1,1,0,5.0,0,0,0,0,2,6,1.13
2025-09-16,Tampa Bay Rays,Toronto Blue Jays,0,1,3.77,1,1,0,1.2,4,4,4,0,3,3,1.16
2025-09-23,Baltimore Orioles,Tampa Bay Rays,0,1,3.86,1,1,0,3.0,3,3,3,0,1,3,1.16
