Date,Home Tm,Away Tm,W,L,ERA,G,GS,SV,IP,H,R,ER,HR,BB,SO,WHIP
2025-04-26,San Diego Padres,Tampa Bay Rays,0,0,0.0,1,0,0,1.0,1,0,0,0,0,1,1.0
2025-05-02,Pittsburgh Pirates,San Diego Padres,0,0,0.0,1,0,0,1.0,0,0,0,0,0,0,0.5
2025-05-05,New York Yankees,San Diego Padres,1,0,0.0,1,0,0,1.0,0,0,0,0,0,1,0.33
2025-05-06,New York Yankees,San Diego Padres,0,0,0.0,1,0,0,1.0,0,0,0,0,0,0,0.25
2025-06-03,San Francisco Giants,San Diego Padres,0,0,2.0,1,1,0,5.0,6,2,2,1,2,2,1.0
2025-06-08,Milwaukee Brewers,San Diego Padres,0,0,1.26,1,1,0,5.1,1,0,0,0,4,4,0.98
2025-06-14,Arizona Diamondbacks,San Diego Padres,0,0,2.33,1,1,0,5.0,3,3,3,1,2,8,0.98
2025-06-19,Los Angeles Dodgers,San Diego Padres,0,0,1.88,1,1,0,4.2,3,0,0,0,1,3,0.96
2025-06-24,San Diego Padres,Washington Nationals,0,0,2.67,1,1,0,3.0,5,3,3,0,3,4,1.15
2025-07-11,San Diego Padres,Philadelphia Phillies,0,0,2.84,1,1,0,4.2,3,2,2,2,2,7,1.14
2025-07-29,San Diego Padres,New York Mets,0,0,2.78,1,1,0,4.0,2,1,1,0,4,4,1.18
2025-08-05,Boston Red Sox,Kansas City Royals,0,1,2.83,1,1,0,5.2,2,2,2,0,2,2,1.11
2025-08-10,Minnesota Twins,Kansas City Royals,0,0,2.87,1,1,0,5.2,4,2,2,1,1,8,1.09
2025-08-17,Kansas City Royals,Chicago White Sox,0,0,2.75,1,1,0,5.1,6,2,1,1,2,7,1.13
2025-08-22,Detroit Tigers,Kansas City Royals,0,0,2.79,1,1,0,5.2,3,2,2,1,1,5,1.09
2025-08-27,Chicago White Sox,Kansas City Royals,1,0,2.67,1,1,0,6.0,6,1,1,1,2,3,1.11
2025-09-03,Kansas City Royals,Los Angeles Angels,0,0,2.61,1,1,0,5.0,1,1,1,0,3,6,1.09
2025-09-08,Cleveland Guardians,Kansas City Royals,0,1,3.48,1,1,0,3.1,11,8,8,0,3,3,1.23
2025-09-13,Philadelphia Phillies,Kansas City Royals,0,0,3.66,1,1,0,4.0,4,3,3,0,3,5,1.26
