Date,Home Tm,Away Tm,W,L,ERA,G,GS,SV,IP,H,R,ER,HR,BB,SO,WHIP
2025-03-30,Chicago White Sox,Los Angeles Angels,0,0,0.0,1,0,0,0.1,1,0,0,0,1,1,6.0
2025-03-31,St. Louis Cardinals,Los Angeles Angels,0,0,0.0,1,0,0,0.1,0,0,0,0,0,0,3.0
2025-04-01,St. Louis Cardinals,Los Angeles Angels,0,0,0.0,1,0,1,0.2,0,0,0,0,0,1,1.5
2025-04-04,Los Angeles Angels,Cleveland Guardians,0,0,5.4,1,0,0,0.1,0,1,1,0,1,0,1.8
2025-04-06,Los Angeles Angels,Cleveland Guardians,1,0,3.38,1,0,0,1.0,1,0,0,0,0,3,1.5
2025-04-08,Tampa Bay Rays,Los Angeles Angels,0,0,2.45,1,0,0,1.0,0,0,0,0,0,2,1.09
2025-04-12,Houston Astros,Los Angeles Angels,0,0,3.86,1,0,0,1.0,1,1,1,1,0,2,1.07
2025-04-17,Texas Rangers,Los Angeles Angels,0,0,4.76,1,0,0,1.0,1,1,1,1,0,3,1.06
2025-04-18,Los Angeles Angels,San Francisco Giants,0,0,4.05,1,0,0,1.0,0,0,0,0,1,2,1.05
2025-04-24,Los Angeles Angels,Pittsburgh Pirates,1,0,3.52,1,0,0,1.0,1,0,0,0,0,2,1.04
2025-04-27,Minnesota Twins,Los Angeles Angels,0,0,4.15,1,0,0,1.0,2,1,1,0,0,2,1.15
2025-05-01,Los Angeles Angels,Detroit Tigers,0,0,4.66,1,0,0,1.0,1,1,1,0,0,1,1.14
2025-05-02,Los Angeles Angels,Detroit Tigers,0,0,4.22,1,0,0,1.0,0,0,0,0,0,1,1.03
2025-05-07,Los Angeles Angels,Toronto Blue Jays,0,0,3.86,1,0,0,1.0,2,0,0,0,0,2,1.11
2025-05-10,Los Angeles Angels,Baltimore Orioles,0,0,3.55,1,0,0,1.0,0,0,0,0,0,0,1.03
2025-05-13,San Diego Padres,Los Angeles Angels,0,0,4.73,1,0,0,0.2,1,2,2,0,3,1,1.28
2025-05-16,Los Angeles Dodgers,Los Angeles Angels,0,0,5.02,1,0,0,1.0,1,1,1,1,1,0,1.33
2025-05-17,Los Angeles Dodgers,Los Angeles Angels,0,0,5.4,1,0,0,0.2,3,1,1,0,1,1,1.53
2025-05-19,Athletics,Los Angeles Angels,0,0,5.06,1,0,0,1.0,0,0,0,0,1,0,1.5
2025-05-21,Athletics,Los Angeles Angels,0,0,4.76,1,0,0,1.0,1,0,0,0,0,1,1.47
2025-05-22,Athletics,Los Angeles Angels,0,0,4.5,1,0,0,1.0,1,0,0,0,1,1,1.5
2025-05-28,Los Angeles Angels,New York Yankees,0,0,4.26,1,0,0,1.0,1,0,0,0,0,2,1.47
2025-05-30,Cleveland Guardians,Los Angeles Angels,0,0,4.05,1,0,0,1.0,1,0,0,0,1,1,1.5
2025-05-31,Cleveland Guardians,Los Angeles Angels,0,1,5.23,1,0,0,0.2,3,3,3,1,1,0,1.65
2025-06-02,Boston Red Sox,Los Angeles Angels,1,0,4.98,1,0,0,1.0,0,0,0,0,0,2,1.57
2025-06-06,Los Angeles Angels,Seattle Mariners,0,0,4.76,1,0,0,1.0,0,0,0,0,0,0,1.5
2025-06-07,Los Angeles Angels,Seattle Mariners,0,0,4.56,1,0,0,1.0,1,0,0,0,0,0,1.48
2025-06-09,Los Angeles Angels,Athletics,0,0,4.44,1,0,0,0.2,0,0,0,0,0,0,1.44
2025-06-11,Los Angeles Angels,Athletics,0,0,5.04,1,0,0,0.2,2,2,2,1,1,1,1.52
2025-06-16,New York Yankees,Los Angeles Angels,1,0,4.85,1,0,0,1.0,0,0,0,0,0,1,1.46
2025-06-17,New York Yankees,Los Angeles Angels,0,0,4.67,1,0,0,1.0,0,0,0,0,0,0,1.41
2025-06-18,New York Yankees,Los Angeles Angels,0,0,4.61,1,0,0,0.1,0,0,0,0,1,0,1.43
2025-06-23,Los Angeles Angels,Boston Red Sox,0,0,4.76,1,0,0,1.0,1,1,1,1,0,3,1.41
2025-06-25,Los Angeles Angels,Boston Red Sox,0,0,4.45,1,0,1,2.0,0,0,0,0,1,2,1.35
2025-06-28,Los Angeles Angels,Washington Nationals,1,0,4.6,1,0,0,1.0,1,1,1,0,1,1,1.37
2025-06-29,Los Angeles Angels,Washington Nationals,0,0,4.78,1,0,0,0.2,1,1,1,0,1,0,1.41
2025-07-02,Atlanta Braves,Los Angeles Angels,0,1,6.19,1,0,0,0.0,4,5,5,2,2,0,1.59
2025-07-05,Toronto Blue Jays,Los Angeles Angels,0,1,5.88,1,0,0,1.2,2,1,0,0,2,2,1.63
2025-07-09,Los Angeles Angels,Texas Rangers,0,0,5.71,1,0,0,1.0,0,0,0,0,1,0,1.62
2025-07-12,Los Angeles Angels,Arizona Diamondbacks,0,0,5.66,1,0,0,0.1,0,0,0,0,0,0,1.6
2025-07-18,Philadelphia Phillies,Los Angeles Angels,0,0,5.75,1,1,0,1.0,1,1,1,1,0,2,1.58
2025-07-22,New York Mets,Los Angeles Angels,0,0,5.59,1,0,0,1.0,0,0,0,0,1,3,1.57
2025-07-25,Los Angeles Angels,Seattle Mariners,1,0,5.45,1,0,0,1.0,0,0,0,0,1,1,1.55
2025-07-28,Los Angeles Angels,Texas Rangers,0,0,5.49,1,0,0,1.1,2,1,1,0,0,3,1.55
2025-08-02,Los Angeles Angels,Chicago White Sox,0,0,5.36,1,0,0,1.0,0,0,0,0,0,1,1.51
2025-08-04,Los Angeles Angels,Tampa Bay Rays,0,0,5.23,1,0,0,1.0,0,0,0,0,1,2,1.5
2025-08-06,Los Angeles Angels,Tampa Bay Rays,0,1,5.31,1,0,0,1.0,1,1,1,1,0,2,1.49
2025-08-09,Detroit Tigers,Los Angeles Angels,0,0,5.19,1,0,0,1.0,1,0,0,0,1,2,1.5
2025-08-12,Los Angeles Angels,Los Angeles Dodgers,0,0,5.15,1,0,0,0.1,0,0,0,0,1,1,1.51
2025-08-13,Los Angeles Angels,Los Angeles Dodgers,0,0,5.0,1,0,0,1.1,1,0,0,0,1,2,1.51
2025-08-16,Athletics,Los Angeles Angels,0,0,4.98,1,0,0,2.0,2,1,1,1,1,3,1.51
2025-08-19,Los Angeles Angels,Cincinnati Reds,0,0,4.88,1,0,0,1.0,0,0,0,0,0,2,1.48
2025-08-23,Los Angeles Angels,Chicago Cubs,0,0,4.78,1,0,0,1.0,1,0,0,0,0,1,1.47
2025-08-24,Los Angeles Angels,Chicago Cubs,0,0,4.68,1,0,0,1.0,0,0,0,0,0,1,1.44
2025-08-26,Texas Rangers,Los Angeles Angels,0,0,4.59,1,0,0,1.0,0,0,0,0,0,1,1.41
2025-08-29,Houston Astros,Los Angeles Angels,0,0,4.67,1,0,0,1.0,1,1,1,0,1,0,1.42
2025-09-01,Houston Astros,Los Angeles Angels,0,0,4.58,1,0,0,1.0,0,0,0,0,1,2,1.42
2025-09-04,Kansas City Royals,Los Angeles Angels,0,1,4.67,1,0,0,1.0,1,1,1,1,0,1,1.41
2025-09-05,Los Angeles Angels,Athletics,0,0,4.77,1,0,0,0.2,1,1,1,0,2,1,1.45
2025-09-23,Los Angeles Angels,Kansas City Royals,0,0,4.75,1,0,0,0.1,0,0,0,0,0,0,1.44
2025-09-25,Los Angeles Angels,Kansas City Royals,0,0,4.82,1,0,0,1.0,2,1,1,0,1,0,1.46
2025-09-28,Los Angeles Angels,Houston Astros,0,0,4.74,1,0,0,1.0,1,0,0,0,1,1,1.47
