Date,Home Tm,Away Tm,W,L,ERA,G,GS,SV,IP,H,R,ER,HR,BB,SO,WHIP
2025-03-30,New York Yankees,Milwaukee Brewers,0,0,0.0,1,0,0,1.0,1,0,0,0,0,1,1.0
2025-04-03,New York Yankees,Arizona Diamondbacks,0,0,21.6,1,0,0,0.2,2,4,4,1,2,0,3.0
2025-04-05,Pittsburgh Pirates,New York Yankees,0,0,9.82,1,0,0,2.0,0,0,0,0,1,5,1.64
2025-04-08,Detroit Tigers,New York Yankees,0,0,8.44,1,0,0,1.2,2,1,1,1,0,3,1.5
2025-04-11,New York Yankees,San Francisco Giants,0,0,5.63,1,0,0,2.2,1,0,0,0,1,3,1.25
2025-04-17,Tampa Bay Rays,New York Yankees,0,0,5.91,1,0,0,2.2,6,2,2,1,1,1,1.59
2025-04-21,Cleveland Guardians,New York Yankees,0,0,5.4,1,0,0,1.0,0,0,0,0,0,0,1.46
2025-04-28,Baltimore Orioles,New York Yankees,0,0,4.11,1,0,0,3.2,2,0,0,0,1,3,1.3
2025-05-03,New York Yankees,Tampa Bay Rays,0,0,3.72,1,1,0,4.0,1,1,1,0,3,2,1.24
2025-05-11,Athletics,New York Yankees,1,0,3.7,1,1,0,5.0,6,2,2,1,1,2,1.27
2025-05-21,New York Yankees,Texas Rangers,0,0,3.38,1,1,0,5.0,3,1,1,1,0,8,1.16
2025-05-26,Los Angeles Angels,New York Yankees,1,0,3.06,1,1,0,6.0,2,1,1,1,1,7,1.05
2025-06-01,Los Angeles Dodgers,New York Yankees,1,0,2.83,1,1,0,6.0,4,1,1,1,0,5,0.99
2025-06-07,New York Yankees,Boston Red Sox,0,1,4.17,1,1,0,4.0,9,8,8,1,2,3,1.15
2025-06-13,Boston Red Sox,New York Yankees,0,0,3.96,1,1,0,4.2,4,1,1,0,3,3,1.18
2025-06-18,New York Yankees,Los Angeles Angels,0,0,3.9,1,1,0,5.1,5,2,2,2,1,3,1.17
2025-09-05,New York Yankees,Toronto Blue Jays,0,0,3.71,1,0,0,5.1,3,1,1,1,0,3,1.12
2025-09-11,New York Yankees,Detroit Tigers,0,0,3.82,1,0,1,3.0,3,2,2,1,2,2,1.15
2025-09-16,Minnesota Twins,New York Yankees,0,0,4.36,1,0,0,0.1,4,4,4,1,0,1,1.2
