Date,Home Tm,Away Tm,W,L,ERA,G,GS,SV,IP,H,R,ER,HR,BB,SO,WHIP
2025-05-13,Texas Rangers,Colorado Rockies,0,0,0.0,1,0,0,0.1,0,0,0,0,1,0,3.0
2025-05-16,Arizona Diamondbacks,Colorado Rockies,0,0,0.0,1,0,0,1.1,0,0,0,0,0,1,0.6
2025-05-18,Arizona Diamondbacks,Colorado Rockies,0,0,0.0,1,0,0,2.1,1,0,0,0,0,0,0.5
2025-05-20,Colorado Rockies,Philadelphia Phillies,0,0,6.23,1,0,0,0.1,2,3,3,1,1,0,1.15
2025-05-24,Colorado Rockies,New York Yankees,0,0,7.11,1,0,0,2.0,6,2,2,0,1,3,1.89
2025-05-28,Chicago Cubs,Colorado Rockies,0,0,5.63,1,0,0,1.2,0,0,0,0,1,2,1.63
2025-05-31,New York Mets,Colorado Rockies,0,0,4.5,1,0,0,2.0,1,0,0,0,2,2,1.6
2025-06-06,Colorado Rockies,New York Mets,0,0,4.09,1,1,0,1.0,1,0,0,0,0,1,1.55
2025-06-07,Colorado Rockies,New York Mets,0,0,5.11,1,0,0,1.1,0,2,2,0,2,0,1.54
2025-06-11,Colorado Rockies,San Francisco Giants,0,0,4.85,1,0,0,0.2,2,0,0,0,0,0,1.62
2025-06-13,Atlanta Braves,Colorado Rockies,0,0,7.07,1,0,0,1.0,4,5,4,0,1,0,1.86
2025-06-15,Atlanta Braves,Colorado Rockies,0,0,6.6,1,0,0,1.0,0,0,0,0,1,1,1.8
2025-06-19,Washington Nationals,Colorado Rockies,0,0,6.19,1,0,0,1.0,0,0,0,0,0,0,1.69
2025-06-20,Colorado Rockies,Arizona Diamondbacks,0,0,6.88,1,0,0,1.0,3,2,2,1,0,0,1.76
2025-06-24,Colorado Rockies,Los Angeles Dodgers,0,0,7.36,1,0,0,1.1,5,2,2,1,0,1,1.91
2025-06-27,Milwaukee Brewers,Colorado Rockies,0,0,7.78,1,0,0,1.1,2,2,2,0,0,0,1.88
2025-07-02,Colorado Rockies,Houston Astros,0,0,7.06,1,0,0,2.0,2,0,0,0,0,1,1.8
2025-07-05,Colorado Rockies,Chicago White Sox,0,0,7.23,1,0,0,2.0,1,2,2,1,1,2,1.73
2025-07-07,Boston Red Sox,Colorado Rockies,0,0,7.56,1,0,0,1.1,2,2,2,2,0,2,1.72
2025-07-09,Boston Red Sox,Colorado Rockies,0,0,7.62,1,0,0,1.0,1,1,1,0,1,0,1.73
2025-07-20,Colorado Rockies,Minnesota Twins,0,0,7.45,1,0,0,3.0,5,2,2,2,1,1,1.76
2025-07-26,Baltimore Orioles,Colorado Rockies,0,0,7.34,1,0,0,1.2,1,2,1,0,2,1,1.76
2025-08-03,Colorado Rockies,Pittsburgh Pirates,0,0,7.47,1,0,0,0.2,2,1,1,1,0,0,1.79
2025-08-04,Colorado Rockies,Toronto Blue Jays,0,0,7.27,1,0,0,3.1,4,2,2,1,1,0,1.76
2025-08-10,Arizona Diamondbacks,Colorado Rockies,0,0,7.61,1,0,0,2.0,5,3,3,0,2,1,1.85
2025-08-16,Colorado Rockies,Arizona Diamondbacks,1,0,7.41,1,0,0,1.0,0,0,0,0,0,2,1.81
2025-09-01,Colorado Rockies,San Francisco Giants,0,0,7.15,1,0,0,1.1,3,0,0,0,0,1,1.82
2025-09-13,San Diego Padres,Colorado Rockies,0,0,6.98,1,0,0,1.0,0,0,0,0,0,2,1.78
2025-09-14,San Diego Padres,Colorado Rockies,0,0,6.92,1,0,0,0.1,0,0,0,0,0,0,1.76
2025-09-17,Colorado Rockies,Miami Marlins,0,0,6.75,1,0,0,1.0,0,0,0,0,2,0,1.77
2025-09-18,Colorado Rockies,Miami Marlins,0,0,7.02,1,0,0,1.0,2,2,2,1,0,1,1.77
