Date,Home Tm,Away Tm,W,L,ERA,G,GS,SV,IP,H,R,ER,HR,BB,SO,WHIP
2025-03-27,Arizona Diamondbacks,Chicago Cubs,0,0,21.6,1,0,0,1.2,5,4,4,0,1,3,3.6
2025-04-03,New York Yankees,Arizona Diamondbacks,0,0,9.0,1,0,0,2.1,1,0,0,0,0,2,1.75
2025-04-07,Arizona Diamondbacks,Baltimore Orioles,0,0,5.14,1,0,0,3.0,0,0,0,0,0,2,1.0
2025-04-12,Arizona Diamondbacks,Milwaukee Brewers,1,0,4.5,1,0,0,3.0,2,1,1,0,0,3,0.9
2025-04-18,Chicago Cubs,Arizona Diamondbacks,0,0,8.44,1,0,0,0.2,5,5,5,1,1,2,1.41
2025-04-24,Arizona Diamondbacks,Tampa Bay Rays,0,0,7.62,1,0,0,2.1,3,1,1,0,0,5,1.38
2025-04-29,New York Mets,Arizona Diamondbacks,0,0,5.82,1,0,0,4.0,0,0,0,0,2,3,1.18
2025-05-05,Arizona Diamondbacks,New York Mets,0,1,5.48,1,1,0,4.1,3,2,2,1,4,2,1.27
2025-05-10,Arizona Diamondbacks,Los Angeles Dodgers,0,0,5.01,1,0,1,2.0,0,0,0,0,0,1,1.16
2025-05-14,San Francisco Giants,Arizona Diamondbacks,0,0,5.13,1,0,0,3.0,3,2,2,1,2,5,1.22
2025-05-20,Los Angeles Dodgers,Arizona Diamondbacks,0,0,4.6,1,1,0,5.0,3,1,1,0,1,2,1.15
2025-05-26,Arizona Diamondbacks,Pittsburgh Pirates,1,0,3.79,1,1,0,6.2,4,0,0,0,0,4,1.05
2025-05-31,Arizona Diamondbacks,Washington Nationals,0,0,3.43,1,0,0,4.0,2,0,0,0,0,1,1.0
2025-06-07,Cincinnati Reds,Arizona Diamondbacks,0,1,4.6,1,1,0,3.0,4,7,7,1,4,3,1.11
2025-06-13,Arizona Diamondbacks,San Diego Padres,1,0,4.14,1,1,0,5.0,6,1,0,0,1,3,1.14
2025-06-19,Toronto Blue Jays,Arizona Diamondbacks,1,0,3.88,1,1,0,5.2,1,1,1,1,2,4,1.08
2025-06-24,Chicago White Sox,Arizona Diamondbacks,0,0,3.71,1,1,0,5.0,1,1,1,1,3,7,1.05
2025-06-30,Arizona Diamondbacks,San Francisco Giants,0,0,3.61,1,1,0,6.2,5,2,2,0,0,7,1.02
2025-07-05,Arizona Diamondbacks,Kansas City Royals,1,0,3.39,1,1,0,7.0,4,1,1,0,0,5,0.98
2025-07-11,Los Angeles Angels,Arizona Diamondbacks,0,0,3.68,1,1,0,4.0,7,4,4,2,4,1,1.07
2025-07-19,Arizona Diamondbacks,St. Louis Cardinals,1,0,3.52,1,1,0,6.0,4,1,1,1,1,4,1.06
2025-07-25,Pittsburgh Pirates,Arizona Diamondbacks,0,0,3.29,1,1,0,6.0,1,0,0,0,2,4,1.02
2025-07-30,Detroit Tigers,Arizona Diamondbacks,0,1,3.2,1,1,0,5.1,6,4,1,1,0,8,1.02
2025-08-05,Arizona Diamondbacks,San Diego Padres,0,0,3.2,1,1,0,5.2,6,2,2,1,2,8,1.05
2025-08-11,Texas Rangers,Arizona Diamondbacks,0,0,3.46,1,1,0,5.1,7,5,5,1,0,6,1.06
2025-08-16,Colorado Rockies,Arizona Diamondbacks,0,0,3.58,1,1,0,6.1,8,4,4,1,0,4,1.07
2025-08-22,Arizona Diamondbacks,Cincinnati Reds,0,0,3.63,1,1,0,6.0,4,3,3,0,2,6,1.07
2025-08-27,Milwaukee Brewers,Arizona Diamondbacks,1,0,3.53,1,1,0,6.0,6,1,1,0,0,3,1.06
2025-09-01,Arizona Diamondbacks,Texas Rangers,0,0,3.57,1,1,0,6.0,4,3,3,2,1,7,1.05
2025-09-07,Arizona Diamondbacks,Boston Red Sox,0,0,3.48,1,1,0,6.0,3,1,1,0,3,3,1.05
2025-09-13,Minnesota Twins,Arizona Diamondbacks,0,0,3.34,1,1,0,6.0,4,0,0,0,3,4,1.06
2025-09-19,Arizona Diamondbacks,Philadelphia Phillies,0,0,3.34,1,1,0,5.0,5,2,2,1,2,1,1.07
2025-09-24,Arizona Diamondbacks,Los Angeles Dodgers,0,0,3.39,1,1,0,6.0,7,3,3,1,0,9,1.07
