Date,Home Tm,Away Tm,W,L,ERA,G,GS,SV,IP,H,R,ER,HR,BB,SO,WHIP
2025-06-04,Chicago White Sox,Detroit Tigers,0,0,7.36,1,1,0,3.2,5,3,3,0,1,3,1.64
2025-06-10,Baltimore Orioles,Detroit Tigers,0,0,4.32,1,0,0,4.2,3,1,1,0,0,5,1.08
2025-06-15,Detroit Tigers,Cincinnati Reds,0,0,3.97,1,0,0,3.0,3,2,1,0,1,2,1.15
2025-06-21,Tampa Bay Rays,Detroit Tigers,0,0,4.58,1,0,0,6.1,6,4,4,3,0,3,1.08
2025-06-27,Detroit Tigers,Minnesota Twins,0,1,4.7,1,1,0,5.1,4,3,3,1,2,5,1.09
2025-08-13,Chicago White Sox,Detroit Tigers,0,0,4.32,1,0,0,2.0,1,0,0,0,0,2,1.04
2025-09-02,Detroit Tigers,New York Mets,0,1,5.59,1,1,0,4.0,5,6,6,2,2,3,1.14
2025-09-11,New York Yankees,Detroit Tigers,0,0,7.18,1,0,0,2.1,7,7,7,2,0,3,1.28
