Date,Home Tm,Away Tm,W,L,ERA,G,GS,SV,IP,H,R,ER,HR,BB,SO,WHIP
2025-04-07,Kansas City Royals,Minnesota Twins,0,0,0.0,1,0,0,2.1,1,0,0,0,0,2,0.43
2025-04-11,Minnesota Twins,Detroit Tigers,0,0,1.93,1,0,0,2.1,3,1,1,0,0,3,0.86
2025-04-15,Baltimore Orioles,Cleveland Guardians,0,0,1.42,1,0,0,1.2,1,0,0,0,0,2,0.79
2025-04-18,Baltimore Orioles,Cincinnati Reds,0,0,1.0,1,0,0,2.2,4,1,0,0,1,4,1.11
2025-04-22,Atlanta Braves,St. Louis Cardinals,0,0,2.25,1,1,0,3.0,4,2,2,1,2,1,1.33
2025-04-26,Arizona Diamondbacks,Atlanta Braves,0,0,2.03,1,0,0,1.1,0,0,0,0,0,3,1.2
2025-04-29,Colorado Rockies,Atlanta Braves,0,0,1.88,1,0,0,1.0,1,0,0,0,1,0,1.26
2025-05-03,Atlanta Braves,Los Angeles Dodgers,0,0,3.52,1,0,0,1.0,1,3,3,1,2,2,1.37
2025-05-08,Atlanta Braves,Cincinnati Reds,1,0,3.12,1,0,0,2.0,0,0,0,0,0,1,1.21
2025-05-10,Pittsburgh Pirates,Atlanta Braves,1,0,2.79,1,0,0,2.0,1,0,0,0,0,1,1.14
2025-05-18,Boston Red Sox,Atlanta Braves,0,0,2.66,1,0,0,1.0,1,0,0,0,0,1,1.13
2025-05-24,Atlanta Braves,San Diego Padres,0,0,2.53,1,0,0,1.0,0,0,0,0,2,0,1.17
2025-05-29,Philadelphia Phillies,Atlanta Braves,0,0,2.28,1,0,0,2.1,5,1,0,0,1,3,1.31
2025-06-03,Atlanta Braves,Arizona Diamondbacks,0,0,2.25,1,0,0,0.1,0,0,0,0,0,0,1.29
2025-06-05,Atlanta Braves,Arizona Diamondbacks,0,0,3.91,1,0,0,1.1,3,5,5,3,2,1,1.42
2025-06-08,Athletics,Baltimore Orioles,0,0,3.67,1,0,0,1.2,0,0,0,0,0,2,1.33
2025-06-10,Baltimore Orioles,Detroit Tigers,0,0,3.41,1,0,0,2.0,2,0,0,0,0,0,1.31
2025-06-15,Baltimore Orioles,Los Angeles Angels,0,0,3.69,1,1,0,2.2,2,2,2,1,0,1,1.26
2025-06-18,Tampa Bay Rays,Baltimore Orioles,0,0,3.78,1,0,0,1.2,3,1,1,0,0,0,1.29
2025-06-20,New York Yankees,Baltimore Orioles,1,0,3.57,1,0,0,2.0,0,0,0,0,0,2,1.22
2025-06-21,New York Yankees,Baltimore Orioles,0,0,3.72,1,0,0,1.0,2,1,1,0,1,0,1.27
2025-06-25,Baltimore Orioles,Texas Rangers,0,0,4.23,1,0,0,2.0,3,3,3,1,1,1,1.3
2025-06-28,Baltimore Orioles,Tampa Bay Rays,0,0,4.83,1,0,0,2.2,2,4,4,1,3,3,1.34
2025-07-01,Texas Rangers,Baltimore Orioles,0,0,4.68,1,0,0,1.1,1,0,0,0,0,1,1.32
2025-07-05,Atlanta Braves,Baltimore Orioles,0,0,4.78,1,0,0,1.0,1,1,1,0,2,1,1.36
2025-07-12,Baltimore Orioles,Miami Marlins,0,0,5.48,1,0,0,1.0,4,4,4,1,0,0,1.42
