Date,Home Tm,Away Tm,W,L,ERA,G,GS,SV,IP,H,R,ER,HR,BB,SO,WHIP
2025-03-27,Cincinnati Reds,San Francisco Giants,0,0,0.0,1,0,0,1.0,0,0,0,0,0,2,0.0
2025-03-30,Cincinnati Reds,San Francisco Giants,0,0,0.0,1,0,0,0.1,1,0,0,0,1,0,1.5
2025-04-01,Cincinnati Reds,Texas Rangers,0,0,0.0,1,0,0,1.0,1,0,0,0,1,0,1.71
2025-04-03,Milwaukee Brewers,Cincinnati Reds,0,0,0.0,1,0,0,0.1,0,0,0,0,0,0,1.5
2025-04-05,Milwaukee Brewers,Cincinnati Reds,0,0,5.4,1,0,0,0.2,1,2,2,0,2,0,2.1
2025-04-09,San Francisco Giants,Cincinnati Reds,0,0,4.5,1,0,0,0.2,1,0,0,0,0,0,2.0
2025-04-12,Cincinnati Reds,Pittsburgh Pirates,0,0,5.79,1,0,0,0.2,1,1,1,0,1,1,2.14
2025-04-15,Cincinnati Reds,Seattle Mariners,1,0,5.4,1,0,0,0.1,1,0,0,0,1,1,2.4
2025-04-16,Cincinnati Reds,Seattle Mariners,0,0,4.26,1,0,0,1.1,0,0,0,0,0,1,1.89
2025-04-18,Baltimore Orioles,Cincinnati Reds,0,0,5.4,1,0,0,2.0,2,2,2,1,0,3,1.68
2025-04-20,Baltimore Orioles,Cincinnati Reds,0,0,4.82,1,0,0,1.0,0,0,0,0,0,1,1.5
2025-04-22,Miami Marlins,Cincinnati Reds,0,0,4.5,1,0,0,0.2,0,0,0,0,1,0,1.5
2025-04-26,Colorado Rockies,Cincinnati Reds,0,0,4.09,1,0,0,1.0,0,0,0,0,0,1,1.36
2025-04-30,Cincinnati Reds,St. Louis Cardinals,0,0,3.75,1,0,0,1.0,0,0,0,0,1,0,1.33
2025-05-02,Cincinnati Reds,Washington Nationals,0,0,3.46,1,0,0,1.0,0,0,0,0,1,1,1.31
2025-05-04,Cincinnati Reds,Washington Nationals,0,0,3.21,1,0,0,1.0,1,0,0,0,1,1,1.36
2025-05-05,Atlanta Braves,Cincinnati Reds,0,0,3.0,1,0,0,1.0,0,0,0,0,1,0,1.33
2025-05-07,Atlanta Braves,Cincinnati Reds,0,0,4.11,1,0,0,0.1,1,2,2,0,1,0,1.43
2025-05-10,Houston Astros,Cincinnati Reds,0,0,4.6,1,0,0,0.1,2,1,1,0,1,0,1.6
2025-05-11,Houston Astros,Cincinnati Reds,0,0,4.86,1,0,0,1.0,1,2,1,0,1,1,1.62
2025-05-14,Cincinnati Reds,Chicago White Sox,0,0,4.91,1,0,0,1.2,1,1,1,1,0,3,1.53
2025-05-18,Cincinnati Reds,Cleveland Guardians,0,0,4.66,1,0,0,1.0,1,0,0,0,0,0,1.5
2025-05-19,Pittsburgh Pirates,Cincinnati Reds,0,0,4.43,1,0,0,1.0,0,0,0,0,0,1,1.43
2025-05-23,Cincinnati Reds,Chicago Cubs,0,0,4.15,1,0,0,1.1,0,0,0,0,0,3,1.34
2025-05-25,Cincinnati Reds,Chicago Cubs,0,0,4.37,1,0,0,1.0,0,1,1,0,2,1,1.37
2025-05-28,Kansas City Royals,Cincinnati Reds,0,0,4.18,1,0,0,1.0,1,0,0,0,1,2,1.39
2025-05-31,Chicago Cubs,Cincinnati Reds,0,0,4.01,1,0,0,1.0,0,0,0,0,1,3,1.38
2025-06-02,Cincinnati Reds,Milwaukee Brewers,0,0,3.86,1,0,0,1.0,0,0,0,0,0,1,1.32
2025-06-03,Cincinnati Reds,Milwaukee Brewers,0,0,3.71,1,0,0,1.0,0,0,0,0,0,0,1.28
2025-06-08,Cincinnati Reds,Arizona Diamondbacks,0,0,3.58,1,0,0,1.0,0,0,0,0,0,1,1.23
2025-06-11,Cleveland Guardians,Cincinnati Reds,0,0,3.45,1,0,0,1.0,0,0,0,0,0,2,1.19
2025-06-13,Detroit Tigers,Cincinnati Reds,0,0,4.03,1,0,0,0.1,1,2,2,0,1,0,1.24
2025-06-15,Detroit Tigers,Cincinnati Reds,0,0,3.9,1,0,0,1.0,1,0,0,0,0,0,1.23
2025-06-17,Cincinnati Reds,Minnesota Twins,1,0,3.73,1,0,0,1.1,0,0,0,0,0,2,1.18
2025-06-20,St. Louis Cardinals,Cincinnati Reds,0,0,4.26,1,0,0,0.1,0,2,2,0,1,0,1.2
2025-06-21,St. Louis Cardinals,Cincinnati Reds,0,0,4.13,1,0,0,1.0,1,0,0,0,1,1,1.22
2025-06-23,Cincinnati Reds,New York Yankees,1,0,3.93,1,0,0,1.2,0,0,0,0,0,3,1.17
2025-06-28,Cincinnati Reds,San Diego Padres,0,0,4.33,1,0,0,1.0,2,2,2,1,0,0,1.19
2025-06-29,Cincinnati Reds,San Diego Padres,0,0,4.25,1,0,0,0.2,0,0,0,0,1,0,1.19
2025-07-01,Boston Red Sox,Cincinnati Reds,0,0,4.38,1,0,0,1.0,2,1,1,0,0,0,1.22
2025-07-04,Philadelphia Phillies,Cincinnati Reds,0,0,4.26,1,0,0,1.0,1,0,0,0,0,1,1.21
2025-07-06,Philadelphia Phillies,Cincinnati Reds,0,0,4.15,1,0,0,1.0,2,0,0,0,1,3,1.26
2025-07-08,Cincinnati Reds,Miami Marlins,0,0,4.05,1,0,0,1.0,1,0,0,0,1,0,1.28
2025-07-10,Cincinnati Reds,Miami Marlins,0,0,3.98,1,0,0,0.2,0,0,0,0,1,2,1.28
2025-07-11,Cincinnati Reds,Colorado Rockies,0,0,3.89,1,0,0,1.0,0,0,0,0,0,3,1.25
2025-07-13,Cincinnati Reds,Colorado Rockies,0,0,3.8,1,0,0,1.0,0,0,0,0,1,1,1.24
2025-07-19,New York Mets,Cincinnati Reds,0,0,3.74,1,0,0,0.2,0,0,0,0,1,1,1.25
2025-07-21,Washington Nationals,Cincinnati Reds,0,0,3.65,1,0,0,1.0,1,0,0,0,0,2,1.24
2025-07-22,Washington Nationals,Cincinnati Reds,0,0,3.63,1,0,0,0.1,0,0,0,0,0,0,1.23
2025-07-28,Cincinnati Reds,Los Angeles Dodgers,0,0,4.0,1,0,0,0.1,2,2,2,0,2,1,1.31
2025-07-29,Cincinnati Reds,Los Angeles Dodgers,0,0,3.94,1,0,0,0.2,1,0,0,0,0,0,1.31
2025-07-30,Cincinnati Reds,Los Angeles Dodgers,1,0,3.88,1,0,0,0.2,1,0,0,0,0,0,1.32
2025-08-01,Cincinnati Reds,Atlanta Braves,0,0,3.8,1,0,0,1.0,0,0,0,0,0,1,1.29
2025-08-02,Cincinnati Reds,Atlanta Braves,0,0,3.91,1,0,0,1.0,2,1,1,1,0,1,1.3
2025-08-04,Chicago Cubs,Cincinnati Reds,1,0,3.75,1,0,0,2.0,0,0,0,0,2,4,1.29
2025-08-10,Pittsburgh Pirates,Cincinnati Reds,1,0,3.73,1,0,0,0.1,2,0,0,0,0,1,1.32
2025-08-11,Cincinnati Reds,Philadelphia Phillies,0,0,3.66,1,0,0,1.0,1,0,0,0,0,0,1.32
2025-08-13,Cincinnati Reds,Philadelphia Phillies,0,0,3.61,1,0,0,0.2,0,0,0,0,1,0,1.32
2025-08-15,Cincinnati Reds,Milwaukee Brewers,0,1,3.69,1,0,0,1.1,2,1,1,1,0,0,1.32
2025-08-16,Cincinnati Reds,Milwaukee Brewers,0,0,3.62,1,0,0,1.0,1,1,0,0,1,0,1.34
2025-08-18,Los Angeles Angels,Cincinnati Reds,0,0,3.54,1,0,1,1.1,0,0,0,0,1,4,1.32
2025-08-20,Los Angeles Angels,Cincinnati Reds,0,0,3.47,1,0,0,1.0,0,0,0,0,0,2,1.3
2025-08-22,Arizona Diamondbacks,Cincinnati Reds,0,1,3.47,1,0,0,0.0,1,1,0,0,0,0,1.32
2025-08-25,Los Angeles Dodgers,Cincinnati Reds,0,0,3.41,1,0,0,1.0,0,0,0,0,1,2,1.31
2025-08-27,Los Angeles Dodgers,Cincinnati Reds,0,0,3.36,1,0,0,1.0,1,0,0,0,0,2,1.31
2025-08-30,Cincinnati Reds,St. Louis Cardinals,0,0,3.3,1,0,0,1.0,1,0,0,0,2,2,1.33
2025-09-01,Cincinnati Reds,Toronto Blue Jays,0,0,3.26,1,0,0,0.2,0,0,0,0,0,0,1.32
2025-09-02,Cincinnati Reds,Toronto Blue Jays,0,1,3.79,1,1,0,1.0,2,4,4,1,3,1,1.38
2025-09-06,Cincinnati Reds,New York Mets,0,0,3.88,1,0,0,1.0,1,1,1,1,1,1,1.39
2025-09-08,San Diego Padres,Cincinnati Reds,0,0,4.26,1,0,0,0.2,2,3,3,0,1,1,1.42
2025-09-13,Athletics,Cincinnati Reds,0,0,4.5,1,0,0,0.2,2,2,2,1,1,0,1.45
2025-09-14,Athletics,Cincinnati Reds,0,0,4.43,1,0,0,1.0,0,0,0,0,0,1,1.43
2025-09-16,St. Louis Cardinals,Cincinnati Reds,0,0,4.34,1,0,0,1.1,0,0,0,0,1,1,1.42
2025-09-23,Cincinnati Reds,Pittsburgh Pirates,0,0,4.28,1,0,0,1.0,0,0,0,0,0,0,1.4
2025-09-28,Milwaukee Brewers,Cincinnati Reds,0,0,4.21,1,0,0,1.0,0,0,0,0,1,1,1.39
