Date,Home Tm,Away Tm,W,L,ERA,G,GS,SV,IP,H,R,ER,HR,BB,SO,WHIP
2025-06-04,San Francisco Giants,San Diego Padres,1,0,0.0,1,0,0,2.2,0,0,0,0,1,1,0.38
2025-06-07,San Francisco Giants,Atlanta Braves,0,0,0.0,1,0,0,1.0,1,0,0,0,1,0,0.82
2025-06-12,Colorado Rockies,San Francisco Giants,0,0,4.5,1,0,0,0.1,2,2,2,0,1,0,1.5
2025-06-15,Los Angeles Dodgers,San Francisco Giants,0,0,4.7,1,1,0,3.2,3,2,2,1,2,5,1.43
2025-06-18,San Francisco Giants,Cleveland Guardians,0,0,4.15,1,0,0,1.0,0,0,0,0,2,1,1.5
2025-06-20,San Francisco Giants,Boston Red Sox,0,1,4.66,1,0,0,1.0,2,1,1,1,0,0,1.55
2025-06-24,San Francisco Giants,Miami Marlins,0,0,4.22,1,0,0,1.0,0,0,0,0,0,0,1.41
2025-06-25,San Francisco Giants,Miami Marlins,0,0,4.09,1,0,0,0.1,0,0,0,0,0,0,1.36
2025-06-26,San Francisco Giants,Miami Marlins,0,0,6.75,1,0,0,1.0,5,4,4,0,1,2,1.75
2025-07-22,Atlanta Braves,San Francisco Giants,0,0,6.23,1,0,0,1.0,2,0,0,0,0,1,1.77
2025-07-23,Atlanta Braves,San Francisco Giants,0,0,7.71,1,0,0,1.0,4,3,3,0,0,1,1.93
2025-07-27,San Francisco Giants,New York Mets,0,0,7.8,1,0,0,1.0,2,1,1,0,1,0,2.0
