Date,Home Tm,Away Tm,W,L,ERA,G,GS,SV,IP,H,R,ER,HR,BB,SO,WHIP
2025-03-31,Baltimore Orioles,Boston Red Sox,0,1,9.0,1,1,0,4.0,8,4,4,0,2,4,2.5
2025-04-06,Boston Red Sox,St. Louis Cardinals,0,0,5.19,1,1,0,4.2,6,1,1,0,3,5,2.19
2025-04-11,Chicago White Sox,Boston Red Sox,0,1,4.97,1,1,0,4.0,6,6,2,0,2,6,2.13
2025-04-16,Tampa Bay Rays,Boston Red Sox,0,0,3.63,1,1,0,4.2,4,0,0,0,2,4,1.9
2025-04-23,Boston Red Sox,Seattle Mariners,0,1,4.43,1,1,0,5.0,8,4,4,1,2,8,1.93
2025-04-27,Cleveland Guardians,Boston Red Sox,0,0,4.24,1,0,0,1.0,1,0,0,0,0,3,1.89
2025-05-06,Boston Red Sox,Texas Rangers,0,0,3.62,1,0,0,4.0,4,0,0,0,1,3,1.79
2025-05-09,Kansas City Royals,Boston Red Sox,0,1,3.58,1,0,0,0.1,1,1,0,0,0,0,1.81
2025-05-12,Detroit Tigers,Boston Red Sox,0,0,3.51,1,0,0,5.2,9,3,2,0,0,4,1.77
2025-05-18,Boston Red Sox,Atlanta Braves,0,0,3.79,1,0,0,4.2,6,3,3,1,2,4,1.76
2025-05-21,Boston Red Sox,New York Mets,0,0,3.83,1,0,0,2.0,1,1,1,1,2,0,1.75
2025-05-24,Boston Red Sox,Baltimore Orioles,0,0,3.95,1,0,0,1.0,1,1,1,0,1,0,1.76
2025-05-29,Toronto Blue Jays,Athletics,0,0,3.65,1,0,0,3.1,3,0,0,0,1,2,1.71
2025-06-02,Athletics,Minnesota Twins,0,0,3.77,1,0,0,1.0,2,1,1,0,1,1,1.74
2025-06-05,Athletics,Minnesota Twins,0,0,4.02,1,0,0,1.2,2,2,2,0,2,1,1.77
2025-06-08,Athletics,Baltimore Orioles,1,0,3.78,1,0,0,3.0,3,0,0,0,0,3,1.72
2025-06-17,Athletics,Houston Astros,0,0,3.88,1,0,0,1.0,2,2,1,0,1,1,1.75
2025-06-18,Athletics,Houston Astros,0,0,3.88,1,0,0,2.1,2,1,1,1,0,1,1.71
2025-06-21,Athletics,Cleveland Guardians,0,0,3.74,1,0,0,2.0,1,0,0,0,0,2,1.66
2025-06-27,New York Yankees,Athletics,0,0,3.55,1,0,0,3.0,1,0,0,0,1,2,1.61
2025-06-30,Tampa Bay Rays,Athletics,1,0,3.53,1,0,0,0.1,1,0,0,0,0,0,1.62
2025-07-01,Tampa Bay Rays,Athletics,0,0,3.43,1,0,0,1.2,1,0,0,0,1,2,1.61
2025-07-05,Athletics,San Francisco Giants,0,0,3.67,1,0,0,1.0,2,2,2,0,0,2,1.61
2025-07-06,Athletics,San Francisco Giants,0,0,3.65,1,0,0,0.1,0,0,0,0,0,1,1.61
2025-07-10,Athletics,Atlanta Braves,0,0,3.59,1,0,0,1.0,0,0,0,0,1,1,1.6
2025-07-12,Athletics,Toronto Blue Jays,0,0,3.55,1,0,0,0.2,0,0,0,0,0,2,1.58
2025-07-13,Athletics,Toronto Blue Jays,0,0,3.5,1,0,0,1.0,0,0,0,0,0,2,1.55
2025-07-21,Texas Rangers,Athletics,0,0,3.41,1,0,0,1.2,1,0,0,0,0,2,1.53
2025-07-22,Texas Rangers,Athletics,0,1,3.49,1,0,0,1.0,1,1,1,1,0,0,1.52
2025-07-26,Houston Astros,Athletics,0,0,3.39,1,0,0,2.0,0,0,0,0,1,4,1.49
2025-07-28,Athletics,Seattle Mariners,0,0,3.34,1,0,0,1.0,1,0,0,0,0,0,1.49
2025-07-29,Athletics,Seattle Mariners,0,0,3.3,1,0,0,1.0,1,0,0,0,0,3,1.48
2025-08-01,Athletics,Arizona Diamondbacks,0,0,3.25,1,0,0,1.0,0,0,0,0,1,1,1.47
2025-08-03,Athletics,Arizona Diamondbacks,0,0,3.21,1,0,0,1.0,0,0,0,0,0,2,1.45
2025-08-06,Washington Nationals,Athletics,0,0,3.12,1,0,0,2.0,1,0,0,0,0,2,1.43
2025-08-10,Baltimore Orioles,Athletics,0,0,3.08,1,0,0,1.0,1,0,0,0,1,0,1.43
2025-08-13,Athletics,Tampa Bay Rays,0,0,3.04,1,0,0,1.0,2,0,0,0,0,1,1.44
2025-08-16,Athletics,Los Angeles Angels,0,0,2.97,1,0,1,1.2,2,1,0,0,0,3,1.44
2025-08-17,Athletics,Los Angeles Angels,0,0,2.94,1,0,0,1.0,0,0,0,0,0,1,1.42
2025-08-20,Minnesota Twins,Athletics,0,0,2.87,1,0,0,2.0,1,0,0,0,0,0,1.4
2025-08-23,Seattle Mariners,Athletics,0,0,2.82,1,0,0,1.1,0,0,0,0,0,1,1.37
2025-08-25,Athletics,Detroit Tigers,0,0,2.77,1,0,0,1.1,2,0,0,0,2,2,1.4
2025-08-30,Athletics,Texas Rangers,0,0,2.96,1,0,0,0.2,3,2,2,0,0,1,1.42
2025-09-02,St. Louis Cardinals,Athletics,0,0,2.9,1,0,0,2.0,1,0,0,0,0,1,1.4
2025-09-07,Los Angeles Angels,Athletics,0,0,2.86,1,0,0,1.0,1,0,0,0,1,0,1.41
2025-09-10,Athletics,Boston Red Sox,0,0,2.79,1,0,0,2.1,0,0,0,0,0,0,1.37
2025-09-12,Athletics,Cincinnati Reds,0,0,2.76,1,0,1,1.0,0,0,0,0,0,3,1.36
2025-09-14,Athletics,Cincinnati Reds,0,0,2.73,1,0,0,1.0,1,0,0,0,0,0,1.35
