Date,Home Tm,Away Tm,W,L,ERA,G,GS,SV,IP,H,R,ER,HR,BB,SO,WHIP
2025-03-27,Chicago White Sox,Los Angeles Angels,1,0,0.0,1,1,0,6.0,3,0,0,0,0,3,0.5
2025-04-02,Chicago White Sox,Minnesota Twins,0,1,5.23,1,1,0,4.1,7,6,6,2,0,1,0.97
2025-04-09,Cleveland Guardians,Chicago White Sox,0,1,6.08,1,1,0,3.0,3,3,3,1,4,4,1.28
2025-04-15,Chicago White Sox,Athletics,0,1,7.56,1,1,0,3.1,6,5,5,2,2,2,1.5
2025-04-20,Boston Red Sox,Chicago White Sox,0,0,6.23,1,1,0,5.0,5,4,1,1,3,5,1.52
2025-04-25,Athletics,Chicago White Sox,0,1,6.0,1,0,0,5.1,5,4,3,1,2,5,1.48
2025-05-01,Chicago White Sox,Milwaukee Brewers,1,0,4.91,1,1,0,6.0,2,0,0,0,3,5,1.36
2025-05-06,Kansas City Royals,Chicago White Sox,0,0,4.35,1,1,0,6.1,4,1,1,1,3,2,1.32
2025-05-11,Chicago White Sox,Miami Marlins,0,0,4.15,1,1,0,4.0,4,1,1,0,5,2,1.41
2025-05-17,Chicago Cubs,Chicago White Sox,0,1,4.69,1,1,0,4.2,7,6,5,1,5,4,1.52
2025-05-23,Chicago White Sox,Texas Rangers,1,0,4.33,1,1,0,6.0,3,1,1,0,3,6,1.46
2025-05-30,Baltimore Orioles,Chicago White Sox,0,1,4.2,1,0,0,6.0,5,2,2,0,1,6,1.42
2025-06-05,Chicago White Sox,Detroit Tigers,0,0,4.03,1,1,0,7.0,7,2,2,1,1,5,1.39
2025-06-11,Houston Astros,Chicago White Sox,0,1,4.71,1,1,0,3.2,8,7,7,1,1,4,1.44
2025-06-19,Chicago White Sox,St. Louis Cardinals,0,0,4.5,1,1,0,5.1,4,2,1,0,2,7,1.42
2025-06-25,Chicago White Sox,Arizona Diamondbacks,1,0,4.22,1,1,0,5.0,5,2,0,1,2,7,1.42
2025-07-02,Los Angeles Dodgers,Chicago White Sox,0,0,4.03,1,0,0,6.0,6,1,1,1,1,5,1.4
2025-07-07,Chicago White Sox,Toronto Blue Jays,0,1,4.4,1,1,0,5.0,6,6,6,3,3,2,1.42
2025-07-12,Chicago White Sox,Cleveland Guardians,0,0,4.36,1,1,0,5.0,3,2,2,0,2,5,1.4
2025-07-21,Tampa Bay Rays,Chicago White Sox,0,0,4.19,1,1,0,4.0,3,2,0,0,4,5,1.42
2025-07-27,Chicago White Sox,Chicago Cubs,0,0,4.17,1,0,0,4.2,5,2,2,0,1,8,1.41
2025-08-03,Los Angeles Angels,Chicago White Sox,0,0,4.23,1,1,0,5.0,5,3,3,1,2,7,1.41
2025-08-09,Chicago White Sox,Cleveland Guardians,0,1,4.26,1,1,0,3.1,5,2,2,0,3,7,1.44
2025-08-16,Kansas City Royals,Chicago White Sox,0,1,4.28,1,1,0,3.2,5,3,2,2,1,3,1.44
2025-09-10,Chicago White Sox,Tampa Bay Rays,0,0,4.35,1,1,0,4.1,5,3,3,2,4,5,1.47
2025-09-15,Chicago White Sox,Baltimore Orioles,0,0,4.29,1,0,0,4.0,2,1,1,0,4,4,1.47
2025-09-21,Chicago White Sox,San Diego Padres,0,1,4.29,1,1,0,4.0,6,3,2,1,0,4,1.47
2025-09-27,Washington Nationals,Chicago White Sox,0,0,4.22,1,0,0,4.1,2,2,1,1,1,10,1.44
