Date,Home Tm,Away Tm,W,L,ERA,G,GS,SV,IP,H,R,ER,HR,BB,SO,WHIP
2025-07-13,Kansas City Royals,New York Mets,0,1,2.7,1,0,0,3.1,5,1,1,0,0,7,1.5
2025-07-18,New York Mets,Cincinnati Reds,0,0,2.45,1,1,0,4.0,1,1,1,1,2,6,1.09
2025-07-23,New York Mets,Los Angeles Angels,1,0,2.19,1,1,0,5.0,2,1,1,1,2,5,0.97
2025-07-29,San Diego Padres,New York Mets,0,0,2.08,1,1,0,5.0,3,1,1,0,0,4,0.87
2025-08-04,New York Mets,Cleveland Guardians,0,0,3.52,1,1,0,5.2,7,5,5,1,0,3,0.96
2025-08-10,Milwaukee Brewers,New York Mets,0,0,4.33,1,1,0,4.0,6,4,4,1,2,5,1.11
2025-08-15,New York Mets,Seattle Mariners,0,0,4.78,1,1,0,5.0,6,4,4,2,1,7,1.16
2025-08-21,Washington Nationals,New York Mets,0,1,5.15,1,1,0,4.2,3,4,4,0,1,8,1.12
2025-08-26,New York Mets,Philadelphia Phillies,0,0,5.01,1,1,0,4.2,6,2,2,0,0,8,1.14
2025-09-01,Detroit Tigers,New York Mets,0,0,5.6,1,1,0,3.2,8,5,5,2,1,6,1.24
2025-09-09,Philadelphia Phillies,New York Mets,0,1,5.76,1,1,0,5.0,5,4,4,2,1,5,1.24
2025-09-16,New York Mets,San Diego Padres,1,0,5.4,1,0,0,5.0,4,1,1,1,0,4,1.2
2025-09-21,New York Mets,Washington Nationals,0,1,5.59,1,1,0,3.0,4,3,3,1,0,3,1.21
2025-09-24,Chicago Cubs,New York Mets,0,0,5.8,1,0,0,1.0,2,2,2,1,0,1,1.22
2025-09-28,Miami Marlins,New York Mets,0,0,5.64,1,1,0,1.2,0,0,0,0,2,3,1.22
