Date,Home Tm,Away Tm,W,L,ERA,G,GS,SV,IP,H,R,ER,HR,BB,SO,WHIP
2025-05-09,Colorado Rockies,San Diego Padres,0,0,54.0,1,0,0,0.2,4,4,4,1,0,1,6.0
2025-05-11,Colorado Rockies,San Diego Padres,0,0,27.0,1,0,0,1.0,1,1,1,1,0,2,3.0
2025-05-16,San Diego Padres,Seattle Mariners,0,0,10.38,1,0,0,2.2,0,0,0,0,2,4,1.62
2025-05-18,San Diego Padres,Seattle Mariners,0,0,7.5,1,0,0,1.2,0,0,0,0,0,2,1.17
2025-05-22,Toronto Blue Jays,San Diego Padres,0,0,6.43,1,0,0,1.0,0,0,0,0,1,0,1.14
2025-05-24,Atlanta Braves,San Diego Padres,0,1,7.45,1,1,0,2.2,6,3,3,1,0,1,1.45
2025-05-27,San Diego Padres,Miami Marlins,0,0,6.55,1,0,0,1.1,2,0,0,0,0,0,1.45
2025-05-31,San Diego Padres,Pittsburgh Pirates,0,0,5.68,1,0,0,1.2,0,0,0,0,0,2,1.26
2025-06-03,San Francisco Giants,San Diego Padres,0,0,4.6,1,0,0,3.0,1,0,0,0,1,2,1.15
2025-06-08,Milwaukee Brewers,San Diego Padres,0,0,4.41,1,0,0,0.2,0,0,0,0,1,1,1.16
2025-06-09,San Diego Padres,Los Angeles Dodgers,0,0,4.15,1,0,0,1.0,0,0,0,0,0,0,1.1
2025-06-13,Arizona Diamondbacks,San Diego Padres,0,0,3.79,1,0,0,1.2,0,0,0,0,0,1,1.0
2025-06-15,Arizona Diamondbacks,San Diego Padres,0,0,3.6,1,0,0,1.0,0,0,0,0,0,2,0.95
2025-06-17,Los Angeles Dodgers,San Diego Padres,0,0,3.54,1,0,0,0.1,1,0,0,0,1,0,1.03
2025-06-19,Los Angeles Dodgers,San Diego Padres,0,0,4.35,1,0,0,0.1,0,2,2,0,2,0,1.11
2025-06-20,San Diego Padres,Kansas City Royals,0,0,4.15,1,0,0,1.0,1,0,0,0,0,1,1.11
2025-06-27,Cincinnati Reds,San Diego Padres,0,0,3.97,1,0,0,1.0,0,0,0,0,0,3,1.06
2025-08-08,San Diego Padres,Boston Red Sox,0,0,5.55,1,0,0,1.2,3,5,5,1,5,0,1.32
2025-09-03,San Diego Padres,Baltimore Orioles,0,0,5.33,1,0,0,2.2,1,1,1,0,4,3,1.37
