Date,Home Tm,Away Tm,W,L,ERA,G,GS,SV,IP,H,R,ER,HR,BB,SO,WHIP
2025-04-26,Detroit Tigers,Baltimore Orioles,0,0,0.0,1,0,0,0.2,1,0,0,0,0,1,1.5
2025-04-27,Detroit Tigers,Baltimore Orioles,0,0,0.0,1,0,0,2.0,1,0,0,0,0,3,0.75
2025-05-03,Los Angeles Angels,Detroit Tigers,0,0,0.0,1,0,0,1.0,1,0,0,0,0,0,0.82
2025-05-08,Colorado Rockies,Detroit Tigers,0,0,0.0,1,0,0,1.0,0,0,0,0,1,1,0.86
2025-05-10,Detroit Tigers,Texas Rangers,0,0,3.0,1,0,0,1.1,1,2,2,0,2,0,1.17
2025-05-12,Detroit Tigers,Boston Red Sox,0,0,2.25,1,0,0,2.0,1,0,0,0,0,1,1.0
2025-05-19,St. Louis Cardinals,Detroit Tigers,0,1,3.24,1,1,0,0.1,3,1,1,0,0,0,1.32
2025-05-21,St. Louis Cardinals,Detroit Tigers,0,0,4.0,1,0,0,0.2,1,1,1,0,0,1,1.33
2025-05-22,Detroit Tigers,Cleveland Guardians,0,0,5.23,1,0,0,1.1,1,3,2,0,2,1,1.45
