Date,Home Tm,Away Tm,W,L,ERA,G,GS,SV,IP,H,R,ER,HR,BB,SO,WHIP
2025-03-29,Kansas City Royals,Cleveland Guardians,0,0,5.4,1,1,0,5.0,4,3,3,1,3,4,1.4
2025-04-04,Kansas City Royals,Baltimore Orioles,1,0,3.27,1,1,0,6.0,5,2,1,0,1,2,1.18
2025-04-09,Kansas City Royals,Minnesota Twins,0,1,3.24,1,1,0,5.2,5,2,2,0,3,6,1.26
2025-04-14,New York Yankees,Kansas City Royals,0,1,3.86,1,1,0,6.2,7,4,4,4,2,4,1.29
2025-04-19,Detroit Tigers,Kansas City Royals,0,1,3.9,1,1,0,6.2,5,3,3,1,2,5,1.23
2025-04-25,Kansas City Royals,Houston Astros,1,0,3.08,1,1,0,8.0,3,0,0,0,1,8,1.08
2025-05-01,Tampa Bay Rays,Kansas City Royals,1,0,3.07,1,1,0,6.0,5,2,2,1,0,5,1.05
2025-05-06,Kansas City Royals,Chicago White Sox,0,0,2.84,1,1,0,6.2,7,2,1,0,3,3,1.11
2025-05-11,Kansas City Royals,Boston Red Sox,0,1,3.02,1,1,0,6.0,6,3,3,2,0,5,1.09
2025-05-30,Kansas City Royals,Detroit Tigers,0,1,3.45,1,1,0,3.1,5,4,4,2,2,3,1.15
2025-06-06,Chicago White Sox,Kansas City Royals,0,0,3.46,1,1,0,5.0,5,2,2,1,2,5,1.17
2025-06-12,Kansas City Royals,New York Yankees,0,0,3.18,1,1,0,5.2,2,0,0,0,3,2,1.15
2025-06-17,Texas Rangers,Kansas City Royals,1,0,3.05,1,1,0,6.0,3,1,1,0,1,9,1.11
2025-06-22,San Diego Padres,Kansas City Royals,0,0,2.93,1,1,0,6.1,2,1,1,0,0,7,1.05
2025-06-28,Kansas City Royals,Los Angeles Dodgers,1,0,2.74,1,1,0,5.2,4,0,0,0,5,8,1.08
2025-07-03,Seattle Mariners,Kansas City Royals,1,0,2.65,1,1,0,6.1,6,1,1,1,2,7,1.09
2025-07-08,Kansas City Royals,Pittsburgh Pirates,0,0,2.67,1,1,0,6.0,4,2,2,2,1,5,1.08
2025-07-18,Miami Marlins,Kansas City Royals,0,0,2.94,1,1,0,6.0,8,5,5,2,0,5,1.09
2025-07-23,Chicago Cubs,Kansas City Royals,1,0,2.95,1,1,0,6.0,4,2,2,0,2,6,1.09
2025-07-29,Kansas City Royals,Atlanta Braves,1,0,3.03,1,1,0,5.2,7,3,3,2,4,5,1.13
2025-08-03,Toronto Blue Jays,Kansas City Royals,0,0,3.06,1,1,0,4.2,4,2,2,0,4,3,1.15
2025-08-08,Minnesota Twins,Kansas City Royals,0,1,3.46,1,1,0,4.0,9,7,7,2,2,1,1.2
2025-08-13,Kansas City Royals,Washington Nationals,0,0,3.77,1,1,0,4.0,6,7,6,2,4,2,1.24
2025-08-19,Kansas City Royals,Texas Rangers,0,0,3.73,1,1,0,6.1,3,2,2,2,2,5,1.22
2025-08-24,Detroit Tigers,Kansas City Royals,0,0,3.99,1,1,0,4.1,6,6,6,2,2,5,1.24
2025-08-29,Kansas City Royals,Detroit Tigers,0,1,4.15,1,1,0,3.1,8,4,4,0,4,5,1.29
