Date,Home Tm,Away Tm,W,L,ERA,G,GS,SV,IP,H,R,ER,HR,BB,SO,WHIP
2025-04-01,Chicago White Sox,Minnesota Twins,0,0,3.18,1,1,0,5.2,2,2,2,0,4,3,1.06
2025-04-08,Cleveland Guardians,Chicago White Sox,0,0,1.54,1,1,0,6.0,2,0,0,0,1,6,0.77
2025-04-13,Chicago White Sox,Boston Red Sox,0,1,2.04,1,1,0,6.0,5,2,2,0,2,3,0.91
2025-04-19,Boston Red Sox,Chicago White Sox,0,0,2.82,1,1,0,4.2,4,3,3,1,1,3,0.94
2025-04-24,Minnesota Twins,Chicago White Sox,1,0,2.3,1,1,0,5.0,4,0,0,0,1,7,0.95
2025-04-30,Chicago White Sox,Milwaukee Brewers,0,0,2.23,1,1,0,5.0,6,3,1,0,3,4,1.08
2025-05-05,Kansas City Royals,Chicago White Sox,0,1,2.41,1,1,0,5.0,5,2,2,0,3,5,1.15
2025-05-10,Chicago White Sox,Miami Marlins,0,0,2.08,1,1,0,6.0,4,0,0,0,0,7,1.08
2025-05-16,Chicago Cubs,Chicago White Sox,0,1,2.05,1,1,0,5.0,7,6,1,1,1,5,1.14
2025-05-21,Chicago White Sox,Seattle Mariners,0,0,2.36,1,1,0,5.0,2,3,3,1,2,6,1.11
2025-05-28,New York Mets,Chicago White Sox,0,0,2.68,1,1,0,3.2,2,3,3,1,5,5,1.16
2025-06-03,Chicago White Sox,Detroit Tigers,1,0,2.45,1,1,0,5.1,3,0,0,0,2,6,1.14
2025-06-10,Houston Astros,Chicago White Sox,1,0,2.37,1,1,0,6.0,7,1,1,0,2,4,1.17
2025-06-17,Chicago White Sox,St. Louis Cardinals,0,1,2.85,1,1,0,4.1,6,6,5,0,3,2,1.22
2025-06-23,Chicago White Sox,Arizona Diamondbacks,0,1,3.38,1,1,0,2.0,4,5,5,1,2,2,1.27
2025-07-01,Los Angeles Dodgers,Chicago White Sox,0,1,3.86,1,1,0,4.2,6,6,6,1,3,6,1.31
2025-07-06,Colorado Rockies,Chicago White Sox,0,1,4.2,1,1,0,4.1,5,5,5,1,2,2,1.33
2025-07-11,Chicago White Sox,Cleveland Guardians,0,0,4.26,1,1,0,3.0,2,2,2,2,0,5,1.3
2025-08-01,Los Angeles Angels,Chicago White Sox,0,0,4.25,1,1,0,4.1,2,2,2,1,4,4,1.31
2025-08-07,Seattle Mariners,Chicago White Sox,0,0,4.22,1,1,0,5.0,4,2,2,1,1,8,1.29
2025-08-13,Chicago White Sox,Detroit Tigers,0,0,4.01,1,1,0,5.0,2,0,0,0,3,5,1.28
2025-08-19,Atlanta Braves,Chicago White Sox,0,0,4.12,1,1,0,6.0,7,4,4,2,2,4,1.29
2025-08-25,Chicago White Sox,Kansas City Royals,1,0,3.87,1,1,0,7.0,1,0,0,0,1,3,1.23
2025-08-30,Chicago White Sox,New York Yankees,0,0,3.81,1,1,0,6.1,3,2,2,2,2,7,1.2
2025-09-05,Detroit Tigers,Chicago White Sox,1,0,3.95,1,1,0,5.0,3,4,4,1,2,6,1.2
2025-09-11,Chicago White Sox,Tampa Bay Rays,1,0,3.78,1,1,0,5.2,4,0,0,0,1,4,1.18
2025-09-16,Chicago White Sox,Baltimore Orioles,0,1,4.06,1,1,0,4.1,9,6,6,1,1,7,1.22
2025-09-23,New York Yankees,Chicago White Sox,0,0,3.98,1,1,0,5.0,5,1,1,0,4,8,1.24
2025-09-28,Washington Nationals,Chicago White Sox,1,0,3.81,1,1,0,6.0,1,0,0,0,0,8,1.2
