Date,Home Tm,Away Tm,W,L,ERA,G,GS,SV,IP,H,R,ER,HR,BB,SO,WHIP
2025-08-22,Miami Marlins,Toronto Blue Jays,1,0,1.5,1,1,0,6.0,2,1,1,1,0,9,0.33
2025-08-29,Toronto Blue Jays,Milwaukee Brewers,0,1,2.38,1,1,0,5.1,5,2,2,1,0,6,0.62
2025-09-03,Cincinnati Reds,Toronto Blue Jays,1,0,4.15,1,1,0,6.0,5,5,5,0,2,6,0.81
2025-09-09,Toronto Blue Jays,Houston Astros,0,0,4.3,1,1,0,5.2,9,3,3,1,1,4,1.04
2025-09-14,Toronto Blue Jays,Baltimore Orioles,1,0,3.72,1,1,0,6.0,4,1,1,1,1,5,1.0
2025-09-20,Kansas City Royals,Toronto Blue Jays,0,1,3.57,1,1,0,6.1,4,2,2,2,1,4,0.96
2025-09-26,Toronto Blue Jays,Tampa Bay Rays,1,0,3.57,1,1,0,5.0,5,2,2,2,2,3,1.02
