Date,Home Tm,Away Tm,W,L,ERA,G,GS,SV,IP,H,R,ER,HR,BB,SO,WHIP
2025-04-01,Tampa Bay Rays,Pittsburgh Pirates,1,0,0.0,1,1,0,6.0,7,0,0,0,0,10,1.17
2025-04-08,Tampa Bay Rays,Los Angeles Angels,0,0,1.38,1,1,0,7.0,3,2,2,1,4,6,1.08
2025-04-14,Tampa Bay Rays,Boston Red Sox,1,0,1.42,1,1,0,6.0,2,1,1,1,0,11,0.84
2025-04-19,Tampa Bay Rays,New York Yankees,0,0,3.22,1,1,0,3.1,4,5,5,1,4,3,1.07
2025-04-25,San Diego Padres,Tampa Bay Rays,1,0,2.45,1,1,0,7.0,4,0,0,0,1,6,0.99
2025-05-01,Tampa Bay Rays,Kansas City Royals,0,1,3.86,1,1,0,5.2,9,7,7,1,3,1,1.17
2025-05-07,Tampa Bay Rays,Philadelphia Phillies,0,1,4.93,1,1,0,3.1,8,6,6,1,2,3,1.33
2025-05-13,Toronto Blue Jays,Tampa Bay Rays,0,0,5.02,1,1,0,4.2,4,3,3,2,2,6,1.33
2025-05-18,Miami Marlins,Tampa Bay Rays,0,1,5.33,1,1,0,6.0,9,5,5,2,3,2,1.41
2025-05-24,Tampa Bay Rays,Toronto Blue Jays,1,0,4.94,1,1,0,5.2,4,1,1,1,3,4,1.39
2025-05-29,Houston Astros,Tampa Bay Rays,0,0,4.92,1,1,0,5.2,7,3,3,2,0,3,1.38
2025-06-04,Tampa Bay Rays,Texas Rangers,1,0,4.96,1,1,0,5.0,5,3,3,1,1,5,1.36
2025-06-09,Boston Red Sox,Tampa Bay Rays,0,0,4.97,1,1,0,5.1,3,3,3,0,3,5,1.34
2025-06-15,New York Mets,Tampa Bay Rays,1,0,4.54,1,1,0,6.2,3,0,0,0,4,6,1.32
2025-06-20,Tampa Bay Rays,Detroit Tigers,1,0,4.79,1,1,0,5.1,4,5,5,1,4,6,1.33
2025-06-26,Kansas City Royals,Tampa Bay Rays,1,0,4.37,1,1,0,8.0,3,0,0,0,1,9,1.26
2025-07-01,Tampa Bay Rays,Athletics,0,0,4.33,1,1,0,7.0,7,3,3,2,1,11,1.25
2025-07-07,Detroit Tigers,Tampa Bay Rays,0,1,4.34,1,1,0,6.0,7,3,3,1,2,7,1.26
2025-07-12,Boston Red Sox,Tampa Bay Rays,0,1,4.17,1,1,0,6.1,5,1,1,0,2,3,1.25
2025-07-21,Tampa Bay Rays,Chicago White Sox,0,1,4.66,1,1,0,4.0,8,8,8,2,2,4,1.3
2025-07-27,Cincinnati Reds,Tampa Bay Rays,0,1,4.61,1,1,0,5.0,5,2,2,0,2,5,1.3
2025-08-01,Tampa Bay Rays,Los Angeles Dodgers,0,1,4.79,1,1,0,5.0,8,5,5,1,2,8,1.33
2025-08-06,Los Angeles Angels,Tampa Bay Rays,0,0,4.92,1,1,0,4.0,5,4,4,1,2,9,1.34
2025-08-12,Athletics,Tampa Bay Rays,0,1,4.93,1,1,0,7.0,6,5,4,0,2,7,1.33
2025-08-19,Tampa Bay Rays,New York Yankees,0,1,5.22,1,1,0,3.0,7,6,6,5,2,3,1.37
2025-08-26,Cleveland Guardians,Tampa Bay Rays,0,1,5.19,1,1,0,6.0,3,3,3,0,2,7,1.35
2025-09-01,Tampa Bay Rays,Seattle Mariners,1,0,4.98,1,1,0,6.0,5,0,0,0,2,6,1.34
2025-09-06,Tampa Bay Rays,Cleveland Guardians,0,0,4.94,1,1,0,5.0,5,2,2,0,1,8,1.34
2025-09-12,Chicago Cubs,Tampa Bay Rays,0,1,5.15,1,1,0,2.1,6,5,5,0,3,5,1.37
2025-09-18,Tampa Bay Rays,Toronto Blue Jays,1,0,4.99,1,1,0,5.0,2,0,0,0,1,4,1.35
2025-09-24,Baltimore Orioles,Tampa Bay Rays,0,0,4.87,1,1,0,4.0,0,0,0,0,3,3,1.33
