Date,Home Tm,Away Tm,W,L,ERA,G,GS,SV,IP,H,R,ER,HR,BB,SO,WHIP
2025-03-27,Texas Rangers,Boston Red Sox,0,0,0.0,1,0,0,0.2,0,0,0,0,0,1,0.0
2025-03-28,Texas Rangers,Boston Red Sox,0,0,0.0,1,0,0,1.0,1,0,0,0,0,2,0.6
2025-03-30,Texas Rangers,Boston Red Sox,1,0,3.38,1,0,0,1.0,1,2,1,0,1,1,1.13
2025-04-04,Texas Rangers,Tampa Bay Rays,0,0,6.75,1,0,0,1.1,3,2,2,0,0,2,1.5
2025-04-08,Chicago Cubs,Texas Rangers,0,0,5.4,1,0,0,1.0,0,0,0,0,1,1,1.4
2025-04-12,Seattle Mariners,Texas Rangers,0,0,4.5,1,0,0,1.0,1,0,0,0,0,2,1.33
2025-04-16,Texas Rangers,Los Angeles Angels,0,0,3.68,1,0,0,1.1,1,0,0,0,0,2,1.23
2025-04-18,Texas Rangers,Los Angeles Dodgers,0,0,3.38,1,0,0,0.2,1,0,0,0,1,0,1.38
2025-04-22,Athletics,Texas Rangers,0,0,3.12,1,0,0,0.2,0,0,0,0,1,1,1.38
2025-04-26,San Francisco Giants,Texas Rangers,0,0,2.61,1,0,0,1.2,1,0,0,0,0,2,1.26
2025-04-28,Texas Rangers,Athletics,0,0,2.19,1,0,0,2.0,0,0,0,0,2,1,1.22
2025-04-30,Texas Rangers,Athletics,0,0,2.77,1,0,0,0.2,1,1,1,1,0,1,1.23
2025-05-01,Texas Rangers,Athletics,0,0,3.21,1,0,0,1.0,1,1,1,0,2,0,1.36
2025-05-06,Boston Red Sox,Texas Rangers,0,0,2.93,1,0,0,1.1,0,0,0,0,0,1,1.24
2025-05-10,Detroit Tigers,Texas Rangers,0,0,3.24,1,0,0,1.1,1,1,1,0,0,0,1.2
2025-05-13,Texas Rangers,Colorado Rockies,0,0,3.06,1,0,1,1.0,0,0,0,0,0,3,1.13
2025-05-15,Texas Rangers,Houston Astros,0,0,2.89,1,0,1,1.0,0,0,0,0,1,0,1.13
2025-05-16,Texas Rangers,Houston Astros,0,1,4.82,1,0,0,0.0,2,4,4,1,2,0,1.34
2025-05-22,New York Yankees,Texas Rangers,0,0,4.58,1,0,0,1.0,0,0,0,0,0,1,1.27
2025-05-25,Chicago White Sox,Texas Rangers,1,0,4.29,1,0,0,1.1,0,0,0,0,0,3,1.19
2025-05-27,Texas Rangers,Toronto Blue Jays,0,0,3.97,1,0,0,1.2,0,0,0,0,2,0,1.19
2025-05-30,Texas Rangers,St. Louis Cardinals,0,0,3.91,1,0,0,0.1,0,0,0,0,0,0,1.17
2025-06-01,Texas Rangers,St. Louis Cardinals,0,0,3.8,1,0,0,0.2,1,0,0,0,0,0,1.18
2025-06-04,Tampa Bay Rays,Texas Rangers,0,0,3.65,1,0,0,1.0,0,0,0,0,0,2,1.14
2025-06-05,Tampa Bay Rays,Texas Rangers,0,0,3.6,1,0,0,0.1,0,0,0,0,0,1,1.12
2025-06-08,Washington Nationals,Texas Rangers,0,0,3.51,1,0,0,0.2,1,0,0,0,0,1,1.13
2025-06-10,Minnesota Twins,Texas Rangers,0,0,3.33,1,0,0,1.1,1,0,0,0,0,1,1.11
2025-06-13,Texas Rangers,Chicago White Sox,0,0,3.0,1,1,0,3.0,0,0,0,0,0,5,1.0
2025-06-18,Texas Rangers,Kansas City Royals,0,0,2.9,1,0,0,1.0,0,0,0,0,0,1,0.97
2025-06-19,Texas Rangers,Kansas City Royals,0,1,3.38,1,1,0,1.0,1,2,2,1,1,1,1.0
2025-06-21,Pittsburgh Pirates,Texas Rangers,0,0,3.27,1,0,0,1.0,0,0,0,0,0,0,0.97
2025-06-27,Texas Rangers,Seattle Mariners,0,1,3.18,1,0,0,1.0,1,1,0,0,0,0,0.97
2025-06-28,Texas Rangers,Seattle Mariners,1,0,3.09,1,0,0,1.0,0,0,0,0,0,2,0.94
2025-06-30,Texas Rangers,Baltimore Orioles,0,0,3.25,1,0,0,1.0,1,1,1,1,0,1,0.94
2025-07-04,San Diego Padres,Texas Rangers,0,0,3.16,1,0,0,1.0,0,0,0,0,0,1,0.92
2025-07-05,San Diego Padres,Texas Rangers,0,0,3.13,1,0,1,0.1,0,0,0,0,0,0,0.91
2025-07-07,Los Angeles Angels,Texas Rangers,0,0,3.52,1,0,0,1.0,3,2,2,0,0,0,0.97
2025-07-09,Los Angeles Angels,Texas Rangers,0,0,3.38,1,0,0,1.2,0,0,0,0,0,0,0.93
2025-07-11,Houston Astros,Texas Rangers,0,0,3.32,1,0,0,0.2,0,0,0,0,0,1,0.91
2025-07-13,Houston Astros,Texas Rangers,0,0,3.21,1,0,0,1.1,1,0,0,0,0,1,0.9
2025-07-18,Texas Rangers,Detroit Tigers,0,0,3.12,1,0,0,1.1,0,0,0,0,1,0,0.9
2025-07-21,Texas Rangers,Athletics,0,0,3.05,1,0,0,1.0,1,0,0,0,0,1,0.9
2025-07-22,Texas Rangers,Athletics,0,0,2.98,1,0,0,1.0,1,0,0,0,0,3,0.9
2025-07-25,Texas Rangers,Atlanta Braves,0,0,2.96,1,0,0,0.1,0,0,0,0,0,0,0.9
2025-07-26,Texas Rangers,Atlanta Braves,1,0,3.02,1,0,0,2.0,1,1,1,0,0,2,0.88
2025-07-29,Los Angeles Angels,Texas Rangers,0,0,2.98,1,0,0,0.2,0,0,0,0,0,1,0.87
2025-07-30,Los Angeles Angels,Texas Rangers,0,0,2.94,1,0,0,0.2,0,0,0,0,0,1,0.86
2025-08-02,Seattle Mariners,Texas Rangers,0,0,2.92,1,0,0,0.1,0,0,0,0,0,1,0.85
2025-08-06,Texas Rangers,New York Yankees,0,0,2.9,1,0,0,0.1,1,0,0,0,1,0,0.89
2025-08-09,Texas Rangers,Philadelphia Phillies,0,0,2.81,1,0,0,1.2,0,0,0,0,0,2,0.86
2025-08-11,Texas Rangers,Arizona Diamondbacks,0,0,2.75,1,0,0,1.0,1,0,0,0,0,2,0.86
2025-08-12,Texas Rangers,Arizona Diamondbacks,0,0,2.7,1,0,0,1.0,0,0,0,0,0,2,0.84
2025-08-15,Toronto Blue Jays,Texas Rangers,0,0,2.67,1,0,0,0.2,0,0,0,0,0,0,0.83
2025-08-17,Toronto Blue Jays,Texas Rangers,0,0,2.6,1,0,1,1.1,0,0,0,0,0,1,0.81
2025-08-20,Kansas City Royals,Texas Rangers,0,0,2.54,1,0,0,1.1,2,0,0,0,1,3,0.85
2025-08-27,Texas Rangers,Los Angeles Angels,0,0,2.5,1,0,0,1.0,0,0,0,0,0,0,0.83
2025-08-29,Athletics,Texas Rangers,0,0,2.43,1,0,1,1.2,0,0,0,0,1,0,0.83
2025-08-31,Athletics,Texas Rangers,0,0,2.55,1,0,0,0.2,2,1,1,0,0,0,0.85
2025-09-01,Arizona Diamondbacks,Texas Rangers,0,0,2.51,1,0,1,1.0,0,0,0,0,0,2,0.84
2025-09-05,Texas Rangers,Houston Astros,0,0,2.45,1,0,0,1.1,0,0,0,0,0,0,0.82
2025-09-07,Texas Rangers,Houston Astros,0,0,2.4,1,0,1,1.1,0,0,0,0,0,1,0.8
2025-09-09,Texas Rangers,Milwaukee Brewers,0,0,2.51,1,0,1,1.0,2,1,1,1,0,0,0.82
2025-09-10,Texas Rangers,Milwaukee Brewers,0,0,2.45,1,0,0,1.1,0,0,0,0,1,2,0.82
2025-09-13,New York Mets,Texas Rangers,0,0,2.43,1,0,1,0.2,1,0,0,0,0,2,0.83
2025-09-14,New York Mets,Texas Rangers,0,0,2.39,1,0,0,1.0,1,0,0,0,0,2,0.83
2025-09-17,Houston Astros,Texas Rangers,0,0,2.34,1,0,0,1.2,0,0,0,0,0,2,0.81
2025-09-19,Texas Rangers,Miami Marlins,0,0,2.3,1,0,0,1.0,0,0,0,0,0,0,0.8
2025-09-21,Texas Rangers,Miami Marlins,0,0,2.28,1,0,0,0.2,1,0,0,0,0,1,0.8
2025-09-24,Texas Rangers,Minnesota Twins,0,0,2.38,1,0,0,1.0,2,1,1,0,0,1,0.82
2025-09-26,Cleveland Guardians,Texas Rangers,0,0,2.34,1,0,0,1.0,0,0,0,0,0,0,0.81
2025-09-27,Cleveland Guardians,Texas Rangers,0,0,2.31,1,0,0,1.0,0,0,0,0,1,0,0.81
