Date,Home Tm,Away Tm,W,L,ERA,G,GS,SV,IP,H,R,ER,HR,BB,SO,WHIP
2025-07-06,Washington Nationals,Boston Red Sox,0,1,13.5,1,1,0,2.2,7,4,4,1,0,2,2.63
2025-07-12,Milwaukee Brewers,Washington Nationals,0,0,9.45,1,1,0,4.0,4,3,3,0,1,2,1.8
2025-08-02,Washington Nationals,Milwaukee Brewers,0,0,8.38,1,0,0,3.0,5,2,2,0,1,2,1.86
2025-08-06,Washington Nationals,Athletics,0,0,7.36,1,0,0,1.1,0,0,0,0,1,1,1.73
2025-08-08,San Francisco Giants,Washington Nationals,0,0,6.75,1,0,0,2.1,2,1,1,0,2,1,1.73
2025-08-11,Kansas City Royals,Washington Nationals,0,0,6.43,1,0,0,0.2,0,0,0,0,1,1,1.71
2025-08-14,Washington Nationals,Philadelphia Phillies,1,0,6.28,1,0,0,0.1,0,0,0,0,0,1,1.67
2025-08-17,Washington Nationals,Philadelphia Phillies,0,0,5.82,1,0,0,2.2,1,1,1,1,0,1,1.47
2025-08-20,Washington Nationals,New York Mets,0,0,5.5,1,0,0,1.0,0,0,0,0,0,1,1.39
2025-08-22,Philadelphia Phillies,Washington Nationals,0,0,5.79,1,0,0,0.2,1,1,1,1,0,2,1.39
2025-08-24,Philadelphia Phillies,Washington Nationals,0,0,5.06,1,0,0,2.2,0,0,0,0,2,2,1.31
2025-08-27,New York Yankees,Washington Nationals,0,0,5.87,1,0,0,1.2,4,3,3,2,2,3,1.48
2025-08-31,Washington Nationals,Tampa Bay Rays,0,0,5.63,1,0,0,1.0,0,0,0,0,0,2,1.42
2025-09-03,Washington Nationals,Miami Marlins,0,0,5.4,1,0,0,1.0,0,0,0,0,0,2,1.36
2025-09-05,Chicago Cubs,Washington Nationals,0,0,5.67,1,0,0,2.0,1,2,2,1,1,0,1.33
2025-09-08,Miami Marlins,Washington Nationals,0,0,6.83,1,0,0,2.0,4,5,5,2,2,1,1.45
2025-09-13,Washington Nationals,Pittsburgh Pirates,0,0,6.9,1,0,0,1.0,1,1,1,1,2,0,1.5
2025-09-15,Washington Nationals,Atlanta Braves,0,0,7.03,1,0,0,2.0,3,2,2,0,1,2,1.53
2025-09-16,Washington Nationals,Atlanta Braves,0,0,6.82,1,0,0,1.0,1,0,0,0,0,0,1.52
2025-09-17,Washington Nationals,Atlanta Braves,0,0,7.41,1,0,0,1.0,5,3,3,0,0,1,1.62
2025-09-22,Atlanta Braves,Washington Nationals,0,0,6.94,1,0,0,2.1,1,0,0,0,0,1,1.54
2025-09-26,Washington Nationals,Chicago White Sox,0,0,6.57,1,0,0,2.0,0,0,0,0,0,1,1.46
2025-09-28,Washington Nationals,Chicago White Sox,0,0,6.98,1,0,0,0.1,3,2,2,0,1,1,1.55
