Date,Home Tm,Away Tm,W,L,ERA,G,GS,SV,IP,H,R,ER,HR,BB,SO,WHIP
2025-06-16,Los Angeles Dodgers,San Diego Padres,0,0,9.0,1,1,0,1.0,2,1,1,0,0,0,2.0
2025-06-22,Los Angeles Dodgers,Washington Nationals,0,0,4.5,1,1,0,1.0,0,0,0,0,0,2,1.0
2025-06-28,Kansas City Royals,Los Angeles Dodgers,0,0,2.25,1,1,0,2.0,1,0,0,0,1,1,1.0
2025-07-05,Los Angeles Dodgers,Houston Astros,0,0,1.5,1,1,0,2.0,1,0,0,0,0,3,0.83
2025-07-12,San Francisco Giants,Los Angeles Dodgers,0,0,1.0,1,1,0,3.0,1,0,0,0,1,4,0.78
2025-07-21,Los Angeles Dodgers,Minnesota Twins,0,0,1.5,1,1,0,3.0,4,1,1,1,1,3,1.0
2025-07-30,Cincinnati Reds,Los Angeles Dodgers,0,0,2.4,1,1,0,3.0,5,2,2,0,2,4,1.27
2025-08-06,Los Angeles Dodgers,St. Louis Cardinals,0,0,2.37,1,1,0,4.0,2,1,1,0,0,8,1.11
2025-08-13,Los Angeles Angels,Los Angeles Dodgers,0,0,3.47,1,1,0,4.1,5,4,4,1,0,7,1.11
2025-08-20,Colorado Rockies,Los Angeles Dodgers,0,1,4.61,1,1,0,4.0,9,5,5,0,0,3,1.28
2025-08-27,Los Angeles Dodgers,Cincinnati Reds,1,0,4.18,1,1,0,5.0,2,1,1,1,2,9,1.21
2025-09-05,Baltimore Orioles,Los Angeles Dodgers,0,0,3.75,1,1,0,3.2,3,0,0,0,1,5,1.19
2025-09-16,Los Angeles Dodgers,Philadelphia Phillies,0,0,3.29,1,1,0,5.0,0,0,0,0,1,5,1.07
2025-09-23,Arizona Diamondbacks,Los Angeles Dodgers,0,0,2.87,1,1,0,6.0,5,0,0,0,0,8,1.04
