Date,Home Tm,Away Tm,W,L,ERA,G,GS,SV,IP,H,R,ER,HR,BB,SO,WHIP
2025-03-18,Chicago Cubs,Los Angeles Dodgers,0,0,0.0,1,1,0,4.0,0,0,0,0,4,2,1.0
2025-03-29,Arizona Diamondbacks,Chicago Cubs,1,0,0.82,1,1,0,7.0,3,1,1,0,2,4,0.82
2025-04-04,Chicago Cubs,San Diego Padres,1,0,0.98,1,1,0,7.1,4,1,1,1,0,4,0.71
2025-04-09,Chicago Cubs,Texas Rangers,0,1,2.7,1,1,0,5.0,7,5,5,2,1,4,0.9
2025-04-15,San Diego Padres,Chicago Cubs,0,0,2.22,1,1,0,5.0,4,1,0,1,3,7,0.99
2025-04-22,Chicago Cubs,Los Angeles Dodgers,0,0,3.18,1,1,0,5.2,7,5,5,3,2,6,1.09
2025-04-29,Pittsburgh Pirates,Chicago Cubs,1,0,2.77,1,1,0,5.0,6,0,0,0,1,3,1.13
2025-05-04,Milwaukee Brewers,Chicago Cubs,0,1,2.82,1,1,0,5.2,4,2,2,0,1,4,1.1
2025-06-26,St. Louis Cardinals,Chicago Cubs,1,0,2.54,1,1,0,5.0,1,0,0,0,1,3,1.03
2025-07-02,Chicago Cubs,Cleveland Guardians,1,0,2.78,1,1,0,5.1,4,3,3,3,0,4,1.0
2025-07-08,Minnesota Twins,Chicago Cubs,0,1,2.8,1,1,0,6.0,5,2,2,0,0,1,0.98
2025-07-13,New York Yankees,Chicago Cubs,1,0,2.65,1,1,0,7.0,2,1,1,1,1,6,0.93
2025-07-19,Chicago Cubs,Boston Red Sox,1,0,2.4,1,1,0,7.0,5,0,0,0,1,5,0.92
2025-07-25,Chicago White Sox,Chicago Cubs,0,1,3.12,1,1,0,3.0,12,7,7,3,0,2,1.04
2025-07-30,Milwaukee Brewers,Chicago Cubs,1,0,3.25,1,1,0,5.0,5,3,3,2,0,8,1.04
2025-08-05,Chicago Cubs,Cincinnati Reds,0,0,3.12,1,1,0,6.1,3,1,1,0,0,7,1.0
2025-08-10,St. Louis Cardinals,Chicago Cubs,0,1,3.19,1,1,0,6.2,4,3,3,1,0,9,0.97
2025-08-16,Chicago Cubs,Pittsburgh Pirates,0,0,3.06,1,1,0,7.0,3,1,1,1,2,6,0.95
2025-08-21,Chicago Cubs,Milwaukee Brewers,0,1,3.03,1,1,0,7.0,3,2,2,1,2,5,0.94
2025-08-28,San Francisco Giants,Chicago Cubs,0,0,3.08,1,1,0,7.0,5,3,3,2,1,5,0.93
2025-09-02,Chicago Cubs,Atlanta Braves,1,0,3.15,1,1,0,6.0,5,3,3,2,1,2,0.93
2025-09-08,Atlanta Braves,Chicago Cubs,0,1,3.21,1,1,0,6.0,5,3,3,1,0,4,0.93
2025-09-14,Chicago Cubs,Tampa Bay Rays,0,0,3.29,1,1,0,5.0,7,3,3,2,0,9,0.95
2025-09-19,Cincinnati Reds,Chicago Cubs,0,0,3.37,1,1,0,5.0,4,4,3,3,2,4,0.96
2025-09-25,Chicago Cubs,New York Mets,0,1,3.73,1,1,0,5.2,9,8,8,2,1,3,0.99
