Date,Home Tm,Away Tm,W,L,ERA,G,GS,SV,IP,H,R,ER,HR,BB,SO,WHIP
2025-04-01,Chicago White Sox,Minnesota Twins,0,0,4.5,1,1,0,4.0,5,2,2,0,1,5,1.5
2025-04-07,Kansas City Royals,Minnesota Twins,0,1,5.59,1,1,0,5.2,8,4,4,1,4,6,1.86
2025-04-13,Minnesota Twins,Detroit Tigers,1,0,4.3,1,1,0,5.0,5,1,1,1,0,5,1.57
2025-04-19,Atlanta Braves,Minnesota Twins,0,1,4.74,1,0,0,4.1,7,3,3,1,1,3,1.63
2025-04-26,Minnesota Twins,Los Angeles Angels,1,0,4.07,1,1,0,5.1,4,1,1,1,0,7,1.44
2025-05-01,Cleveland Guardians,Minnesota Twins,0,0,4.03,1,1,0,4.2,2,2,2,1,5,4,1.45
2025-05-07,Minnesota Twins,Baltimore Orioles,0,0,4.01,1,1,0,4.2,5,2,2,1,1,1,1.43
2025-05-14,Baltimore Orioles,Minnesota Twins,0,0,5.02,1,1,0,4.0,8,6,6,2,2,4,1.54
2025-06-10,Minnesota Twins,Texas Rangers,0,1,5.74,1,1,0,4.2,8,7,6,0,3,4,1.63
2025-06-15,Houston Astros,Minnesota Twins,0,0,5.13,1,1,0,5.0,1,0,0,0,1,4,1.5
2025-06-21,Minnesota Twins,Milwaukee Brewers,0,1,5.06,1,1,0,6.0,4,4,3,0,3,3,1.46
2025-06-26,Minnesota Twins,Seattle Mariners,1,0,4.63,1,1,0,5.0,2,0,0,0,1,6,1.39
2025-07-02,Miami Marlins,Minnesota Twins,1,0,4.41,1,1,0,5.0,2,1,1,1,2,3,1.34
2025-07-08,Minnesota Twins,Chicago Cubs,1,0,4.08,1,1,0,5.0,2,0,0,0,3,4,1.32
2025-07-13,Minnesota Twins,Pittsburgh Pirates,0,0,3.95,1,1,0,4.2,6,1,1,1,1,3,1.33
2025-07-22,Los Angeles Dodgers,Minnesota Twins,0,0,4.14,1,1,0,3.0,2,3,3,1,5,2,1.37
2025-07-28,Minnesota Twins,Boston Red Sox,0,0,4.24,1,1,0,4.2,7,3,3,1,2,5,1.4
2025-08-27,Toronto Blue Jays,Minnesota Twins,0,0,4.59,1,1,0,3.2,5,5,5,3,2,2,1.42
2025-09-02,Minnesota Twins,Chicago White Sox,0,0,4.53,1,1,0,5.0,2,3,2,1,3,7,1.4
2025-09-08,Los Angeles Angels,Minnesota Twins,1,0,4.58,1,1,0,5.0,5,3,3,0,1,6,1.39
2025-09-15,Minnesota Twins,New York Yankees,1,0,4.31,1,1,0,6.0,2,0,0,0,3,11,1.36
2025-09-21,Minnesota Twins,Cleveland Guardians,0,0,4.27,1,1,0,5.0,3,2,2,1,2,3,1.34
2025-09-28,Philadelphia Phillies,Minnesota Twins,0,0,4.04,1,1,0,6.0,1,0,0,0,0,9,1.28
