Date,Home Tm,Away Tm,W,L,ERA,G,GS,SV,IP,H,R,ER,HR,BB,SO,WHIP
2025-05-17,Cincinnati Reds,Cleveland Guardians,0,1,5.4,1,1,0,5.0,5,3,3,1,0,8,1.0
2025-05-23,Detroit Tigers,Cleveland Guardians,1,0,3.27,1,1,0,6.0,5,1,1,1,2,6,1.09
2025-05-31,Cleveland Guardians,Los Angeles Angels,0,0,5.28,1,1,0,4.1,7,5,5,3,3,3,1.43
2025-06-05,New York Yankees,Cleveland Guardians,0,1,4.87,1,1,0,5.0,5,2,2,1,2,3,1.43
2025-06-10,Cleveland Guardians,Cincinnati Reds,0,1,4.26,1,1,0,5.0,4,1,1,0,1,8,1.34
2025-06-17,San Francisco Giants,Cleveland Guardians,1,0,4.15,1,1,0,5.0,4,2,2,0,3,6,1.35
2025-06-22,Athletics,Cleveland Guardians,1,0,3.38,1,1,0,7.0,6,0,0,0,1,3,1.29
2025-06-28,Cleveland Guardians,St. Louis Cardinals,0,0,3.64,1,1,0,4.2,5,3,3,1,2,5,1.31
2025-07-04,Cleveland Guardians,Detroit Tigers,0,1,3.56,1,1,0,6.0,6,2,2,2,2,5,1.31
2025-07-09,Houston Astros,Cleveland Guardians,1,0,3.44,1,1,0,7.0,5,2,2,0,2,9,1.27
2025-07-18,Cleveland Guardians,Athletics,1,0,3.84,1,1,0,8.1,8,6,6,2,0,2,1.23
2025-07-23,Cleveland Guardians,Baltimore Orioles,0,0,3.76,1,1,0,6.0,5,2,2,1,2,2,1.23
2025-07-28,Cleveland Guardians,Colorado Rockies,0,0,3.77,1,1,0,7.0,6,3,3,1,2,3,1.22
2025-08-04,New York Mets,Cleveland Guardians,0,0,3.72,1,1,0,6.0,4,3,2,1,1,6,1.19
2025-08-10,Chicago White Sox,Cleveland Guardians,0,1,4.11,1,1,0,3.0,8,5,5,2,1,4,1.25
2025-08-16,Cleveland Guardians,Atlanta Braves,0,1,4.5,1,1,0,4.2,10,8,6,1,2,3,1.32
2025-08-22,Texas Rangers,Cleveland Guardians,0,0,4.41,1,1,0,6.0,4,2,2,2,0,3,1.28
2025-08-27,Cleveland Guardians,Tampa Bay Rays,0,0,4.41,1,1,0,6.0,6,3,3,1,0,4,1.26
2025-09-02,Boston Red Sox,Cleveland Guardians,0,0,4.78,1,1,0,5.1,11,7,7,2,0,8,1.3
2025-09-08,Cleveland Guardians,Kansas City Royals,1,0,4.45,1,1,0,8.0,1,0,0,0,3,3,1.25
2025-09-14,Cleveland Guardians,Chicago White Sox,0,0,4.39,1,1,0,5.2,3,2,2,1,1,4,1.22
2025-09-20,Minnesota Twins,Cleveland Guardians,1,0,4.15,1,1,0,7.0,2,0,0,0,1,8,1.18
2025-09-26,Cleveland Guardians,Texas Rangers,0,1,4.3,1,1,0,4.0,5,4,4,1,1,3,1.19
