Date,Home Tm,Away Tm,W,L,ERA,G,GS,SV,IP,H,R,ER,HR,BB,SO,WHIP
2025-03-27,St. Louis Cardinals,Minnesota Twins,1,0,3.6,1,1,0,5.0,4,2,2,1,2,6,1.2
2025-04-02,St. Louis Cardinals,Los Angeles Angels,0,0,5.73,1,1,0,6.0,5,5,5,2,0,9,1.0
2025-04-08,Pittsburgh Pirates,St. Louis Cardinals,1,0,4.5,1,1,0,5.0,3,1,1,1,0,4,0.88
2025-04-14,St. Louis Cardinals,Houston Astros,1,0,3.13,1,1,0,7.0,3,0,0,0,1,4,0.78
2025-04-20,New York Mets,St. Louis Cardinals,0,0,3.41,1,1,0,6.0,6,3,3,1,1,6,0.86
2025-04-26,St. Louis Cardinals,Milwaukee Brewers,0,0,3.6,1,1,0,6.0,7,3,3,0,3,4,1.0
2025-05-02,St. Louis Cardinals,New York Mets,0,1,4.12,1,1,0,4.1,9,6,4,1,3,6,1.19
2025-05-07,St. Louis Cardinals,Pittsburgh Pirates,1,0,3.5,1,1,0,7.0,2,0,0,0,1,8,1.08
2025-05-14,Philadelphia Phillies,St. Louis Cardinals,0,0,4.5,1,1,0,3.2,8,7,7,3,1,4,1.18
2025-05-19,St. Louis Cardinals,Detroit Tigers,1,0,4.02,1,1,0,6.0,3,0,0,0,1,10,1.13
2025-05-25,St. Louis Cardinals,Arizona Diamondbacks,0,0,4.06,1,1,0,6.0,9,3,3,0,0,5,1.16
2025-05-31,Texas Rangers,St. Louis Cardinals,1,0,3.65,1,1,0,7.0,4,0,0,0,1,10,1.12
2025-06-06,St. Louis Cardinals,Los Angeles Dodgers,1,0,3.35,1,1,0,6.1,8,0,0,0,0,5,1.13
2025-06-12,Milwaukee Brewers,St. Louis Cardinals,0,1,3.84,1,1,0,4.1,8,6,6,1,1,4,1.18
2025-06-21,St. Louis Cardinals,Cincinnati Reds,0,0,3.72,1,1,0,5.0,5,1,1,0,2,5,1.19
2025-06-27,Cleveland Guardians,St. Louis Cardinals,1,0,3.36,1,1,0,9.0,1,0,0,0,0,11,1.09
2025-07-02,Pittsburgh Pirates,St. Louis Cardinals,0,1,3.51,1,1,0,6.1,5,4,4,0,1,6,1.08
2025-07-08,St. Louis Cardinals,Washington Nationals,1,0,3.51,1,1,0,5.0,5,2,2,0,1,6,1.09
2025-07-13,St. Louis Cardinals,Atlanta Braves,0,0,3.5,1,1,0,3.0,3,1,1,0,0,5,1.08
2025-07-19,Arizona Diamondbacks,St. Louis Cardinals,0,1,4.04,1,1,0,3.1,11,9,8,2,0,5,1.15
2025-07-24,St. Louis Cardinals,San Diego Padres,1,0,4.33,1,1,0,5.0,11,7,6,2,0,5,1.19
2025-07-29,St. Louis Cardinals,Miami Marlins,0,1,4.38,1,1,0,5.0,8,3,3,1,1,5,1.22
2025-08-04,Los Angeles Dodgers,St. Louis Cardinals,0,0,4.21,1,1,0,7.0,1,1,1,1,1,8,1.17
2025-08-10,St. Louis Cardinals,Chicago Cubs,1,0,4.06,1,1,0,7.0,5,2,1,1,1,7,1.15
2025-08-16,St. Louis Cardinals,New York Yankees,0,1,4.3,1,1,0,5.0,9,6,6,2,2,7,1.19
2025-08-21,Tampa Bay Rays,St. Louis Cardinals,1,0,4.33,1,1,0,5.0,6,3,3,1,1,6,1.2
2025-08-27,St. Louis Cardinals,Pittsburgh Pirates,0,1,4.19,1,1,0,7.0,3,2,1,0,3,7,1.18
2025-09-01,St. Louis Cardinals,Athletics,0,1,4.43,1,1,0,6.0,11,7,7,3,3,5,1.23
2025-09-07,St. Louis Cardinals,San Francisco Giants,1,0,4.45,1,1,0,5.1,2,3,3,0,4,6,1.22
2025-09-13,Milwaukee Brewers,St. Louis Cardinals,0,0,4.43,1,1,0,5.0,4,2,2,0,1,8,1.22
2025-09-19,St. Louis Cardinals,Milwaukee Brewers,1,0,4.33,1,1,0,6.0,9,1,1,1,0,7,1.23
2025-09-24,San Francisco Giants,St. Louis Cardinals,0,0,4.28,1,1,0,6.0,7,3,2,1,2,7,1.23
