Date,Home Tm,Away Tm,W,L,ERA,G,GS,SV,IP,H,R,ER,HR,BB,SO,WHIP
2025-04-16,Toronto Blue Jays,Atlanta Braves,0,1,3.6,1,1,0,5.0,5,2,2,1,1,5,1.2
2025-05-20,Washington Nationals,Atlanta Braves,0,1,5.79,1,1,0,4.1,6,4,4,1,1,3,1.39
2025-05-27,Philadelphia Phillies,Atlanta Braves,0,1,4.5,1,1,0,4.2,1,1,1,0,4,7,1.29
2025-06-03,Atlanta Braves,Arizona Diamondbacks,0,1,5.68,1,1,0,5.0,6,5,5,3,2,4,1.37
2025-06-08,San Francisco Giants,Atlanta Braves,0,1,5.4,1,1,0,6.0,3,4,3,0,3,5,1.28
2025-06-14,Atlanta Braves,Colorado Rockies,1,0,4.35,1,1,0,6.0,3,0,0,0,1,13,1.16
2025-06-19,Atlanta Braves,New York Mets,1,0,3.89,1,1,0,6.0,5,1,1,0,1,8,1.14
2025-06-24,New York Mets,Atlanta Braves,1,0,4.07,1,1,0,5.0,2,3,3,0,4,8,1.14
2025-06-29,Atlanta Braves,Philadelphia Phillies,0,1,3.86,1,1,0,7.0,5,2,2,0,3,4,1.14
2025-07-04,Atlanta Braves,Baltimore Orioles,0,1,3.93,1,1,0,6.0,7,3,3,2,1,6,1.16
2025-07-10,Athletics,Atlanta Braves,0,0,3.94,1,1,0,6.2,5,3,3,1,3,11,1.17
2025-07-18,Atlanta Braves,New York Yankees,1,0,3.59,1,1,0,6.0,3,0,0,0,3,8,1.15
2025-07-23,Atlanta Braves,San Francisco Giants,0,1,3.72,1,1,0,5.0,5,3,3,2,3,7,1.18
2025-07-28,Kansas City Royals,Atlanta Braves,1,0,3.71,1,1,0,5.0,7,2,2,0,2,3,1.22
2025-08-06,Atlanta Braves,Milwaukee Brewers,0,1,4.04,1,1,0,4.2,11,5,5,2,1,6,1.3
2025-08-12,New York Mets,Atlanta Braves,0,1,4.69,1,1,0,4.0,8,8,8,3,2,2,1.36
2025-08-18,Atlanta Braves,Chicago White Sox,0,1,5.24,1,1,0,3.0,10,7,7,2,1,2,1.43
2025-08-25,Miami Marlins,Atlanta Braves,0,1,4.95,1,1,0,7.0,3,1,1,0,2,3,1.38
2025-09-01,Chicago Cubs,Atlanta Braves,0,0,4.97,1,1,0,5.0,5,3,3,1,3,1,1.39
2025-09-09,Atlanta Braves,Chicago Cubs,0,1,4.86,1,1,0,6.0,6,2,2,0,3,8,1.4
2025-09-15,Washington Nationals,Atlanta Braves,1,0,4.64,1,1,0,7.0,4,1,1,1,2,6,1.36
2025-09-21,Detroit Tigers,Atlanta Braves,1,0,4.45,1,1,0,5.0,6,0,0,0,3,6,1.38
2025-09-27,Atlanta Braves,Pittsburgh Pirates,0,1,4.45,1,1,0,6.0,8,3,3,1,2,5,1.4
