Date,Home Tm,Away Tm,W,L,ERA,G,GS,SV,IP,H,R,ER,HR,BB,SO,WHIP
2025-03-29,Houston Astros,New York Mets,1,0,1.5,1,1,0,6.0,1,1,1,0,2,5,0.5
2025-04-05,Minnesota Twins,Houston Astros,0,1,5.59,1,1,0,3.2,3,5,5,1,3,3,0.93
2025-08-06,Miami Marlins,Houston Astros,0,1,7.43,1,1,0,3.2,11,5,5,1,1,5,1.58
2025-08-12,Houston Astros,Boston Red Sox,0,1,6.38,1,1,0,5.0,1,2,2,0,5,3,1.47
2025-08-18,Detroit Tigers,Houston Astros,0,1,6.94,1,1,0,5.0,7,5,5,2,4,5,1.63
2025-08-24,Baltimore Orioles,Houston Astros,0,1,6.21,1,1,0,5.2,6,2,2,1,0,2,1.52
2025-08-30,Houston Astros,Los Angeles Angels,0,0,5.35,1,1,0,6.1,1,1,1,1,5,8,1.42
