Date,Home Tm,Away Tm,W,L,ERA,G,GS,SV,IP,H,R,ER,HR,BB,SO,WHIP
2025-03-29,San Diego Padres,Atlanta Braves,0,0,0.0,1,1,0,6.0,1,0,0,0,1,4,0.33
2025-04-04,Atlanta Braves,Miami Marlins,1,0,0.0,1,1,0,8.0,2,0,0,0,0,10,0.29
2025-04-10,Atlanta Braves,Philadelphia Phillies,0,0,0.45,1,1,0,6.0,7,1,1,1,2,5,0.65
2025-04-15,Toronto Blue Jays,Atlanta Braves,0,1,2.55,1,1,0,4.2,6,6,6,2,2,3,0.85
2025-04-21,Atlanta Braves,St. Louis Cardinals,0,0,2.56,1,1,0,7.0,8,3,2,0,0,5,0.92
2025-04-27,Arizona Diamondbacks,Atlanta Braves,0,1,2.87,1,1,0,6.0,7,4,3,1,1,6,0.98
2025-05-03,Atlanta Braves,Los Angeles Dodgers,0,1,3.92,1,1,0,3.2,8,6,6,1,1,4,1.11
2025-05-08,Atlanta Braves,Cincinnati Reds,0,0,3.42,1,1,0,6.0,4,1,0,0,2,6,1.1
2025-05-13,Atlanta Braves,Washington Nationals,1,0,3.31,1,1,0,7.0,4,2,2,1,2,3,1.07
2025-05-18,Boston Red Sox,Atlanta Braves,1,0,3.52,1,1,0,7.0,6,4,4,1,1,3,1.06
2025-05-25,Atlanta Braves,San Diego Padres,0,1,3.42,1,1,0,7.0,7,4,2,2,0,11,1.05
2025-05-31,Atlanta Braves,Boston Red Sox,1,0,3.13,1,1,0,6.1,5,0,0,0,0,11,1.03
2025-06-06,San Francisco Giants,Atlanta Braves,0,0,3.24,1,1,0,6.0,6,4,3,0,2,4,1.05
2025-06-11,Milwaukee Brewers,Atlanta Braves,1,0,3.11,1,1,0,9.0,5,2,2,1,0,9,1.0
2025-06-17,Atlanta Braves,New York Mets,0,0,3.26,1,1,0,7.0,6,4,4,2,2,8,1.01
2025-06-23,New York Mets,Atlanta Braves,1,0,3.21,1,1,0,7.0,4,2,2,1,1,4,0.99
2025-06-28,Atlanta Braves,Philadelphia Phillies,1,0,3.09,1,1,0,7.0,3,1,1,0,1,12,0.97
