Date,Home Tm,Away Tm,W,L,ERA,G,GS,SV,IP,H,R,ER,HR,BB,SO,WHIP
2025-05-04,Pittsburgh Pirates,San Diego Padres,1,0,0.0,1,1,0,5.1,4,0,0,0,2,4,1.13
2025-05-10,Colorado Rockies,San Diego Padres,1,0,0.0,1,1,0,9.0,5,0,0,0,2,7,0.91
2025-05-16,San Diego Padres,Seattle Mariners,0,1,2.33,1,1,0,5.0,8,5,5,3,1,4,1.14
2025-05-22,Toronto Blue Jays,San Diego Padres,0,0,2.84,1,1,0,6.0,7,4,3,0,3,6,1.26
2025-05-27,San Diego Padres,Miami Marlins,1,0,4.11,1,1,0,5.1,6,6,6,0,2,3,1.3
2025-06-02,San Francisco Giants,San Diego Padres,0,0,3.47,1,1,0,5.2,3,0,0,0,2,3,1.24
2025-06-07,Milwaukee Brewers,San Diego Padres,0,0,3.0,1,1,0,5.2,3,0,0,0,4,2,1.24
2025-06-13,Arizona Diamondbacks,San Diego Padres,0,1,3.5,1,1,0,4.1,7,5,4,2,2,5,1.32
2025-06-18,Los Angeles Dodgers,San Diego Padres,0,0,3.59,1,1,0,6.1,6,3,3,0,1,3,1.29
2025-06-23,San Diego Padres,Washington Nationals,0,1,3.95,1,1,0,4.1,5,5,4,0,1,5,1.3
2025-06-29,Cincinnati Reds,San Diego Padres,0,0,3.73,1,1,0,5.2,3,1,1,0,1,5,1.24
2025-07-05,San Diego Padres,Texas Rangers,0,1,4.24,1,1,0,5.1,9,6,6,2,1,2,1.29
2025-07-22,Miami Marlins,San Diego Padres,0,1,4.28,1,1,0,5.2,8,3,3,0,1,5,1.32
2025-07-27,St. Louis Cardinals,San Diego Padres,1,0,4.18,1,1,0,6.0,4,2,2,1,3,2,1.31
2025-08-30,Kansas City Royals,Detroit Tigers,0,0,3.99,1,1,0,6.0,4,1,1,0,0,3,1.26
2025-09-06,Kansas City Royals,Minnesota Twins,1,0,3.88,1,1,0,7.0,6,2,2,0,1,4,1.24
2025-09-11,Cleveland Guardians,Kansas City Royals,0,0,3.71,1,1,0,6.2,3,1,1,0,1,4,1.2
2025-09-18,Kansas City Royals,Seattle Mariners,0,1,3.54,1,1,0,7.1,2,2,1,0,1,8,1.14
2025-09-24,Los Angeles Angels,Kansas City Royals,0,1,3.51,1,1,0,6.0,5,3,2,1,2,2,1.14
