Date,Home Tm,Away Tm,W,L,ERA,G,GS,SV,IP,H,R,ER,HR,BB,SO,WHIP
2025-03-30,St. Louis Cardinals,Minnesota Twins,0,0,0.0,1,0,1,4.0,1,0,0,0,0,2,0.25
2025-04-04,Boston Red Sox,St. Louis Cardinals,0,0,2.57,1,0,0,3.0,4,2,2,0,1,1,0.86
2025-04-08,Pittsburgh Pirates,St. Louis Cardinals,0,0,2.16,1,0,0,1.1,0,0,0,0,0,1,0.72
2025-04-09,Pittsburgh Pirates,St. Louis Cardinals,0,0,1.93,1,0,0,1.0,1,1,0,0,0,1,0.75
2025-04-12,St. Louis Cardinals,Philadelphia Phillies,0,0,2.31,1,0,0,2.1,5,1,1,0,1,1,1.11
2025-04-16,St. Louis Cardinals,Houston Astros,1,0,2.16,1,1,0,5.0,2,1,1,0,0,5,0.9
2025-04-22,Atlanta Braves,St. Louis Cardinals,1,0,1.86,1,0,0,2.2,1,0,0,0,1,2,0.88
2025-04-26,St. Louis Cardinals,Milwaukee Brewers,0,0,1.8,1,0,0,0.2,1,0,0,0,0,1,0.9
2025-04-30,Cincinnati Reds,St. Louis Cardinals,0,0,1.5,1,1,0,4.0,5,0,0,0,0,6,0.96
2025-05-06,St. Louis Cardinals,Pittsburgh Pirates,0,0,1.44,1,0,0,1.0,1,0,0,0,0,1,0.96
2025-05-11,Washington Nationals,St. Louis Cardinals,0,0,1.35,1,0,0,1.2,0,0,0,0,0,1,0.9
2025-05-14,Philadelphia Phillies,St. Louis Cardinals,0,1,1.91,1,0,0,1.2,4,2,2,0,0,1,0.99
2025-05-20,St. Louis Cardinals,Detroit Tigers,0,0,1.74,1,0,0,2.2,0,0,0,0,0,2,0.9
2025-05-24,St. Louis Cardinals,Arizona Diamondbacks,0,0,1.99,1,0,0,0.2,2,1,1,0,0,1,0.95
2025-05-27,Baltimore Orioles,St. Louis Cardinals,1,0,1.91,1,0,0,1.1,1,0,0,0,0,1,0.94
2025-06-01,Texas Rangers,St. Louis Cardinals,0,0,2.16,1,0,0,0.1,2,3,1,0,0,0,0.99
2025-06-03,St. Louis Cardinals,Kansas City Royals,0,1,2.6,1,0,0,1.1,3,2,2,0,0,2,1.04
2025-06-06,St. Louis Cardinals,Los Angeles Dodgers,0,0,2.52,1,0,0,1.0,0,0,0,0,0,2,1.01
2025-06-07,St. Louis Cardinals,Los Angeles Dodgers,0,0,2.41,1,0,0,1.2,2,0,0,0,0,1,1.02
2025-06-13,Milwaukee Brewers,St. Louis Cardinals,0,0,2.31,1,0,0,1.2,1,0,0,0,0,2,1.0
2025-06-19,Chicago White Sox,St. Louis Cardinals,0,0,2.66,1,0,0,1.2,3,2,2,1,1,4,1.06
2025-06-21,St. Louis Cardinals,Cincinnati Reds,0,0,3.19,1,0,0,1.2,2,3,3,1,2,1,1.11
2025-06-24,St. Louis Cardinals,Chicago Cubs,1,0,3.5,1,0,0,1.1,2,2,2,1,0,1,1.12
2025-06-28,Cleveland Guardians,St. Louis Cardinals,0,0,3.38,1,0,0,1.2,1,0,0,0,0,0,1.1
2025-07-05,Chicago Cubs,St. Louis Cardinals,1,0,3.45,1,0,0,1.2,1,1,1,1,2,3,1.13
2025-07-08,St. Louis Cardinals,Washington Nationals,0,0,3.38,1,0,0,1.0,1,0,0,0,1,0,1.15
2025-07-10,St. Louis Cardinals,Washington Nationals,0,0,3.28,1,0,0,1.1,0,0,0,0,0,0,1.11
2025-07-13,St. Louis Cardinals,Atlanta Braves,0,0,3.35,1,0,0,1.2,3,2,1,0,0,2,1.14
2025-07-20,Arizona Diamondbacks,St. Louis Cardinals,0,0,3.29,1,0,0,1.0,1,0,0,0,0,1,1.13
2025-07-25,St. Louis Cardinals,San Diego Padres,0,0,3.23,1,0,0,1.0,2,0,0,0,0,0,1.15
2025-07-28,St. Louis Cardinals,Miami Marlins,0,0,3.17,1,0,0,1.0,1,0,0,0,0,1,1.15
2025-07-29,St. Louis Cardinals,Miami Marlins,0,0,3.44,1,0,0,1.0,3,2,2,0,0,0,1.18
2025-08-02,Boston Red Sox,Houston Astros,0,0,3.38,1,0,0,1.0,0,0,0,0,1,1,1.18
2025-08-04,Boston Red Sox,Kansas City Royals,0,0,3.32,1,0,0,1.0,0,0,0,0,1,1,1.18
2025-08-09,San Diego Padres,Boston Red Sox,0,0,3.22,1,0,0,1.2,1,0,0,0,0,1,1.16
2025-08-13,Houston Astros,Boston Red Sox,0,0,3.17,1,0,0,1.0,0,0,0,0,0,0,1.14
2025-08-16,Boston Red Sox,Miami Marlins,0,0,3.12,1,0,0,1.0,0,0,0,0,0,0,1.12
2025-08-17,Boston Red Sox,Miami Marlins,0,0,3.23,1,0,0,0.2,1,1,1,1,0,0,1.13
2025-08-19,Boston Red Sox,Baltimore Orioles,0,0,3.16,1,0,0,1.1,0,0,0,0,0,2,1.1
2025-08-21,New York Yankees,Boston Red Sox,0,0,3.13,1,0,0,0.2,1,0,0,0,0,1,1.11
2025-08-25,Baltimore Orioles,Boston Red Sox,0,0,3.03,1,0,0,2.0,2,0,0,0,0,2,1.1
2025-08-28,Baltimore Orioles,Boston Red Sox,0,0,2.98,1,0,1,1.0,1,0,0,0,0,0,1.1
2025-08-30,Boston Red Sox,Pittsburgh Pirates,0,0,2.94,1,0,0,1.0,0,0,0,0,0,0,1.08
2025-09-01,Boston Red Sox,Cleveland Guardians,0,0,3.0,1,0,0,1.2,2,1,1,1,0,1,1.09
2025-09-03,Boston Red Sox,Cleveland Guardians,0,0,3.09,1,0,0,1.0,2,2,1,0,0,0,1.1
2025-09-09,Athletics,Boston Red Sox,0,0,3.04,1,0,0,1.0,1,0,0,0,0,0,1.1
2025-09-10,Athletics,Boston Red Sox,0,0,3.01,1,0,0,0.2,1,0,0,0,0,0,1.1
2025-09-14,Boston Red Sox,New York Yankees,0,0,3.1,1,0,0,1.0,1,1,1,1,0,0,1.1
2025-09-16,Boston Red Sox,Athletics,0,0,3.05,1,0,0,1.0,1,0,0,0,0,0,1.1
2025-09-17,Boston Red Sox,Athletics,0,0,3.03,1,0,0,0.2,1,0,0,0,0,1,1.1
2025-09-21,Tampa Bay Rays,Boston Red Sox,0,0,3.11,1,0,0,1.0,1,1,1,1,0,1,1.1
2025-09-26,Boston Red Sox,Detroit Tigers,0,0,3.07,1,0,0,1.0,1,0,0,0,0,1,1.1
2025-09-28,Boston Red Sox,Detroit Tigers,0,0,3.05,1,0,0,0.1,0,0,0,0,0,0,1.1
