Date,Home Tm,Away Tm,W,L,ERA,G,GS,SV,IP,H,R,ER,HR,BB,SO,WHIP
2025-03-28,Houston Astros,New York Mets,0,0,0.0,1,0,0,1.0,0,0,0,0,0,2,0.0
2025-04-01,Houston Astros,San Francisco Giants,0,0,0.0,1,0,0,1.2,1,0,0,0,0,2,0.38
2025-04-05,Minnesota Twins,Houston Astros,0,0,0.0,1,0,0,1.0,0,0,0,0,0,3,0.27
2025-04-08,Seattle Mariners,Houston Astros,0,0,0.0,1,0,1,1.0,0,0,0,0,0,2,0.21
2025-04-09,Seattle Mariners,Houston Astros,0,0,1.59,1,0,0,1.0,1,1,1,1,0,1,0.35
2025-04-12,Houston Astros,Los Angeles Angels,0,0,1.17,1,0,0,2.0,1,0,0,0,0,1,0.39
2025-04-16,St. Louis Cardinals,Houston Astros,0,0,1.0,1,0,0,1.1,0,0,0,0,0,1,0.33
2025-04-18,Houston Astros,San Diego Padres,0,0,0.9,1,0,0,1.0,1,0,0,0,0,2,0.4
2025-04-20,Houston Astros,San Diego Padres,0,0,0.82,1,0,0,1.0,1,0,0,0,0,1,0.45
2025-04-25,Kansas City Royals,Houston Astros,0,0,0.75,1,0,0,1.0,0,0,0,0,0,0,0.42
2025-04-27,Kansas City Royals,Houston Astros,0,0,0.69,1,0,0,1.0,0,0,0,0,0,0,0.38
2025-04-28,Houston Astros,Detroit Tigers,1,0,0.64,1,0,0,1.0,0,0,0,0,0,1,0.36
2025-04-30,Houston Astros,Detroit Tigers,0,0,0.6,1,0,0,1.0,0,0,0,0,0,1,0.33
2025-05-04,Chicago White Sox,Houston Astros,0,1,1.69,1,0,0,1.0,2,2,2,0,1,1,0.5
2025-05-06,Milwaukee Brewers,Houston Astros,0,0,1.5,1,0,0,2.0,0,0,0,0,1,3,0.5
2025-05-10,Houston Astros,Cincinnati Reds,0,0,1.35,1,0,0,2.0,1,0,0,0,1,3,0.55
2025-05-12,Houston Astros,Kansas City Royals,0,0,1.23,1,0,0,2.0,1,0,0,0,0,0,0.55
2025-05-20,Tampa Bay Rays,Houston Astros,0,0,2.01,1,0,0,0.1,2,2,2,0,0,0,0.63
2025-05-21,Tampa Bay Rays,Houston Astros,0,0,1.99,1,0,0,0.1,0,0,0,0,0,0,0.62
2025-05-22,Houston Astros,Seattle Mariners,0,0,1.9,1,0,0,1.0,0,0,0,0,0,3,0.59
2025-05-27,Houston Astros,Athletics,0,0,1.82,1,0,0,1.0,0,0,0,0,0,1,0.57
2025-05-29,Houston Astros,Tampa Bay Rays,0,0,1.75,1,0,0,1.0,0,0,0,0,0,2,0.55
2025-05-31,Houston Astros,Tampa Bay Rays,0,0,2.05,1,0,0,0.2,1,1,1,1,0,2,0.57
2025-06-04,Pittsburgh Pirates,Houston Astros,0,0,1.93,1,0,0,1.2,0,0,0,0,0,1,0.54
2025-06-07,Cleveland Guardians,Houston Astros,0,0,2.2,1,0,0,0.2,0,1,1,0,1,2,0.56
2025-06-08,Cleveland Guardians,Houston Astros,0,1,2.43,1,0,0,1.0,2,2,1,0,1,2,0.64
2025-06-11,Houston Astros,Chicago White Sox,0,0,2.27,1,0,0,2.0,0,0,0,0,0,4,0.6
2025-06-13,Houston Astros,Minnesota Twins,0,0,2.48,1,0,0,1.0,2,1,1,1,0,0,0.64
2025-06-16,Athletics,Houston Astros,0,0,2.41,1,0,0,1.0,0,0,0,0,0,1,0.62
2025-06-19,Athletics,Houston Astros,0,0,2.6,1,0,0,1.0,1,1,1,1,1,2,0.66
2025-06-25,Houston Astros,Philadelphia Phillies,0,0,2.52,1,0,0,1.0,0,0,0,0,0,3,0.64
2025-06-27,Houston Astros,Chicago Cubs,0,0,2.48,1,0,0,0.2,0,0,0,0,0,1,0.63
2025-06-28,Houston Astros,Chicago Cubs,0,0,2.43,1,0,0,0.2,1,0,0,0,0,0,0.65
2025-07-01,Colorado Rockies,Houston Astros,0,0,2.41,1,0,0,0.1,0,0,0,0,0,0,0.64
2025-07-02,Colorado Rockies,Houston Astros,0,0,2.35,1,0,0,1.0,1,0,0,0,0,1,0.65
2025-07-07,Houston Astros,Cleveland Guardians,0,0,2.5,1,0,0,1.1,1,1,1,0,1,0,0.68
2025-07-08,Houston Astros,Cleveland Guardians,0,0,2.43,1,0,0,1.0,0,0,0,0,0,0,0.66
2025-07-11,Houston Astros,Texas Rangers,0,0,2.4,1,0,0,0.2,1,0,0,0,0,1,0.68
2025-07-13,Houston Astros,Texas Rangers,0,0,2.32,1,0,0,1.1,1,0,0,0,0,0,0.68
2025-07-18,Seattle Mariners,Houston Astros,0,0,2.72,1,0,0,0.1,1,2,2,0,1,0,0.72
2025-07-19,Seattle Mariners,Houston Astros,0,0,2.64,1,0,0,1.1,0,0,0,0,0,3,0.7
2025-07-21,Arizona Diamondbacks,Houston Astros,0,0,2.58,1,0,0,1.0,1,0,0,0,2,0,0.75
2025-07-24,Houston Astros,Athletics,0,0,2.53,1,0,0,1.0,0,0,0,0,1,0,0.76
2025-07-27,Houston Astros,Athletics,0,0,3.04,1,0,0,1.0,5,3,3,0,0,1,0.85
2025-07-30,Houston Astros,Washington Nationals,0,0,2.98,1,0,0,1.0,0,0,0,0,0,2,0.83
2025-08-02,Boston Red Sox,Houston Astros,0,0,2.9,1,0,0,1.1,0,0,0,0,0,3,0.81
2025-08-05,Miami Marlins,Houston Astros,0,0,2.98,1,1,0,1.2,1,1,1,0,0,2,0.8
2025-08-11,Houston Astros,Boston Red Sox,0,0,3.1,1,0,0,1.0,3,1,1,1,0,0,0.84
2025-08-12,Houston Astros,Boston Red Sox,0,0,3.23,1,0,0,0.2,1,1,1,0,0,0,0.85
2025-08-16,Houston Astros,Baltimore Orioles,0,0,3.17,1,0,0,1.0,0,0,0,0,1,2,0.85
2025-08-17,Houston Astros,Baltimore Orioles,0,0,3.05,1,0,0,2.0,0,0,0,0,0,1,0.82
2025-08-21,Baltimore Orioles,Houston Astros,0,0,2.97,1,0,0,1.2,0,0,0,0,0,2,0.8
2025-08-22,Baltimore Orioles,Houston Astros,1,0,2.95,1,0,0,0.1,0,0,0,0,0,1,0.79
2025-08-26,Houston Astros,Colorado Rockies,0,0,2.88,1,0,0,1.1,0,0,0,0,0,1,0.78
2025-08-28,Houston Astros,Colorado Rockies,0,0,2.87,1,0,0,0.1,0,0,0,0,2,0,0.8
2025-08-30,Houston Astros,Los Angeles Angels,0,0,2.83,1,0,0,0.2,1,0,0,0,0,2,0.81
2025-09-02,Houston Astros,New York Yankees,0,0,2.93,1,0,0,1.0,1,1,1,1,1,1,0.83
2025-09-03,Houston Astros,New York Yankees,0,0,3.03,1,0,0,1.0,2,1,1,0,0,2,0.85
2025-09-05,Texas Rangers,Houston Astros,0,0,2.97,1,0,0,1.1,0,0,0,0,0,2,0.83
2025-09-09,Toronto Blue Jays,Houston Astros,0,0,2.92,1,0,0,1.0,1,0,0,0,0,1,0.84
2025-09-10,Toronto Blue Jays,Houston Astros,0,0,3.18,1,0,0,0.1,3,2,2,0,0,1,0.88
2025-09-14,Atlanta Braves,Houston Astros,0,0,3.27,1,0,0,1.0,1,1,1,0,1,1,0.89
2025-09-15,Houston Astros,Texas Rangers,1,0,3.21,1,0,0,1.1,0,0,0,0,0,3,0.88
2025-09-17,Houston Astros,Texas Rangers,0,0,3.18,1,0,0,0.2,1,0,0,0,2,0,0.91
2025-09-20,Houston Astros,Seattle Mariners,0,0,3.13,1,0,0,1.0,0,0,0,0,0,1,0.9
2025-09-23,Athletics,Houston Astros,0,0,3.09,1,0,0,1.0,1,0,0,0,0,1,0.9
2025-09-24,Athletics,Houston Astros,0,0,3.04,1,0,0,1.0,0,0,0,0,0,1,0.89
2025-09-26,Los Angeles Angels,Houston Astros,0,0,3.01,1,0,0,0.2,0,0,0,0,1,0,0.89
