Date,Home Tm,Away Tm,W,L,ERA,G,GS,SV,IP,H,R,ER,HR,BB,SO,WHIP
2025-04-03,Philadelphia Phillies,Colorado Rockies,1,0,0.0,1,1,0,6.0,3,0,0,0,1,4,0.67
2025-04-09,Atlanta Braves,Philadelphia Phillies,0,0,0.0,1,1,0,4.2,5,0,0,0,3,5,1.13
2025-04-14,Philadelphia Phillies,San Francisco Giants,0,1,2.3,1,1,0,5.0,6,6,4,2,1,5,1.21
2025-04-19,Philadelphia Phillies,Miami Marlins,0,0,2.29,1,1,0,4.0,1,1,1,0,3,2,1.17
2025-04-25,Chicago Cubs,Philadelphia Phillies,0,1,2.78,1,1,0,3.0,6,2,2,0,2,4,1.37
2025-05-01,Philadelphia Phillies,Washington Nationals,0,1,2.54,1,1,0,5.2,4,4,1,0,3,2,1.34
2025-05-07,Tampa Bay Rays,Philadelphia Phillies,0,0,2.3,1,0,1,3.0,1,0,0,0,0,7,1.24
2025-05-14,Philadelphia Phillies,St. Louis Cardinals,0,0,2.62,1,0,0,3.0,3,3,2,0,1,2,1.25
2025-05-21,Colorado Rockies,Philadelphia Phillies,1,0,2.97,1,1,0,5.0,6,3,3,1,2,2,1.3
2025-05-30,Philadelphia Phillies,Milwaukee Brewers,0,1,3.53,1,1,0,4.0,7,4,4,0,1,6,1.36
2025-06-05,Toronto Blue Jays,Philadelphia Phillies,0,0,3.45,1,0,0,1.0,0,0,0,0,0,1,1.33
2025-06-07,Pittsburgh Pirates,Philadelphia Phillies,0,0,3.38,1,0,0,1.0,0,0,0,0,2,0,1.35
2025-06-10,Philadelphia Phillies,Chicago Cubs,0,1,3.69,1,0,0,1.0,2,2,2,1,0,1,1.36
2025-06-13,Philadelphia Phillies,Toronto Blue Jays,0,0,3.61,1,0,0,1.0,1,0,0,0,0,1,1.35
2025-06-16,Miami Marlins,Philadelphia Phillies,0,0,3.54,1,0,0,1.0,0,0,0,0,0,1,1.32
2025-06-20,Philadelphia Phillies,New York Mets,0,0,3.88,1,0,0,0.1,3,2,2,2,0,0,1.38
2025-06-21,Philadelphia Phillies,New York Mets,0,0,3.99,1,0,0,1.0,1,1,1,1,0,1,1.37
2025-06-27,Atlanta Braves,Philadelphia Phillies,1,0,3.83,1,0,0,2.0,1,0,0,0,2,1,1.37
2025-07-02,Philadelphia Phillies,San Diego Padres,0,0,3.64,1,0,0,2.2,0,0,0,0,1,1,1.33
2025-07-08,San Francisco Giants,Philadelphia Phillies,0,0,3.55,1,1,0,4.0,2,1,1,0,2,3,1.3
2025-07-19,Philadelphia Phillies,Los Angeles Angels,0,0,3.75,1,1,0,4.0,9,3,3,2,1,4,1.38
2025-07-25,New York Yankees,Philadelphia Phillies,0,0,3.84,1,1,0,5.2,6,3,3,3,0,3,1.35
2025-07-30,Chicago White Sox,Philadelphia Phillies,0,0,3.82,1,1,0,5.0,7,2,2,2,0,0,1.36
2025-08-05,Philadelphia Phillies,Baltimore Orioles,1,0,3.53,1,1,0,6.0,4,0,0,0,0,4,1.3
2025-08-11,Cincinnati Reds,Philadelphia Phillies,0,0,3.39,1,1,0,6.0,6,1,1,0,1,2,1.29
2025-08-16,Washington Nationals,Philadelphia Phillies,0,1,3.34,1,1,0,6.2,6,2,2,0,2,3,1.29
2025-08-22,Philadelphia Phillies,Washington Nationals,0,0,3.44,1,1,0,5.0,3,3,3,1,3,5,1.28
2025-08-27,New York Mets,Philadelphia Phillies,0,1,3.63,1,1,0,5.0,10,4,4,0,1,3,1.33
2025-09-01,Milwaukee Brewers,Philadelphia Phillies,0,0,3.92,1,1,0,4.0,7,5,5,2,2,2,1.36
2025-09-07,Miami Marlins,Philadelphia Phillies,0,1,4.03,1,1,0,6.0,8,4,4,1,2,1,1.38
2025-09-13,Philadelphia Phillies,Kansas City Royals,1,0,4.17,1,1,0,5.0,7,4,4,2,1,3,1.39
2025-09-19,Arizona Diamondbacks,Philadelphia Phillies,0,0,4.18,1,1,0,4.0,5,2,2,1,1,2,1.39
2025-09-25,Philadelphia Phillies,Miami Marlins,0,0,4.11,1,0,0,2.0,1,0,0,0,2,3,1.39
2025-09-28,Philadelphia Phillies,Minnesota Twins,0,0,4.08,1,0,0,1.0,1,0,0,0,2,2,1.41
