Date,Home Tm,Away Tm,W,L,ERA,G,GS,SV,IP,H,R,ER,HR,BB,SO,WHIP
2025-03-30,Tampa Bay Rays,Colorado Rockies,1,0,3.0,1,1,0,6.0,5,2,2,0,0,7,0.83
2025-04-05,Texas Rangers,Tampa Bay Rays,0,0,4.91,1,1,0,5.0,2,4,4,2,4,7,1.0
2025-04-11,Tampa Bay Rays,Atlanta Braves,1,0,3.71,1,1,0,6.0,5,1,1,0,2,7,1.06
2025-04-17,Tampa Bay Rays,New York Yankees,0,1,5.24,1,1,0,5.1,9,6,6,1,4,3,1.39
2025-04-23,Arizona Diamondbacks,Tampa Bay Rays,0,0,5.08,1,1,0,6.0,6,3,3,1,2,3,1.38
2025-04-29,Tampa Bay Rays,Kansas City Royals,0,1,4.58,1,1,0,7.0,5,2,2,0,3,2,1.33
2025-05-04,New York Yankees,Tampa Bay Rays,1,0,4.43,1,1,0,5.1,4,2,2,1,3,1,1.33
2025-05-10,Tampa Bay Rays,Milwaukee Brewers,0,0,4.24,1,1,0,6.0,4,2,2,2,1,5,1.26
2025-05-16,Miami Marlins,Tampa Bay Rays,0,1,4.8,1,1,0,4.0,6,5,5,0,3,6,1.34
2025-05-21,Tampa Bay Rays,Houston Astros,1,0,4.61,1,1,0,6.0,4,2,2,1,2,7,1.31
2025-05-27,Tampa Bay Rays,Minnesota Twins,0,1,4.38,1,1,0,7.0,5,3,2,1,1,6,1.26
2025-06-01,Houston Astros,Tampa Bay Rays,0,1,3.95,1,1,0,7.0,3,1,0,0,2,10,1.2
2025-06-07,Tampa Bay Rays,Miami Marlins,0,0,4.58,1,1,0,4.0,6,7,7,1,2,2,1.25
2025-06-13,New York Mets,Tampa Bay Rays,0,0,4.35,1,1,0,4.0,4,5,0,0,4,5,1.28
2025-06-18,Tampa Bay Rays,Baltimore Orioles,0,0,4.95,1,1,0,1.1,6,7,6,2,1,2,1.35
2025-06-24,Kansas City Royals,Tampa Bay Rays,1,0,4.57,1,1,0,6.2,2,0,0,0,1,4,1.28
2025-06-29,Baltimore Orioles,Tampa Bay Rays,0,1,4.79,1,1,0,5.1,8,5,5,0,1,2,1.3
2025-07-05,Minnesota Twins,Tampa Bay Rays,0,0,4.79,1,1,0,5.2,6,3,3,0,1,5,1.3
2025-07-10,Boston Red Sox,Tampa Bay Rays,0,0,4.6,1,1,0,6.0,2,1,1,0,3,5,1.27
2025-07-18,Tampa Bay Rays,Baltimore Orioles,1,0,4.35,1,1,0,6.0,3,0,0,0,1,6,1.24
2025-07-23,Tampa Bay Rays,Chicago White Sox,0,0,4.61,1,1,0,1.2,4,4,4,1,3,0,1.28
2025-08-24,Chicago White Sox,Minnesota Twins,0,1,4.95,1,1,0,5.0,9,7,7,1,1,1,1.32
2025-08-30,Minnesota Twins,San Diego Padres,0,0,4.82,1,1,0,5.0,1,1,1,1,3,6,1.29
2025-09-04,Minnesota Twins,Chicago White Sox,0,0,4.92,1,1,0,5.0,8,4,4,0,1,7,1.31
2025-09-10,Los Angeles Angels,Minnesota Twins,0,0,4.88,1,1,0,6.1,4,3,3,1,2,5,1.3
2025-09-17,Minnesota Twins,New York Yankees,0,1,5.2,1,1,0,4.0,8,7,7,2,3,4,1.34
2025-09-24,Texas Rangers,Minnesota Twins,0,0,5.05,1,1,0,6.0,2,1,1,1,2,9,1.31
