Date,Home Tm,Away Tm,W,L,ERA,G,GS,SV,IP,H,R,ER,HR,BB,SO,WHIP
2025-05-08,Colorado Rockies,Detroit Tigers,0,1,5.68,1,1,0,6.1,9,7,4,0,1,4,1.58
2025-05-23,Colorado Rockies,New York Yankees,1,0,4.38,1,1,0,6.0,5,2,2,1,2,5,1.38
2025-05-28,Chicago Cubs,Colorado Rockies,0,1,4.24,1,1,0,4.2,6,2,2,1,0,1,1.35
2025-07-23,Colorado Rockies,St. Louis Cardinals,1,0,3.13,1,1,0,6.0,4,0,0,0,3,3,1.3
2025-07-29,Cleveland Guardians,Colorado Rockies,0,1,4.85,1,1,0,3.0,8,7,6,1,2,2,1.54
2025-08-04,Colorado Rockies,Toronto Blue Jays,0,1,6.59,1,1,0,2.2,11,7,7,1,0,1,1.78
2025-08-10,Arizona Diamondbacks,Colorado Rockies,0,1,8.37,1,1,0,4.2,12,10,10,1,0,6,1.89
2025-08-15,Colorado Rockies,Arizona Diamondbacks,1,0,7.98,1,1,0,5.0,5,3,3,0,1,2,1.8
2025-08-20,Colorado Rockies,Los Angeles Dodgers,1,0,7.11,1,1,0,6.0,4,1,1,1,1,3,1.67
2025-08-26,Houston Astros,Colorado Rockies,1,0,6.44,1,1,0,6.0,6,1,1,1,3,5,1.65
2025-08-31,Colorado Rockies,Chicago Cubs,0,0,6.07,1,1,0,6.0,5,2,2,0,1,9,1.58
2025-09-07,Colorado Rockies,San Diego Padres,0,1,6.6,1,1,0,3.2,6,6,6,3,1,5,1.6
2025-09-12,San Diego Padres,Colorado Rockies,1,0,6.14,1,1,0,6.0,2,1,1,1,1,9,1.5
2025-09-18,Colorado Rockies,Miami Marlins,0,1,6.0,1,1,0,6.0,5,4,3,2,1,4,1.46
2025-09-24,Seattle Mariners,Colorado Rockies,0,1,6.33,1,1,0,3.1,8,7,5,3,0,3,1.5
