Date,Home Tm,Away Tm,W,L,ERA,G,GS,SV,IP,H,R,ER,HR,BB,SO,WHIP
2025-03-28,Texas Rangers,Boston Red Sox,0,1,6.35,1,1,0,5.2,7,4,4,2,3,2,1.76
2025-04-03,Baltimore Orioles,Boston Red Sox,0,0,6.52,1,1,0,4.0,5,3,3,1,2,6,1.76
2025-04-09,Boston Red Sox,Toronto Blue Jays,0,0,4.41,1,1,0,6.2,5,1,1,0,2,2,1.47
2025-04-14,Tampa Bay Rays,Boston Red Sox,0,1,9.16,1,1,0,2.1,10,12,11,2,2,1,1.93
2025-04-20,Boston Red Sox,Chicago White Sox,0,0,7.66,1,1,0,6.0,3,2,2,1,2,7,1.66
2025-04-26,Cleveland Guardians,Boston Red Sox,0,0,7.58,1,1,0,5.0,8,4,4,0,1,6,1.69
2025-05-01,Toronto Blue Jays,Boston Red Sox,0,0,6.38,1,1,0,7.0,4,1,1,1,0,6,1.47
2025-05-07,Boston Red Sox,Texas Rangers,0,0,6.1,1,1,0,4.2,6,3,2,1,2,2,1.5
2025-05-12,Detroit Tigers,Boston Red Sox,0,1,8.04,1,1,0,2.1,9,11,11,2,3,0,1.69
