Date,Home Tm,Away Tm,W,L,ERA,G,GS,SV,IP,H,R,ER,HR,BB,SO,WHIP
2025-03-30,Kansas City Royals,Cleveland Guardians,1,0,0.0,1,1,0,5.2,2,0,0,0,2,2,0.71
2025-04-05,Los Angeles Angels,Cleveland Guardians,0,1,6.52,1,1,0,4.0,9,7,7,4,1,4,1.45
2025-04-11,Cleveland Guardians,Kansas City Royals,0,0,4.4,1,1,0,4.2,3,0,0,0,4,4,1.47
2025-04-17,Baltimore Orioles,Cleveland Guardians,0,1,5.85,1,1,0,5.2,5,6,6,3,4,5,1.5
2025-04-22,Cleveland Guardians,New York Yankees,1,0,5.19,1,1,0,6.0,5,2,2,1,3,5,1.46
2025-04-29,Cleveland Guardians,Minnesota Twins,0,0,4.36,1,1,0,7.0,5,1,1,1,0,5,1.3
2025-05-04,Toronto Blue Jays,Cleveland Guardians,1,0,4.26,1,1,0,5.0,5,3,2,0,2,3,1.32
2025-05-10,Cleveland Guardians,Philadelphia Phillies,0,1,3.8,1,1,0,7.0,5,1,1,0,0,3,1.22
2025-05-16,Cincinnati Reds,Cleveland Guardians,0,1,4.06,1,1,0,6.0,10,5,4,2,1,4,1.29
2025-05-22,Detroit Tigers,Cleveland Guardians,1,0,3.57,1,1,0,7.0,3,0,0,0,1,8,1.21
2025-05-27,Cleveland Guardians,Los Angeles Dodgers,0,1,3.86,1,1,0,5.0,7,4,4,1,3,7,1.27
2025-06-03,New York Yankees,Cleveland Guardians,0,1,3.89,1,1,0,6.1,4,3,3,2,2,6,1.24
2025-06-08,Cleveland Guardians,Houston Astros,0,0,3.81,1,1,0,6.1,5,2,2,0,0,6,1.2
2025-06-14,Seattle Mariners,Cleveland Guardians,0,0,3.79,1,1,0,5.0,4,2,2,0,3,3,1.21
2025-06-20,Athletics,Cleveland Guardians,0,1,3.96,1,1,0,8.0,11,5,5,1,0,10,1.23
2025-06-26,Cleveland Guardians,Toronto Blue Jays,0,1,3.9,1,1,0,6.0,3,3,2,0,0,7,1.18
2025-07-02,Chicago Cubs,Cleveland Guardians,0,1,4.2,1,1,0,4.0,6,5,5,0,4,5,1.24
2025-07-07,Houston Astros,Cleveland Guardians,0,0,4.35,1,1,0,4.2,4,4,4,2,1,3,1.23
2025-07-12,Chicago White Sox,Cleveland Guardians,1,0,4.29,1,1,0,5.2,6,2,2,0,2,5,1.24
2025-07-21,Cleveland Guardians,Baltimore Orioles,1,0,4.27,1,1,0,7.0,6,5,3,1,0,4,1.22
2025-07-26,Kansas City Royals,Cleveland Guardians,1,0,4.39,1,1,0,5.0,7,4,4,2,0,8,1.22
2025-08-02,Cleveland Guardians,Minnesota Twins,0,0,4.51,1,1,0,4.2,8,4,4,1,2,5,1.26
2025-08-08,Chicago White Sox,Cleveland Guardians,1,0,4.6,1,1,0,5.1,5,4,4,1,4,7,1.27
2025-08-14,Cleveland Guardians,Miami Marlins,1,0,4.54,1,1,0,5.2,5,4,2,0,4,5,1.29
2025-08-19,Arizona Diamondbacks,Cleveland Guardians,0,0,4.62,1,1,0,5.2,7,4,4,1,1,5,1.29
2025-08-25,Cleveland Guardians,Tampa Bay Rays,0,1,4.73,1,1,0,6.0,8,5,5,2,3,3,1.31
2025-08-31,Cleveland Guardians,Seattle Mariners,0,1,4.77,1,1,0,6.1,6,4,4,1,2,4,1.31
2025-09-06,Tampa Bay Rays,Cleveland Guardians,0,0,4.69,1,1,0,6.2,5,2,2,1,1,3,1.3
2025-09-12,Cleveland Guardians,Chicago White Sox,1,0,4.44,1,1,0,9.0,2,0,0,0,0,10,1.24
2025-09-18,Detroit Tigers,Cleveland Guardians,1,0,4.34,1,1,0,6.0,4,1,1,0,2,8,1.23
2025-09-24,Cleveland Guardians,Detroit Tigers,1,0,4.24,1,1,0,6.0,5,1,1,0,2,5,1.23
