Date,Home Tm,Away Tm,W,L,ERA,G,GS,SV,IP,H,R,ER,HR,BB,SO,WHIP
2025-03-29,Washington Nationals,Philadelphia Phillies,0,0,0.0,1,0,0,1.0,1,0,0,0,0,2,1.0
2025-03-30,Washington Nationals,Philadelphia Phillies,0,0,0.0,1,0,0,1.0,1,0,0,0,0,0,1.0
2025-04-05,Philadelphia Phillies,Los Angeles Dodgers,0,0,0.0,1,0,0,1.0,0,0,0,0,1,0,1.0
2025-04-08,Atlanta Braves,Philadelphia Phillies,0,0,2.25,1,0,0,1.0,2,1,1,0,1,0,1.5
2025-04-10,Atlanta Braves,Philadelphia Phillies,0,0,1.8,1,0,0,1.0,0,0,0,0,0,0,1.2
2025-04-11,St. Louis Cardinals,Philadelphia Phillies,0,0,1.5,1,0,0,1.0,2,0,0,0,0,1,1.33
2025-04-14,Philadelphia Phillies,San Francisco Giants,0,0,3.38,1,0,0,2.0,2,2,2,1,1,4,1.38
2025-04-18,Philadelphia Phillies,Miami Marlins,0,0,3.0,1,0,0,1.0,0,0,0,0,1,1,1.33
2025-04-21,New York Mets,Philadelphia Phillies,0,0,2.7,1,0,0,1.0,0,0,0,0,0,3,1.2
2025-04-22,New York Mets,Philadelphia Phillies,0,0,3.38,1,0,0,0.2,1,1,1,0,0,0,1.22
2025-04-25,Chicago Cubs,Philadelphia Phillies,0,0,3.86,1,0,0,1.0,2,1,1,0,0,1,1.29
2025-04-30,Philadelphia Phillies,Washington Nationals,0,0,3.38,1,0,0,1.2,0,0,0,0,0,4,1.13
2025-05-02,Philadelphia Phillies,Arizona Diamondbacks,1,0,3.14,1,0,0,1.0,0,0,0,0,0,1,1.05
2025-05-03,Philadelphia Phillies,Arizona Diamondbacks,0,0,2.93,1,0,0,1.0,0,0,0,0,0,1,0.98
2025-05-08,Tampa Bay Rays,Philadelphia Phillies,0,0,4.41,1,0,0,1.0,3,3,3,1,0,1,1.1
2025-05-09,Cleveland Guardians,Philadelphia Phillies,0,0,4.15,1,0,0,1.0,0,0,0,0,0,1,1.04
2025-05-12,Philadelphia Phillies,St. Louis Cardinals,0,0,3.93,1,0,0,1.0,0,0,0,0,0,0,0.98
2025-05-14,Philadelphia Phillies,St. Louis Cardinals,0,0,3.66,1,0,0,1.1,1,0,0,0,0,1,0.97
2025-05-17,Philadelphia Phillies,Pittsburgh Pirates,0,0,4.35,1,0,0,1.0,1,2,2,1,1,2,1.02
2025-05-19,Colorado Rockies,Philadelphia Phillies,0,0,4.15,1,0,0,1.0,0,0,0,0,0,1,0.97
2025-05-21,Colorado Rockies,Philadelphia Phillies,0,0,3.97,1,0,0,1.0,0,0,0,0,0,1,0.93
2025-05-23,Athletics,Philadelphia Phillies,0,0,3.91,1,0,1,0.1,0,0,0,0,0,1,0.91
2025-05-24,Athletics,Philadelphia Phillies,0,0,3.75,1,0,0,1.0,0,0,0,0,0,2,0.88
2025-05-30,Philadelphia Phillies,Milwaukee Brewers,0,0,3.96,1,0,0,1.0,2,1,1,1,0,1,0.92
2025-05-31,Philadelphia Phillies,Milwaukee Brewers,0,0,3.81,1,0,0,1.0,2,0,0,0,0,2,0.96
2025-06-04,Toronto Blue Jays,Philadelphia Phillies,0,0,3.67,1,0,0,1.0,0,0,0,0,0,0,0.93
2025-06-06,Pittsburgh Pirates,Philadelphia Phillies,0,0,3.86,1,0,0,1.0,1,1,1,1,0,1,0.93
2025-06-09,Philadelphia Phillies,Chicago Cubs,0,0,3.72,1,0,0,1.0,0,0,0,0,0,0,0.9
2025-06-10,Philadelphia Phillies,Chicago Cubs,0,0,3.6,1,0,0,1.0,1,0,0,0,0,0,0.9
2025-06-15,Philadelphia Phillies,Toronto Blue Jays,0,0,4.06,1,0,0,1.0,4,2,2,0,0,0,1.0
2025-06-17,Miami Marlins,Philadelphia Phillies,0,0,3.94,1,0,0,1.0,1,1,0,0,0,1,1.0
2025-06-20,Philadelphia Phillies,New York Mets,1,0,3.74,1,0,0,1.2,0,0,0,0,0,1,0.95
2025-06-21,Philadelphia Phillies,New York Mets,0,0,3.71,1,0,0,0.1,1,0,0,0,0,0,0.97
2025-06-27,Atlanta Braves,Philadelphia Phillies,0,0,3.5,1,1,0,2.0,2,0,0,0,0,2,0.97
2025-06-30,Philadelphia Phillies,San Diego Padres,0,0,3.41,1,0,0,1.0,1,0,0,0,0,0,0.97
2025-07-04,Philadelphia Phillies,Cincinnati Reds,0,0,3.29,1,0,0,1.1,0,0,0,0,0,3,0.94
2025-07-05,Philadelphia Phillies,Cincinnati Reds,0,0,3.2,1,0,0,1.0,0,0,0,0,0,0,0.92
2025-07-08,San Francisco Giants,Philadelphia Phillies,0,0,3.12,1,0,0,1.0,2,0,0,0,0,1,0.94
2025-07-11,San Diego Padres,Philadelphia Phillies,0,0,3.1,1,0,0,0.1,0,0,0,0,0,0,0.93
2025-07-12,San Diego Padres,Philadelphia Phillies,0,1,3.29,1,0,0,0.1,2,1,1,0,0,1,0.98
2025-07-18,Philadelphia Phillies,Los Angeles Angels,0,1,3.64,1,0,0,1.0,1,2,2,1,1,1,1.0
2025-07-19,Philadelphia Phillies,Los Angeles Angels,0,0,3.56,1,0,0,1.0,0,0,0,0,0,1,0.98
2025-07-21,Philadelphia Phillies,Boston Red Sox,0,0,3.48,1,0,0,1.0,0,0,0,0,1,2,0.98
2025-07-23,Philadelphia Phillies,Boston Red Sox,0,0,3.43,1,0,0,0.2,0,0,0,0,0,1,0.96
2025-07-25,New York Yankees,Philadelphia Phillies,1,0,3.4,1,0,0,0.1,1,0,0,0,0,1,0.98
2025-07-27,New York Yankees,Philadelphia Phillies,0,0,3.3,1,0,0,1.1,0,0,0,0,1,0,0.97
2025-07-30,Chicago White Sox,Philadelphia Phillies,0,0,3.23,1,0,0,1.0,1,0,0,0,0,0,0.97
2025-08-02,Philadelphia Phillies,Detroit Tigers,0,0,3.35,1,0,0,1.0,2,1,1,1,0,0,0.99
2025-08-04,Philadelphia Phillies,Baltimore Orioles,0,0,3.28,1,0,0,1.0,0,0,0,0,0,1,0.97
2025-08-09,Texas Rangers,Philadelphia Phillies,0,0,3.22,1,0,0,1.0,1,0,0,0,0,0,0.97
2025-08-10,Texas Rangers,Philadelphia Phillies,0,0,3.16,1,0,0,1.0,1,0,0,0,0,2,0.97
2025-08-15,Washington Nationals,Philadelphia Phillies,1,0,3.1,1,0,0,1.0,0,0,0,0,0,0,0.96
2025-08-17,Washington Nationals,Philadelphia Phillies,1,0,3.0,1,0,0,1.2,1,0,0,0,0,2,0.94
2025-08-20,Philadelphia Phillies,Seattle Mariners,0,0,2.98,1,0,0,0.1,0,0,0,0,0,1,0.94
2025-08-22,Philadelphia Phillies,Washington Nationals,0,0,2.93,1,0,0,1.0,1,0,0,0,1,0,0.96
2025-08-24,Philadelphia Phillies,Washington Nationals,0,0,2.88,1,0,0,1.0,0,0,0,0,0,0,0.94
2025-08-26,New York Mets,Philadelphia Phillies,0,0,2.83,1,0,0,1.0,0,0,0,0,0,0,0.92
2025-08-27,New York Mets,Philadelphia Phillies,0,0,3.09,1,0,0,1.0,2,2,2,1,0,1,0.94
2025-08-30,Philadelphia Phillies,Atlanta Braves,0,0,3.03,1,0,0,1.0,1,0,0,0,0,0,0.94
2025-08-31,Philadelphia Phillies,Atlanta Braves,0,0,2.98,1,0,0,1.0,0,0,0,0,1,1,0.94
2025-09-05,Miami Marlins,Philadelphia Phillies,0,0,3.23,1,0,0,1.0,2,2,2,1,0,1,0.96
2025-09-09,Philadelphia Phillies,New York Mets,0,0,3.32,1,0,0,1.0,3,1,1,0,0,0,0.99
2025-09-12,Philadelphia Phillies,Kansas City Royals,0,0,3.27,1,0,0,1.0,0,0,0,0,0,1,0.98
2025-09-13,Philadelphia Phillies,Kansas City Royals,0,0,3.22,1,0,0,1.0,0,0,0,0,0,0,0.96
2025-09-16,Los Angeles Dodgers,Philadelphia Phillies,1,0,3.18,1,0,0,0.2,1,0,0,0,1,0,0.98
2025-09-19,Arizona Diamondbacks,Philadelphia Phillies,0,0,3.17,1,0,0,0.1,0,0,0,0,0,0,0.98
2025-09-20,Arizona Diamondbacks,Philadelphia Phillies,0,0,3.14,1,0,0,0.2,2,0,0,0,1,2,1.02
2025-09-23,Philadelphia Phillies,Miami Marlins,0,0,3.12,1,0,0,0.1,0,0,0,0,0,1,1.01
2025-09-28,Philadelphia Phillies,Minnesota Twins,0,0,3.07,1,0,0,1.0,1,0,0,0,0,1,1.01
