Date,Home Tm,Away Tm,W,L,ERA,G,GS,SV,IP,H,R,ER,HR,BB,SO,WHIP
2025-03-27,Los Angeles Dodgers,Detroit Tigers,0,1,7.2,1,1,0,5.0,6,4,4,2,1,2,1.4
2025-04-02,Seattle Mariners,Detroit Tigers,0,1,5.91,1,1,0,5.2,6,3,3,1,3,8,1.5
2025-04-08,Detroit Tigers,New York Yankees,1,0,3.78,1,1,0,6.0,4,0,0,0,0,6,1.2
2025-04-14,Milwaukee Brewers,Detroit Tigers,1,0,2.66,1,1,0,7.0,4,0,0,0,0,9,1.01
2025-04-20,Detroit Tigers,Kansas City Royals,0,0,2.83,1,1,0,5.0,7,2,2,0,1,4,1.12
2025-04-27,Detroit Tigers,Baltimore Orioles,1,0,2.34,1,1,0,6.0,4,0,0,0,0,11,1.04
2025-05-02,Los Angeles Angels,Detroit Tigers,0,0,2.21,1,1,0,6.0,4,1,1,1,0,8,0.98
2025-05-09,Detroit Tigers,Texas Rangers,1,0,2.08,1,1,0,7.0,2,1,1,0,0,12,0.88
2025-05-14,Detroit Tigers,Boston Red Sox,0,0,2.67,1,1,0,6.1,7,5,5,1,1,11,0.93
2025-05-20,St. Louis Cardinals,Detroit Tigers,0,0,2.87,1,1,0,5.2,5,3,3,1,1,8,0.94
2025-05-25,Detroit Tigers,Cleveland Guardians,1,0,2.49,1,1,0,9.0,2,0,0,0,0,13,0.84
2025-05-31,Kansas City Royals,Detroit Tigers,0,0,2.26,1,1,0,7.0,2,0,0,0,0,7,0.79
2025-06-06,Detroit Tigers,Chicago Cubs,1,0,2.16,1,1,0,7.2,8,1,1,0,0,6,0.82
2025-06-12,Baltimore Orioles,Detroit Tigers,1,0,1.99,1,1,0,7.0,3,0,0,0,2,6,0.81
2025-06-19,Detroit Tigers,Pittsburgh Pirates,1,0,2.06,1,1,0,5.2,6,2,2,0,3,6,0.85
2025-06-24,Detroit Tigers,Athletics,1,0,2.29,1,1,0,6.0,6,4,4,2,1,8,0.87
2025-06-29,Detroit Tigers,Minnesota Twins,1,0,2.15,1,1,0,7.0,1,0,0,0,1,13,0.83
2025-07-06,Cleveland Guardians,Detroit Tigers,0,0,2.02,1,1,0,7.0,3,0,0,0,0,10,0.81
2025-07-11,Detroit Tigers,Seattle Mariners,0,1,2.23,1,1,0,5.0,4,4,4,1,2,5,0.83
2025-07-20,Texas Rangers,Detroit Tigers,0,0,2.19,1,1,0,6.2,4,1,1,0,0,11,0.81
2025-07-26,Detroit Tigers,Toronto Blue Jays,0,0,2.09,1,1,0,6.0,5,0,0,0,3,7,0.84
2025-08-02,Philadelphia Phillies,Detroit Tigers,1,0,2.18,1,1,0,7.0,5,3,3,1,0,10,0.83
2025-08-08,Detroit Tigers,Los Angeles Angels,0,0,2.35,1,1,0,4.2,6,4,4,2,2,6,0.86
2025-08-14,Minnesota Twins,Detroit Tigers,0,0,2.42,1,1,0,7.0,6,3,3,1,2,3,0.87
2025-08-19,Detroit Tigers,Houston Astros,0,0,2.32,1,1,0,7.0,3,0,0,0,2,10,0.87
2025-08-25,Athletics,Detroit Tigers,0,1,2.28,1,1,0,6.2,7,6,1,2,0,12,0.87
2025-08-31,Kansas City Royals,Detroit Tigers,1,0,2.18,1,1,0,7.0,4,0,0,0,2,4,0.87
2025-09-06,Detroit Tigers,Chicago White Sox,1,0,2.1,1,1,0,7.0,2,0,0,0,1,6,0.86
2025-09-12,Miami Marlins,Detroit Tigers,0,1,2.26,1,1,0,3.1,4,4,4,2,0,2,0.86
2025-09-18,Detroit Tigers,Cleveland Guardians,0,0,2.23,1,1,0,6.0,7,1,1,1,2,9,0.88
2025-09-23,Cleveland Guardians,Detroit Tigers,0,1,2.21,1,1,0,6.0,4,3,1,0,3,8,0.89
