Date,Home Tm,Away Tm,W,L,ERA,G,GS,SV,IP,H,R,ER,HR,BB,SO,WHIP
2025-08-01,Toronto Blue Jays,Kansas City Royals,0,0,18.0,1,0,0,1.0,2,2,2,1,0,1,2.0
2025-08-06,Detroit Tigers,Minnesota Twins,1,0,3.38,1,0,0,4.1,2,0,0,0,1,3,0.94
2025-08-12,New York Yankees,Minnesota Twins,0,0,5.59,1,0,0,4.1,5,4,4,1,7,2,1.76
2025-08-17,Minnesota Twins,Detroit Tigers,1,0,4.3,1,1,0,5.0,3,1,1,0,3,4,1.57
2025-08-23,Chicago White Sox,Minnesota Twins,0,0,3.66,1,0,0,5.0,3,1,1,1,0,5,1.32
2025-08-27,Toronto Blue Jays,Minnesota Twins,0,0,3.86,1,0,0,1.1,1,1,1,0,1,1,1.33
2025-09-02,Minnesota Twins,Chicago White Sox,0,1,5.48,1,0,0,2.0,8,6,5,2,1,3,1.61
2025-09-06,Kansas City Royals,Minnesota Twins,0,0,6.23,1,0,0,3.0,6,4,4,0,1,0,1.69
2025-09-09,Los Angeles Angels,Minnesota Twins,0,0,7.0,1,0,0,1.0,3,3,3,1,0,0,1.74
2025-09-14,Minnesota Twins,Arizona Diamondbacks,0,0,6.75,1,0,0,1.0,2,0,0,0,1,1,1.79
2025-09-16,Minnesota Twins,New York Yankees,0,0,6.3,1,0,0,2.0,1,0,0,0,1,0,1.73
2025-09-20,Minnesota Twins,Cleveland Guardians,0,0,5.82,1,0,0,4.0,4,1,1,1,1,2,1.68
