Date,Home Tm,Away Tm,W,L,ERA,G,GS,SV,IP,H,R,ER,HR,BB,SO,WHIP
2025-04-24,San Francisco Giants,Milwaukee Brewers,0,0,4.5,1,1,0,4.0,4,2,2,1,4,2,2.0
2025-04-30,Chicago White Sox,Milwaukee Brewers,0,0,6.0,1,1,0,2.0,2,2,2,0,3,3,2.17
2025-05-02,Milwaukee Brewers,Chicago Cubs,0,0,5.14,1,0,0,1.0,0,0,0,0,0,1,1.86
2025-05-05,Milwaukee Brewers,Houston Astros,1,0,3.65,1,1,0,5.1,6,1,1,0,0,2,1.54
2025-05-10,Tampa Bay Rays,Milwaukee Brewers,0,0,3.86,1,1,0,4.0,3,2,2,0,3,3,1.53
2025-05-17,Milwaukee Brewers,Minnesota Twins,0,1,4.95,1,1,0,3.2,11,4,4,1,0,4,1.8
2025-07-23,Seattle Mariners,Milwaukee Brewers,0,0,4.5,1,0,0,2.0,1,0,0,0,0,3,1.68
2025-07-25,Milwaukee Brewers,Miami Marlins,0,0,4.3,1,0,0,1.0,0,0,0,0,0,1,1.61
2025-08-09,Milwaukee Brewers,New York Mets,0,0,4.78,1,1,0,3.1,5,3,3,2,2,4,1.67
2025-08-13,Milwaukee Brewers,Pittsburgh Pirates,0,0,4.45,1,0,0,2.0,2,0,0,0,0,1,1.62
2025-08-17,Cincinnati Reds,Milwaukee Brewers,0,0,4.15,1,0,0,2.0,0,1,0,0,0,2,1.52
2025-08-19,Chicago Cubs,Milwaukee Brewers,0,0,3.9,1,0,0,2.0,2,0,0,0,0,2,1.48
2025-08-26,Milwaukee Brewers,Arizona Diamondbacks,0,0,4.5,1,0,0,1.2,4,3,3,0,0,1,1.53
2025-08-28,Milwaukee Brewers,Arizona Diamondbacks,0,0,4.1,1,0,0,3.1,3,0,0,0,0,1,1.47
2025-08-31,Toronto Blue Jays,Milwaukee Brewers,0,0,3.83,1,0,0,2.2,3,0,0,0,0,1,1.45
2025-09-04,Milwaukee Brewers,Philadelphia Phillies,0,1,3.98,1,0,0,0.2,2,1,1,0,0,1,1.48
2025-09-06,Pittsburgh Pirates,Milwaukee Brewers,0,0,3.95,1,0,0,0.1,1,0,0,0,1,0,1.51
2025-09-09,Texas Rangers,Milwaukee Brewers,0,0,3.86,1,0,0,1.0,0,0,0,0,0,2,1.48
2025-09-13,Milwaukee Brewers,St. Louis Cardinals,0,0,3.92,1,0,0,1.2,2,1,1,0,0,1,1.47
2025-09-19,St. Louis Cardinals,Milwaukee Brewers,0,0,3.74,1,0,0,2.0,2,0,0,0,1,1,1.47
2025-09-23,San Diego Padres,Milwaukee Brewers,0,0,3.78,1,0,0,2.0,1,1,1,1,0,0,1.43
2025-09-26,Milwaukee Brewers,Cincinnati Reds,0,0,3.55,1,0,0,3.0,0,0,0,0,1,2,1.36
