Date,Home Tm,Away Tm,W,L,ERA,G,GS,SV,IP,H,R,ER,HR,BB,SO,WHIP
2025-03-30,Toronto Blue Jays,Baltimore Orioles,0,1,4.5,1,1,0,4.0,4,2,2,0,2,1,1.5
2025-04-05,Kansas City Royals,Baltimore Orioles,1,0,2.89,1,1,0,5.1,5,1,1,1,1,4,1.29
2025-04-12,Baltimore Orioles,Toronto Blue Jays,0,0,3.86,1,1,0,4.2,8,3,3,1,2,0,1.57
2025-04-17,Baltimore Orioles,Cleveland Guardians,1,0,3.43,1,1,0,7.0,5,2,2,2,0,3,1.29
2025-04-23,Washington Nationals,Baltimore Orioles,0,0,3.54,1,1,0,7.0,5,3,3,2,0,1,1.14
2025-04-28,Baltimore Orioles,New York Yankees,1,0,3.0,1,1,0,5.0,5,0,0,0,1,8,1.15
2025-05-03,Baltimore Orioles,Kansas City Royals,0,1,3.0,1,1,0,6.0,4,2,2,1,2,4,1.13
2025-05-09,Los Angeles Angels,Baltimore Orioles,1,0,2.72,1,1,0,7.1,3,1,1,0,0,5,1.01
2025-05-15,Baltimore Orioles,Minnesota Twins,0,1,3.08,1,1,0,6.1,6,4,4,2,1,3,1.03
2025-05-21,Milwaukee Brewers,Baltimore Orioles,0,0,3.07,1,1,0,6.0,5,2,2,1,1,3,1.02
2025-05-27,Baltimore Orioles,St. Louis Cardinals,0,0,3.23,1,1,0,5.1,8,3,3,1,0,3,1.06
2025-06-03,Seattle Mariners,Baltimore Orioles,1,0,3.04,1,1,0,7.0,5,1,1,1,1,5,1.04
2025-06-08,Athletics,Baltimore Orioles,0,1,3.23,1,1,0,4.1,8,4,3,0,1,2,1.1
2025-06-14,Baltimore Orioles,Los Angeles Angels,0,0,3.38,1,1,0,4.2,6,3,3,1,2,4,1.14
2025-06-20,New York Yankees,Baltimore Orioles,0,0,3.55,1,1,0,3.2,7,3,3,1,3,4,1.21
2025-06-27,Baltimore Orioles,Tampa Bay Rays,1,0,4.06,1,1,0,5.0,9,7,7,3,1,2,1.25
2025-07-02,Texas Rangers,Baltimore Orioles,0,1,4.44,1,1,0,4.2,10,6,6,2,1,5,1.31
2025-07-10,Baltimore Orioles,New York Mets,1,0,4.44,1,1,0,6.0,4,3,3,0,3,2,1.3
2025-07-21,Cleveland Guardians,Baltimore Orioles,0,0,4.54,1,1,0,3.2,6,4,3,1,4,4,1.35
2025-07-27,Baltimore Orioles,Colorado Rockies,1,0,4.38,1,1,0,6.0,4,1,1,1,2,8,1.33
2025-08-02,Chicago Cubs,Baltimore Orioles,0,0,4.42,1,1,0,5.0,5,3,3,0,1,5,1.32
2025-08-08,Baltimore Orioles,Athletics,1,0,4.24,1,1,0,7.0,5,1,1,0,2,4,1.31
2025-08-14,Baltimore Orioles,Seattle Mariners,1,0,4.13,1,1,0,5.1,3,1,1,0,1,2,1.28
2025-08-19,Boston Red Sox,Baltimore Orioles,0,0,3.97,1,1,0,5.0,5,1,0,0,0,3,1.27
2025-08-25,Baltimore Orioles,Boston Red Sox,0,1,4.06,1,1,0,6.0,6,4,4,2,2,6,1.27
2025-08-31,San Francisco Giants,Baltimore Orioles,0,1,4.41,1,1,0,3.1,10,7,7,1,1,4,1.32
2025-09-07,Baltimore Orioles,Los Angeles Dodgers,0,1,4.51,1,1,0,3.0,7,4,3,3,0,1,1.34
2025-09-13,Toronto Blue Jays,Baltimore Orioles,0,0,4.39,1,1,0,6.0,4,1,1,1,0,4,1.32
2025-09-20,Baltimore Orioles,New York Yankees,0,1,4.54,1,1,0,3.0,6,4,4,2,1,3,1.34
2025-09-27,New York Yankees,Baltimore Orioles,0,1,4.64,1,1,0,4.1,5,4,4,3,0,3,1.33
