Date,Home Tm,Away Tm,W,L,ERA,G,GS,SV,IP,H,R,ER,HR,BB,SO,WHIP
2025-04-30,Los Angeles Dodgers,Miami Marlins,1,0,4.5,1,1,0,6.0,6,3,3,1,0,9,1.0
2025-05-06,Miami Marlins,Los Angeles Dodgers,0,0,4.09,1,1,0,5.0,4,2,2,1,2,8,1.09
2025-05-11,Arizona Diamondbacks,Los Angeles Dodgers,1,0,2.81,1,1,0,5.0,3,0,0,0,2,4,1.06
2025-05-18,Los Angeles Dodgers,Los Angeles Angels,0,0,4.05,1,1,0,4.0,4,4,4,2,5,3,1.3
2025-05-24,New York Mets,Los Angeles Dodgers,0,1,4.68,1,1,0,5.0,7,4,4,0,3,4,1.44
2025-05-30,Los Angeles Dodgers,New York Yankees,1,0,5.23,1,1,0,6.0,6,5,5,4,3,4,1.45
2025-06-04,Los Angeles Dodgers,New York Mets,0,1,5.0,1,1,0,5.0,3,3,2,1,3,6,1.42
