Date,Home Tm,Away Tm,W,L,ERA,G,GS,SV,IP,H,R,ER,HR,BB,SO,WHIP
2025-07-05,Minnesota Twins,Tampa Bay Rays,0,0,11.25,1,0,0,4.0,9,5,5,0,0,1,2.25
2025-07-12,Minnesota Twins,Pittsburgh Pirates,1,0,6.75,1,0,0,4.0,2,2,1,1,1,3,1.5
2025-07-18,Colorado Rockies,Minnesota Twins,0,0,6.0,1,0,0,1.0,1,0,0,0,0,2,1.44
2025-07-27,Minnesota Twins,Washington Nationals,0,1,8.03,1,0,0,3.1,5,5,5,0,2,3,1.62
2025-08-04,Detroit Tigers,Minnesota Twins,0,0,6.75,1,1,0,5.0,4,2,2,1,0,7,1.38
2025-08-08,Minnesota Twins,Kansas City Royals,0,0,6.86,1,0,0,2.1,3,2,2,1,1,2,1.42
2025-08-12,New York Yankees,Minnesota Twins,0,1,7.77,1,1,0,2.1,4,4,4,2,4,2,1.64
2025-08-16,Minnesota Twins,Detroit Tigers,0,0,7.71,1,0,0,1.1,2,1,1,0,4,1,1.8
2025-09-01,Minnesota Twins,Chicago White Sox,0,0,7.4,1,0,0,1.0,0,0,0,0,0,0,1.73
2025-09-04,Minnesota Twins,Chicago White Sox,0,1,8.53,1,0,0,1.0,3,4,4,1,0,2,1.78
2025-09-08,Los Angeles Angels,Minnesota Twins,0,0,8.0,1,0,0,1.2,0,0,0,0,2,4,1.74
2025-09-12,Minnesota Twins,Arizona Diamondbacks,0,0,7.71,1,0,0,1.0,1,0,0,0,0,0,1.71
2025-09-15,Minnesota Twins,New York Yankees,0,0,7.45,1,0,0,1.0,0,0,0,0,2,1,1.72
2025-09-17,Minnesota Twins,New York Yankees,0,0,7.2,1,0,0,1.0,0,0,0,0,0,1,1.67
2025-09-21,Minnesota Twins,Cleveland Guardians,0,0,6.97,1,0,0,1.0,0,0,0,0,0,1,1.61
2025-09-24,Texas Rangers,Minnesota Twins,0,1,7.67,1,0,0,0.2,3,3,3,0,0,0,1.67
2025-09-26,Philadelphia Phillies,Minnesota Twins,0,0,7.64,1,0,0,1.1,2,1,1,0,1,1,1.7
2025-09-28,Philadelphia Phillies,Minnesota Twins,0,0,7.49,1,0,0,0.2,0,0,0,0,0,0,1.66
