Date,Home Tm,Away Tm,W,L,ERA,G,GS,SV,IP,H,R,ER,HR,BB,SO,WHIP
2025-05-24,Boston Red Sox,Baltimore Orioles,0,0,0.0,1,1,0,6.1,2,0,0,0,0,5,0.32
2025-06-18,Tampa Bay Rays,Baltimore Orioles,0,0,3.12,1,1,0,2.1,5,3,3,0,3,4,1.15
2025-06-23,Baltimore Orioles,Texas Rangers,1,0,1.62,1,1,0,8.0,3,0,0,0,0,4,0.78
2025-06-30,Texas Rangers,Baltimore Orioles,0,0,2.05,1,1,0,5.1,3,2,2,1,3,5,0.86
2025-07-06,Atlanta Braves,Baltimore Orioles,1,0,1.57,1,1,0,6.2,4,0,0,0,2,6,0.87
2025-07-12,Baltimore Orioles,Miami Marlins,0,1,1.53,1,1,0,6.2,2,1,1,0,2,8,0.82
2025-07-20,Tampa Bay Rays,Baltimore Orioles,1,0,1.74,1,1,0,6.0,5,2,2,1,2,3,0.87
2025-07-26,Baltimore Orioles,Colorado Rockies,1,0,1.49,1,1,0,7.0,1,0,0,0,1,5,0.79
2025-08-01,Chicago Cubs,Baltimore Orioles,0,1,1.44,1,1,0,8.0,4,1,1,0,0,8,0.75
2025-08-06,Philadelphia Phillies,Baltimore Orioles,1,0,1.44,1,1,0,6.0,8,1,1,0,2,6,0.83
2025-08-13,Baltimore Orioles,Seattle Mariners,0,0,1.43,1,1,0,7.0,4,1,1,0,0,6,0.81
2025-08-18,Boston Red Sox,Baltimore Orioles,1,0,1.41,1,1,0,7.0,4,1,1,0,1,7,0.8
2025-08-24,Baltimore Orioles,Houston Astros,1,0,1.4,1,1,0,7.0,5,1,1,0,3,9,0.83
2025-08-30,San Francisco Giants,Baltimore Orioles,1,0,1.39,1,1,0,7.0,5,1,1,1,0,5,0.82
2025-09-06,Baltimore Orioles,Los Angeles Dodgers,0,0,1.51,1,1,0,5.1,8,2,2,0,1,6,0.87
2025-09-12,Toronto Blue Jays,Baltimore Orioles,0,0,1.43,1,1,0,5.0,3,1,0,0,4,6,0.89
2025-09-19,Baltimore Orioles,New York Yankees,1,0,1.35,1,1,0,6.0,1,0,0,0,2,7,0.87
2025-09-26,New York Yankees,Baltimore Orioles,0,1,1.81,1,1,0,3.0,3,6,6,3,3,3,0.9
