Date,Home Tm,Away Tm,W,L,ERA,G,GS,SV,IP,H,R,ER,HR,BB,SO,WHIP
2025-04-01,Toronto Blue Jays,Washington Nationals,0,0,5.4,1,1,0,5.0,10,3,3,0,0,3,2.0
2025-04-06,Washington Nationals,Arizona Diamondbacks,1,0,5.4,1,1,0,5.0,5,3,3,1,2,6,1.7
2025-04-12,Miami Marlins,Washington Nationals,0,1,7.36,1,1,0,4.2,8,6,6,1,1,2,1.77
2025-04-17,Pittsburgh Pirates,Washington Nationals,0,1,5.95,1,1,0,5.0,3,1,1,1,3,5,1.63
2025-04-23,Washington Nationals,Baltimore Orioles,0,0,5.11,1,1,0,5.0,6,1,1,0,1,5,1.58
2025-04-28,Washington Nationals,New York Mets,0,1,5.7,1,1,0,5.1,5,5,5,1,2,5,1.53
2025-05-03,Cincinnati Reds,Washington Nationals,1,0,5.86,1,1,0,5.1,9,4,4,1,2,4,1.61
2025-05-10,Washington Nationals,St. Louis Cardinals,0,1,5.88,1,1,0,6.0,7,4,4,0,1,4,1.57
2025-05-15,Atlanta Braves,Washington Nationals,0,1,5.91,1,1,0,4.1,5,4,3,0,0,4,1.53
2025-05-22,Washington Nationals,Atlanta Braves,0,0,6.39,1,1,0,3.2,4,5,5,2,3,3,1.56
2025-05-28,Seattle Mariners,Washington Nationals,1,0,5.69,1,1,0,6.0,3,0,0,0,0,2,1.45
2025-06-03,Washington Nationals,Chicago Cubs,0,1,6.03,1,1,0,4.1,5,5,5,0,1,4,1.44
2025-06-08,Washington Nationals,Texas Rangers,0,1,5.91,1,1,0,4.1,6,3,2,1,0,2,1.44
2025-06-14,Washington Nationals,Miami Marlins,0,1,5.71,1,1,0,5.1,6,2,2,0,1,3,1.43
2025-06-19,Washington Nationals,Colorado Rockies,0,0,5.54,1,1,0,5.1,8,2,2,0,1,6,1.45
2025-06-24,San Diego Padres,Washington Nationals,0,1,5.65,1,1,0,5.0,7,4,4,1,2,3,1.47
2025-07-02,Washington Nationals,Detroit Tigers,0,1,6.21,1,1,0,3.0,9,7,7,2,1,4,1.54
