Date,Home Tm,Away Tm,W,L,ERA,G,GS,SV,IP,H,R,ER,HR,BB,SO,WHIP
2025-05-24,Washington Nationals,San Francisco Giants,0,0,3.0,1,0,0,3.0,2,1,1,0,0,2,0.67
2025-05-27,Detroit Tigers,San Francisco Giants,0,0,1.8,1,0,0,2.0,0,0,0,0,0,3,0.4
2025-05-30,Miami Marlins,San Francisco Giants,0,0,1.59,1,0,0,0.2,0,0,0,0,2,1,0.71
2025-06-06,San Francisco Giants,Atlanta Braves,0,0,1.29,1,0,0,1.1,1,0,0,0,1,0,0.86
2025-06-11,Colorado Rockies,San Francisco Giants,1,0,2.7,1,0,0,3.0,3,2,2,0,0,1,0.9
2025-06-14,Los Angeles Dodgers,San Francisco Giants,0,0,4.5,1,0,0,2.0,3,3,3,2,3,0,1.25
2025-07-08,San Francisco Giants,Philadelphia Phillies,0,0,4.15,1,0,0,1.0,2,0,0,0,0,0,1.31
2025-07-09,San Francisco Giants,Philadelphia Phillies,0,0,8.1,1,0,0,0.1,5,6,6,0,1,0,1.73
2025-07-18,Toronto Blue Jays,San Francisco Giants,0,0,6.11,1,0,0,4.1,1,0,0,0,0,2,1.36
2025-07-21,Atlanta Braves,San Francisco Giants,0,0,5.68,1,0,0,1.1,0,0,0,0,0,2,1.26
2025-07-25,San Francisco Giants,New York Mets,0,0,5.14,1,0,0,2.0,0,0,0,0,1,2,1.19
2025-07-27,San Francisco Giants,New York Mets,0,0,4.91,1,0,0,1.0,1,0,0,0,0,0,1.18
2025-07-29,San Francisco Giants,Pittsburgh Pirates,0,0,4.7,1,0,0,1.0,0,0,0,0,0,1,1.13
2025-07-30,San Francisco Giants,Pittsburgh Pirates,0,0,4.44,1,0,0,1.1,0,0,0,0,1,0,1.11
2025-08-02,New York Mets,San Francisco Giants,0,0,5.81,1,0,0,2.0,4,5,5,0,1,1,1.22
2025-08-05,Pittsburgh Pirates,San Francisco Giants,0,0,5.6,1,0,0,1.0,0,0,0,0,0,1,1.17
2025-08-08,San Francisco Giants,Washington Nationals,0,0,5.4,1,0,0,1.0,0,0,0,0,0,0,1.13
2025-08-11,San Francisco Giants,San Diego Padres,0,0,5.22,1,0,0,1.0,1,0,0,0,0,1,1.13
2025-08-13,San Francisco Giants,San Diego Padres,0,0,5.17,1,0,0,2.0,3,1,1,0,0,1,1.15
2025-08-17,San Francisco Giants,Tampa Bay Rays,0,0,5.29,1,0,0,1.0,2,1,1,0,1,0,1.21
2025-08-20,San Diego Padres,San Francisco Giants,0,0,4.95,1,0,0,4.0,2,1,1,1,1,4,1.16
2025-08-27,San Francisco Giants,Chicago Cubs,0,0,4.82,1,0,0,1.0,0,0,0,0,0,2,1.13
2025-08-30,San Francisco Giants,Baltimore Orioles,0,0,5.27,1,0,0,3.2,5,4,4,1,1,6,1.17
2025-09-05,St. Louis Cardinals,San Francisco Giants,0,0,5.11,1,0,1,3.0,2,1,1,1,0,3,1.14
2025-09-08,San Francisco Giants,Arizona Diamondbacks,0,0,5.09,1,0,0,2.0,2,1,1,1,0,2,1.13
2025-09-13,San Francisco Giants,Los Angeles Dodgers,0,0,4.88,1,0,0,2.0,0,0,0,0,1,1,1.1
2025-09-16,Arizona Diamondbacks,San Francisco Giants,0,0,5.12,1,1,0,3.0,5,3,3,1,0,1,1.14
2025-09-22,San Francisco Giants,St. Louis Cardinals,0,0,4.86,1,0,0,2.2,1,0,0,0,1,3,1.12
2025-09-24,San Francisco Giants,St. Louis Cardinals,0,0,4.77,1,0,1,1.0,1,0,0,0,0,0,1.12
2025-09-27,San Francisco Giants,Colorado Rockies,0,0,4.69,1,0,0,1.0,0,0,0,0,0,0,1.1
2025-09-28,San Francisco Giants,Colorado Rockies,0,0,4.61,1,0,0,1.0,1,0,0,0,1,1,1.11
