Date,Home Tm,Away Tm,W,L,ERA,G,GS,SV,IP,H,R,ER,HR,BB,SO,WHIP
2025-07-23,Pittsburgh Pirates,Detroit Tigers,0,1,10.8,1,1,0,5.0,7,6,6,2,2,7,1.8
2025-07-28,Detroit Tigers,Arizona Diamondbacks,1,0,4.5,1,1,0,7.0,5,0,0,0,0,5,1.17
2025-08-05,Detroit Tigers,Minnesota Twins,0,0,3.86,1,0,0,2.0,0,0,0,0,2,1,1.14
2025-08-08,Detroit Tigers,Los Angeles Angels,1,0,3.63,1,0,0,3.1,2,1,1,1,0,2,1.04
2025-08-13,Chicago White Sox,Detroit Tigers,1,0,2.82,1,1,0,5.0,1,0,0,0,0,6,0.85
2025-08-18,Detroit Tigers,Houston Astros,0,0,2.7,1,0,0,1.0,0,0,0,0,0,1,0.81
2025-08-23,Detroit Tigers,Kansas City Royals,0,0,2.92,1,0,0,1.1,2,1,1,1,1,1,0.89
2025-08-26,Athletics,Detroit Tigers,0,0,2.6,1,0,0,3.0,1,0,0,0,0,1,0.83
2025-08-29,Kansas City Royals,Detroit Tigers,0,0,2.45,1,0,0,1.2,3,0,0,0,0,1,0.89
2025-09-01,Detroit Tigers,New York Mets,0,0,2.25,1,0,0,2.2,1,1,0,0,2,3,0.91
2025-09-07,Detroit Tigers,Chicago White Sox,0,0,2.38,1,0,0,2.0,1,1,1,0,4,1,1.0
2025-09-10,New York Yankees,Detroit Tigers,0,0,2.5,1,0,0,2.0,2,1,1,1,1,4,1.03
2025-09-13,Miami Marlins,Detroit Tigers,0,0,2.54,1,0,0,3.0,2,1,1,1,0,1,1.0
2025-09-18,Detroit Tigers,Cleveland Guardians,0,1,2.88,1,0,0,1.2,2,2,2,1,1,1,1.03
2025-09-20,Detroit Tigers,Atlanta Braves,0,0,2.79,1,0,0,1.1,0,0,0,0,0,0,1.0
2025-09-25,Cleveland Guardians,Detroit Tigers,0,0,2.76,1,1,0,3.2,2,1,1,0,2,1,1.01
