Date,Home Tm,Away Tm,W,L,ERA,G,GS,SV,IP,H,R,ER,HR,BB,SO,WHIP
2025-03-28,Los Angeles Dodgers,Detroit Tigers,0,0,0.0,1,0,0,1.1,0,0,0,0,0,1,0.0
2025-03-31,Seattle Mariners,Detroit Tigers,1,0,0.0,1,0,0,1.0,0,0,0,0,2,1,0.86
2025-04-04,Detroit Tigers,Chicago White Sox,0,0,0.0,1,0,0,1.1,0,0,0,0,0,2,0.55
2025-04-07,Detroit Tigers,New York Yankees,0,0,0.0,1,0,0,1.0,1,0,0,0,0,0,0.64
2025-04-09,Detroit Tigers,New York Yankees,0,1,2.84,1,0,0,1.2,3,2,2,1,0,2,0.95
2025-04-12,Minnesota Twins,Detroit Tigers,0,0,2.45,1,0,0,1.0,1,0,0,0,0,1,0.95
2025-04-15,Milwaukee Brewers,Detroit Tigers,0,0,2.16,1,0,0,1.0,1,0,0,0,0,1,0.96
2025-04-17,Detroit Tigers,Kansas City Royals,0,0,1.93,1,0,0,1.0,1,0,0,0,1,1,1.07
2025-04-18,Detroit Tigers,Kansas City Royals,0,0,1.86,1,0,0,0.1,0,0,0,0,0,0,1.03
2025-04-20,Detroit Tigers,Kansas City Royals,0,1,1.54,1,0,0,2.0,0,1,0,0,0,3,0.86
2025-04-26,Detroit Tigers,Baltimore Orioles,0,0,2.84,1,0,0,1.0,3,2,2,1,1,2,1.11
2025-04-28,Houston Astros,Detroit Tigers,0,0,2.63,1,0,0,1.0,1,0,0,0,0,0,1.1
2025-04-30,Houston Astros,Detroit Tigers,0,0,2.93,1,0,0,1.2,3,1,1,1,1,1,1.24
2025-05-02,Los Angeles Angels,Detroit Tigers,1,0,2.76,1,0,0,1.0,0,0,0,0,0,1,1.16
2025-05-10,Detroit Tigers,Texas Rangers,0,0,3.12,1,0,0,1.0,2,1,1,1,0,1,1.21
2025-05-13,Detroit Tigers,Boston Red Sox,0,0,3.32,1,1,0,1.2,1,1,1,0,0,2,1.16
2025-05-14,Detroit Tigers,Boston Red Sox,0,0,3.32,1,0,0,0.0,2,0,0,0,1,0,1.32
2025-05-17,Toronto Blue Jays,Detroit Tigers,0,0,3.6,1,0,0,1.0,0,1,1,0,1,0,1.3
2025-05-20,St. Louis Cardinals,Detroit Tigers,0,0,3.86,1,0,0,1.0,1,1,1,0,0,0,1.29
2025-05-21,St. Louis Cardinals,Detroit Tigers,0,0,3.74,1,0,0,0.2,1,0,0,0,0,1,1.29
2025-05-23,Detroit Tigers,Cleveland Guardians,0,0,3.47,1,0,0,1.2,1,0,0,0,0,2,1.24
2025-05-26,Detroit Tigers,San Francisco Giants,0,0,3.8,1,0,0,0.1,2,1,1,0,0,0,1.31
2025-05-28,Detroit Tigers,San Francisco Giants,0,0,3.65,1,0,0,1.0,1,0,0,0,1,1,1.34
2025-06-01,Kansas City Royals,Detroit Tigers,0,0,3.51,1,0,0,1.0,1,0,0,0,0,1,1.32
2025-06-03,Chicago White Sox,Detroit Tigers,0,0,4.39,1,0,0,1.0,3,3,3,1,0,0,1.39
2025-06-04,Chicago White Sox,Detroit Tigers,0,0,4.13,1,0,0,1.2,0,0,0,0,0,1,1.31
2025-06-07,Detroit Tigers,Chicago Cubs,0,1,4.25,1,1,0,1.1,1,1,1,1,0,2,1.28
2025-06-11,Baltimore Orioles,Detroit Tigers,0,0,4.35,1,0,0,1.1,3,1,1,0,0,1,1.32
2025-06-13,Detroit Tigers,Cincinnati Reds,0,0,4.22,1,0,0,1.0,0,0,0,0,0,0,1.28
2025-06-15,Detroit Tigers,Cincinnati Reds,0,0,4.09,1,1,0,1.0,0,0,0,0,0,1,1.24
2025-06-19,Detroit Tigers,Pittsburgh Pirates,0,0,4.72,1,1,0,1.1,4,3,3,2,0,1,1.31
2025-06-22,Tampa Bay Rays,Detroit Tigers,1,0,4.58,1,0,0,1.0,1,0,0,0,0,0,1.3
2025-06-24,Detroit Tigers,Athletics,0,0,4.46,1,0,0,1.0,0,0,0,0,0,0,1.27
2025-06-26,Detroit Tigers,Athletics,0,0,4.34,1,0,0,1.0,1,0,0,0,0,0,1.26
2025-07-02,Washington Nationals,Detroit Tigers,0,0,4.12,1,1,0,2.0,1,0,0,0,0,3,1.22
2025-07-04,Cleveland Guardians,Detroit Tigers,1,0,3.86,1,0,0,2.2,1,0,0,0,0,4,1.17
2025-07-07,Detroit Tigers,Tampa Bay Rays,0,0,3.77,1,0,0,1.0,0,0,0,0,0,0,1.14
2025-07-08,Detroit Tigers,Tampa Bay Rays,0,0,3.68,1,0,0,1.0,0,0,0,0,0,0,1.11
2025-07-11,Detroit Tigers,Seattle Mariners,0,0,3.77,1,0,0,1.1,1,1,1,1,0,1,1.1
2025-07-13,Detroit Tigers,Seattle Mariners,0,0,3.8,1,0,0,2.0,2,1,1,1,0,2,1.1
2025-07-18,Texas Rangers,Detroit Tigers,0,0,3.67,1,0,0,1.2,0,0,0,0,0,2,1.06
2025-07-20,Texas Rangers,Detroit Tigers,1,0,3.6,1,0,0,1.0,0,0,0,0,0,2,1.04
2025-07-22,Pittsburgh Pirates,Detroit Tigers,0,0,3.58,1,0,0,0.1,0,0,0,0,0,0,1.03
2025-07-25,Detroit Tigers,Toronto Blue Jays,0,0,3.51,1,0,0,1.0,2,0,0,0,0,0,1.05
2025-07-27,Detroit Tigers,Toronto Blue Jays,0,0,3.46,1,0,0,0.2,1,0,0,0,1,0,1.08
2025-07-29,Detroit Tigers,Arizona Diamondbacks,0,0,3.4,1,0,0,1.0,0,0,0,0,0,2,1.06
2025-08-01,Philadelphia Phillies,Detroit Tigers,0,0,3.69,1,0,0,0.2,1,2,2,0,1,0,1.08
2025-08-03,Philadelphia Phillies,Detroit Tigers,0,0,3.72,1,0,0,2.0,1,1,1,1,0,1,1.06
2025-08-06,Detroit Tigers,Minnesota Twins,0,0,3.97,1,0,0,1.0,2,2,2,2,0,0,1.08
2025-08-09,Detroit Tigers,Los Angeles Angels,0,0,3.88,1,0,0,1.1,0,0,0,0,0,0,1.05
2025-08-11,Chicago White Sox,Detroit Tigers,0,0,3.79,1,0,0,1.1,1,0,0,0,0,1,1.04
2025-08-14,Minnesota Twins,Detroit Tigers,0,0,3.71,1,0,0,1.1,1,0,0,0,0,1,1.04
2025-08-16,Minnesota Twins,Detroit Tigers,0,0,3.69,1,0,0,0.1,1,1,0,0,1,0,1.07
2025-08-20,Detroit Tigers,Houston Astros,0,0,3.65,1,0,0,0.2,1,0,0,0,0,0,1.07
2025-08-23,Detroit Tigers,Kansas City Royals,0,0,3.57,1,0,0,1.1,1,0,0,0,0,1,1.06
2025-08-24,Detroit Tigers,Kansas City Royals,0,0,3.66,1,0,0,1.0,1,1,1,0,1,1,1.08
2025-08-29,Kansas City Royals,Detroit Tigers,0,0,3.6,1,0,0,1.0,0,0,0,0,2,1,1.09
2025-08-30,Kansas City Royals,Detroit Tigers,0,1,3.84,1,0,0,0.2,1,2,2,1,1,0,1.11
2025-09-03,Detroit Tigers,New York Mets,0,0,3.95,1,0,0,0.1,1,1,1,0,1,0,1.14
2025-09-05,Detroit Tigers,Chicago White Sox,0,0,3.93,1,0,0,0.1,0,0,0,0,0,0,1.13
2025-09-07,Detroit Tigers,Chicago White Sox,0,0,3.86,1,0,0,1.1,1,0,0,0,0,2,1.12
2025-09-10,New York Yankees,Detroit Tigers,0,0,3.8,1,0,0,1.0,1,0,0,0,0,1,1.12
2025-09-11,New York Yankees,Detroit Tigers,0,1,4.0,1,1,0,1.0,2,2,2,1,0,2,1.13
2025-09-16,Detroit Tigers,Cleveland Guardians,0,0,3.91,1,0,0,1.2,0,0,0,0,0,1,1.11
2025-09-18,Detroit Tigers,Cleveland Guardians,0,0,3.84,1,0,0,1.1,1,0,0,0,0,1,1.1
2025-09-20,Detroit Tigers,Atlanta Braves,0,0,3.79,1,0,0,1.0,0,0,0,0,0,0,1.09
2025-09-21,Detroit Tigers,Atlanta Braves,0,0,3.74,1,0,0,1.0,0,0,0,0,1,0,1.08
2025-09-24,Cleveland Guardians,Detroit Tigers,0,0,3.66,1,0,0,1.2,0,0,0,0,0,2,1.06
2025-09-25,Cleveland Guardians,Detroit Tigers,0,0,3.72,1,0,0,1.0,1,1,1,0,0,1,1.06
2025-09-27,Boston Red Sox,Detroit Tigers,1,0,3.66,1,0,0,1.1,0,0,0,0,0,2,1.04
