Date,Home Tm,Away Tm,W,L,ERA,G,GS,SV,IP,H,R,ER,HR,BB,SO,WHIP
2025-03-31,Los Angeles Dodgers,Atlanta Braves,1,0,0.0,1,1,0,5.0,2,0,0,0,3,8,1.0
2025-04-06,Philadelphia Phillies,Los Angeles Dodgers,0,0,6.43,1,1,0,2.0,2,5,5,0,5,2,1.71
2025-04-13,Los Angeles Dodgers,Chicago Cubs,0,0,4.85,1,1,0,6.0,3,2,2,2,1,7,1.23
2025-04-20,Texas Rangers,Los Angeles Dodgers,0,0,3.71,1,1,0,4.0,3,0,0,0,1,6,1.18
2025-04-27,Los Angeles Dodgers,Pittsburgh Pirates,0,0,4.5,1,1,0,1.0,2,2,2,2,1,0,1.28
2025-07-09,Milwaukee Brewers,Los Angeles Dodgers,0,0,3.52,1,1,0,5.0,2,1,0,0,3,5,1.22
2025-07-18,Los Angeles Dodgers,Milwaukee Brewers,0,1,3.1,1,1,0,6.0,4,1,1,0,1,6,1.14
2025-07-23,Los Angeles Dodgers,Minnesota Twins,0,0,2.75,1,1,0,7.0,3,1,1,1,1,12,1.03
2025-07-29,Cincinnati Reds,Los Angeles Dodgers,0,0,3.38,1,1,0,4.0,4,4,4,2,5,3,1.15
2025-08-04,Los Angeles Dodgers,St. Louis Cardinals,0,0,3.06,1,1,0,7.0,3,1,1,1,2,7,1.09
2025-08-10,Los Angeles Dodgers,Toronto Blue Jays,0,0,3.08,1,1,0,5.2,4,2,2,0,4,8,1.12
2025-08-17,Los Angeles Dodgers,San Diego Padres,0,0,3.12,1,1,0,5.0,6,2,2,1,1,8,1.14
2025-08-23,San Diego Padres,Los Angeles Dodgers,0,1,3.36,1,1,0,4.0,2,3,3,0,4,3,1.17
2025-08-30,Los Angeles Dodgers,Arizona Diamondbacks,0,1,3.41,1,1,0,7.0,4,3,3,1,0,6,1.11
2025-09-08,Los Angeles Dodgers,Colorado Rockies,1,0,3.21,1,1,0,7.0,0,1,1,0,2,11,1.03
2025-09-14,San Francisco Giants,Los Angeles Dodgers,1,0,3.06,1,1,0,6.2,3,1,1,0,4,4,1.03
2025-09-20,Los Angeles Dodgers,San Francisco Giants,1,0,3.3,1,1,0,5.0,6,4,4,0,4,7,1.09
2025-09-27,Seattle Mariners,Los Angeles Dodgers,0,0,3.19,1,1,0,3.0,3,0,0,0,1,3,1.1
