Date,Home Tm,Away Tm,W,L,ERA,G,GS,SV,IP,H,R,ER,HR,BB,SO,WHIP
2025-03-31,St. Louis Cardinals,Los Angeles Angels,0,0,5.4,1,1,0,5.0,6,3,3,2,2,4,1.6
2025-04-06,Los Angeles Angels,Cleveland Guardians,0,0,4.5,1,1,0,5.0,1,2,2,1,4,5,1.3
2025-04-12,Houston Astros,Los Angeles Angels,1,0,2.87,1,1,0,5.2,1,0,0,0,4,6,1.15
2025-04-18,Los Angeles Angels,San Francisco Giants,1,0,2.08,1,1,0,6.0,3,0,0,0,2,6,1.06
2025-04-24,Los Angeles Angels,Pittsburgh Pirates,0,0,2.6,1,1,0,6.0,6,3,3,2,0,1,1.05
2025-04-30,Seattle Mariners,Los Angeles Angels,0,0,2.67,1,1,0,6.0,4,3,2,1,2,5,1.04
2025-05-06,Los Angeles Angels,Toronto Blue Jays,0,0,2.68,1,1,0,6.2,6,2,2,1,1,7,1.04
2025-05-11,Los Angeles Angels,Baltimore Orioles,0,1,2.58,1,1,0,5.0,4,3,1,0,2,5,1.06
2025-05-17,Los Angeles Dodgers,Los Angeles Angels,0,0,3.04,1,1,0,5.0,7,4,4,2,0,4,1.09
2025-05-22,Athletics,Los Angeles Angels,0,0,3.6,1,1,0,4.2,7,5,5,1,6,0,1.24
2025-05-27,Los Angeles Angels,New York Yankees,0,1,3.39,1,1,0,6.0,5,2,1,1,1,3,1.21
2025-06-02,Boston Red Sox,Los Angeles Angels,0,0,3.86,1,1,0,4.1,7,5,5,0,2,5,1.27
2025-06-08,Los Angeles Angels,Seattle Mariners,0,1,3.99,1,1,0,4.2,8,3,3,0,1,6,1.31
2025-06-14,Baltimore Orioles,Los Angeles Angels,0,1,4.44,1,1,0,5.0,9,6,6,2,2,4,1.37
2025-06-19,New York Yankees,Los Angeles Angels,0,1,4.56,1,1,0,6.0,8,4,4,2,2,4,1.4
2025-06-24,Los Angeles Angels,Boston Red Sox,0,0,4.41,1,1,0,4.2,2,1,1,0,2,5,1.37
2025-07-01,Atlanta Braves,Los Angeles Angels,0,0,4.12,1,1,0,6.0,4,0,0,0,2,7,1.34
2025-07-06,Toronto Blue Jays,Los Angeles Angels,0,1,4.19,1,1,0,5.0,8,3,3,1,2,2,1.38
2025-07-11,Los Angeles Angels,Arizona Diamondbacks,0,0,4.34,1,1,0,5.0,8,4,4,1,2,3,1.41
2025-07-21,New York Mets,Los Angeles Angels,0,0,4.43,1,1,0,6.0,4,4,4,1,5,4,1.41
2025-07-26,Los Angeles Angels,Seattle Mariners,0,0,4.41,1,1,0,4.2,6,2,2,2,0,1,1.41
2025-08-01,Los Angeles Angels,Chicago White Sox,0,1,4.49,1,1,0,6.0,5,4,4,3,2,5,1.39
2025-08-06,Los Angeles Angels,Tampa Bay Rays,0,0,4.63,1,1,0,4.0,5,4,4,3,1,5,1.4
2025-08-16,Athletics,Los Angeles Angels,0,1,4.77,1,1,0,4.0,3,4,4,1,5,1,1.42
2025-08-22,Los Angeles Angels,Chicago Cubs,0,0,4.73,1,1,0,5.0,3,2,2,1,2,5,1.4
2025-08-29,Houston Astros,Los Angeles Angels,0,0,4.56,1,1,0,5.0,5,0,0,0,3,1,1.41
