Date,Home Tm,Away Tm,W,L,ERA,G,GS,SV,IP,H,R,ER,HR,BB,SO,WHIP
2025-03-28,Miami Marlins,Pittsburgh Pirates,0,0,0.0,1,0,0,3.0,3,0,0,0,1,1,1.33
2025-04-02,Miami Marlins,New York Mets,0,0,0.0,1,0,0,2.0,1,0,0,0,0,1,1.0
2025-04-07,New York Mets,Miami Marlins,0,0,0.0,1,0,0,1.1,1,0,0,0,1,0,1.11
2025-04-13,Miami Marlins,Washington Nationals,0,0,1.23,1,0,0,1.0,1,1,1,0,1,2,1.23
2025-04-16,Miami Marlins,Arizona Diamondbacks,0,0,4.0,1,0,0,1.2,3,3,3,2,1,1,1.44
2025-04-18,Philadelphia Phillies,Miami Marlins,0,0,3.6,1,0,0,1.0,0,0,0,0,2,1,1.5
2025-04-21,Miami Marlins,Cincinnati Reds,0,0,5.73,1,0,0,1.0,2,3,3,1,1,0,1.64
2025-04-26,Seattle Mariners,Miami Marlins,0,0,6.0,1,0,0,1.0,3,1,1,0,0,1,1.75
2025-04-27,Seattle Mariners,Miami Marlins,0,0,5.54,1,0,0,1.0,1,0,0,0,0,0,1.69
2025-04-29,Los Angeles Dodgers,Miami Marlins,0,0,4.7,1,0,0,2.1,0,0,0,0,1,1,1.5
2025-05-02,Miami Marlins,Athletics,0,0,3.93,1,0,0,3.0,1,0,0,0,0,2,1.31
2025-05-05,Miami Marlins,Los Angeles Dodgers,0,0,4.43,1,0,0,2.0,6,2,2,0,0,2,1.48
2025-05-07,Miami Marlins,Los Angeles Dodgers,0,0,5.48,1,0,0,1.0,3,3,3,1,0,1,1.55
2025-05-11,Chicago White Sox,Miami Marlins,0,0,5.24,1,0,0,1.0,0,0,0,0,0,2,1.48
2025-05-16,Miami Marlins,Tampa Bay Rays,0,0,4.81,1,0,0,2.0,0,0,0,0,0,0,1.36
2025-05-21,Miami Marlins,Chicago Cubs,0,0,4.62,1,0,0,1.0,2,0,0,0,0,0,1.38
2025-05-26,San Diego Padres,Miami Marlins,0,0,4.28,1,0,0,2.0,0,0,0,0,1,0,1.32
2025-06-01,Miami Marlins,San Francisco Giants,0,0,4.13,1,0,0,1.0,2,0,0,0,0,1,1.34
2025-06-03,Miami Marlins,Colorado Rockies,0,0,3.99,1,0,0,1.0,1,0,0,0,0,0,1.33
2025-06-06,Tampa Bay Rays,Miami Marlins,0,0,3.86,1,0,0,1.0,1,0,0,0,0,1,1.32
2025-06-07,Tampa Bay Rays,Miami Marlins,0,0,4.55,1,0,0,1.1,3,3,3,2,0,1,1.36
2025-06-09,Pittsburgh Pirates,Miami Marlins,0,0,4.68,1,0,0,1.0,2,1,1,0,0,0,1.38
2025-06-13,Washington Nationals,Miami Marlins,1,0,4.59,1,0,0,0.2,0,0,0,0,0,1,1.35
2025-06-15,Washington Nationals,Miami Marlins,0,0,4.33,1,0,0,2.0,1,0,0,0,1,1,1.33
2025-06-17,Miami Marlins,Philadelphia Phillies,0,0,4.21,1,0,0,1.0,0,0,0,0,0,1,1.29
2025-06-18,Miami Marlins,Philadelphia Phillies,0,0,4.1,1,0,0,1.0,2,0,0,0,0,1,1.31
2025-06-20,Miami Marlins,Atlanta Braves,0,0,3.99,1,0,0,1.0,1,0,0,0,0,0,1.3
2025-06-25,San Francisco Giants,Miami Marlins,0,0,3.89,1,0,0,1.0,1,1,0,0,0,0,1.3
2025-06-27,Arizona Diamondbacks,Miami Marlins,0,0,4.24,1,0,0,1.0,3,3,2,0,1,1,1.36
2025-07-04,Miami Marlins,Milwaukee Brewers,0,0,4.1,1,0,0,1.1,1,0,0,0,0,4,1.34
2025-07-05,Miami Marlins,Milwaukee Brewers,0,0,4.04,1,0,0,0.2,0,0,0,0,0,0,1.32
2025-07-08,Cincinnati Reds,Miami Marlins,0,0,3.86,1,0,0,2.0,2,0,0,0,2,2,1.35
2025-07-11,Baltimore Orioles,Miami Marlins,0,0,3.69,1,0,0,2.0,1,0,0,0,1,0,1.34
2025-07-19,Miami Marlins,Kansas City Royals,0,0,3.61,1,0,0,1.0,0,0,0,0,1,0,1.33
2025-07-21,Miami Marlins,San Diego Padres,0,0,3.47,1,0,0,2.0,0,0,0,0,0,1,1.28
2025-07-26,Milwaukee Brewers,Miami Marlins,0,0,3.38,1,0,1,4.0,3,1,1,1,0,4,1.24
2025-07-30,St. Louis Cardinals,Miami Marlins,0,0,3.23,1,0,0,2.1,2,0,0,0,1,3,1.24
2025-08-02,Miami Marlins,New York Yankees,0,0,3.18,1,0,0,1.0,0,0,0,0,0,0,1.22
2025-08-10,Atlanta Braves,Miami Marlins,0,1,3.39,1,0,0,1.2,2,2,2,0,3,3,1.27
2025-08-13,Cleveland Guardians,Miami Marlins,0,0,3.28,1,0,0,2.0,1,0,0,0,0,1,1.24
2025-08-17,Boston Red Sox,Miami Marlins,1,0,3.23,1,0,0,1.0,0,0,0,0,0,0,1.22
2025-08-23,Miami Marlins,Toronto Blue Jays,0,0,3.32,1,0,0,1.0,3,1,1,1,0,0,1.25
2025-08-24,Miami Marlins,Toronto Blue Jays,0,0,3.27,1,0,1,1.0,0,0,0,0,0,0,1.23
2025-08-26,Miami Marlins,Atlanta Braves,0,0,3.25,1,0,0,0.1,1,0,0,0,0,0,1.24
2025-08-30,New York Mets,Miami Marlins,0,0,3.2,1,0,1,1.0,1,0,0,0,1,1,1.25
2025-09-03,Washington Nationals,Miami Marlins,0,0,3.15,1,0,0,1.0,0,0,0,0,1,1,1.25
2025-09-07,Miami Marlins,Philadelphia Phillies,0,0,3.16,1,1,0,2.2,1,1,1,0,1,3,1.23
2025-09-11,Miami Marlins,Washington Nationals,0,0,3.07,1,0,0,2.0,1,0,0,0,0,1,1.21
2025-09-16,Colorado Rockies,Miami Marlins,0,0,2.99,1,0,0,2.0,0,0,0,0,1,1,1.19
2025-09-18,Colorado Rockies,Miami Marlins,0,0,2.93,1,0,0,1.1,1,0,0,0,0,1,1.18
2025-09-20,Texas Rangers,Miami Marlins,0,0,2.91,1,0,0,0.2,1,0,0,0,0,0,1.18
2025-09-23,Philadelphia Phillies,Miami Marlins,0,0,2.87,1,0,0,1.0,0,0,0,0,0,3,1.17
2025-09-26,Miami Marlins,New York Mets,0,0,2.82,1,0,1,1.1,0,0,0,0,0,0,1.15
2025-09-28,Miami Marlins,New York Mets,0,0,2.78,1,0,0,1.0,0,0,0,0,1,0,1.15
