Date,Home Tm,Away Tm,W,L,ERA,G,GS,SV,IP,H,R,ER,HR,BB,SO,WHIP
2025-03-29,Texas Rangers,Boston Red Sox,0,0,5.4,1,1,0,1.2,2,1,1,0,4,3,3.6
2025-04-04,Texas Rangers,Tampa Bay Rays,1,0,1.35,1,1,0,5.0,1,0,0,0,2,5,1.35
2025-04-09,Chicago Cubs,Texas Rangers,1,0,1.32,1,1,0,7.0,2,1,1,0,1,4,0.88
2025-04-15,Texas Rangers,Los Angeles Angels,1,0,0.92,1,1,0,6.0,3,0,0,0,2,9,0.86
2025-04-20,Texas Rangers,Los Angeles Dodgers,0,0,0.68,1,1,0,7.0,2,0,0,0,3,4,0.83
2025-04-26,San Francisco Giants,Texas Rangers,0,0,1.14,1,1,0,5.0,8,2,2,0,1,1,0.98
2025-05-01,Texas Rangers,Athletics,0,1,1.19,1,1,0,6.0,5,1,1,0,1,6,0.98
2025-05-07,Boston Red Sox,Texas Rangers,0,0,1.48,1,1,0,5.0,4,2,2,2,1,0,0.98
2025-05-12,Texas Rangers,Colorado Rockies,1,0,1.47,1,1,0,6.1,4,1,1,0,1,5,0.96
2025-05-17,Texas Rangers,Houston Astros,1,0,1.47,1,1,0,6.0,5,1,1,0,2,3,0.98
2025-05-23,Chicago White Sox,Texas Rangers,0,1,1.8,1,1,0,5.0,5,3,3,0,3,3,1.03
2025-05-28,Texas Rangers,Toronto Blue Jays,0,0,1.64,1,1,0,6.0,4,0,0,0,3,5,1.05
2025-06-03,Tampa Bay Rays,Texas Rangers,0,1,2.02,1,1,0,5.1,5,4,4,1,2,5,1.07
2025-06-10,Minnesota Twins,Texas Rangers,1,0,2.34,1,1,0,5.2,10,4,4,1,1,3,1.13
2025-09-19,Texas Rangers,Miami Marlins,0,0,2.2,1,1,0,4.2,4,0,0,0,1,6,1.13
2025-09-25,Texas Rangers,Minnesota Twins,0,1,2.18,1,1,0,5.0,5,1,1,1,1,4,1.13
