Date,Home Tm,Away Tm,W,L,ERA,G,GS,SV,IP,H,R,ER,HR,BB,SO,WHIP
2025-04-08,Cleveland Guardians,Chicago White Sox,0,0,0.0,1,0,0,1.2,0,0,0,0,1,3,0.6
2025-04-12,Chicago White Sox,Boston Red Sox,1,0,0.0,1,0,0,0.1,0,0,0,0,0,0,0.5
2025-04-13,Chicago White Sox,Boston Red Sox,0,0,0.0,1,0,0,0.1,0,0,0,0,0,0,0.43
2025-04-16,Chicago White Sox,Athletics,0,1,5.4,1,0,0,1.0,2,2,2,0,0,0,0.9
2025-04-18,Boston Red Sox,Chicago White Sox,0,0,9.64,1,0,0,1.1,1,3,3,1,2,2,1.29
2025-04-21,Boston Red Sox,Chicago White Sox,0,0,7.94,1,0,0,1.0,2,0,0,0,0,3,1.41
2025-04-25,Athletics,Chicago White Sox,0,0,6.75,1,1,0,1.0,1,0,0,0,0,2,1.35
2025-04-26,Athletics,Chicago White Sox,0,0,5.87,1,1,0,1.0,0,0,0,0,1,1,1.3
2025-04-29,Chicago White Sox,Milwaukee Brewers,0,0,5.59,1,1,0,2.0,1,1,1,1,1,3,1.24
2025-05-07,Kansas City Royals,Chicago White Sox,0,0,4.91,1,0,0,1.1,0,0,0,0,0,1,1.09
2025-05-10,Chicago White Sox,Miami Marlins,0,0,4.63,1,0,0,0.2,0,0,0,0,2,0,1.2
2025-05-11,Chicago White Sox,Miami Marlins,0,0,4.26,1,0,0,1.0,0,0,0,0,0,0,1.11
2025-05-16,Chicago Cubs,Chicago White Sox,0,0,4.85,1,0,0,0.1,1,1,1,0,0,1,1.15
2025-06-13,Texas Rangers,Chicago White Sox,0,0,4.2,1,0,0,2.0,1,0,0,0,0,1,1.07
2025-06-19,Chicago White Sox,St. Louis Cardinals,0,0,3.86,1,0,0,1.1,1,0,0,0,0,1,1.04
2025-06-20,Toronto Blue Jays,Chicago White Sox,0,0,3.63,1,0,0,1.0,1,0,0,0,0,1,1.04
2025-06-23,Chicago White Sox,Arizona Diamondbacks,0,0,3.26,1,0,0,2.0,1,0,0,0,1,1,1.03
2025-06-27,Chicago White Sox,San Francisco Giants,0,0,3.1,1,0,0,1.0,0,0,0,0,0,1,0.98
2025-06-29,Chicago White Sox,San Francisco Giants,1,0,2.95,1,0,0,1.0,1,0,0,0,1,2,1.03
2025-07-03,Los Angeles Dodgers,Chicago White Sox,0,0,3.13,1,0,0,1.2,2,1,1,1,0,2,1.04
2025-07-08,Chicago White Sox,Toronto Blue Jays,0,0,3.24,1,0,0,2.0,3,1,1,0,2,1,1.16
2025-07-11,Chicago White Sox,Cleveland Guardians,0,0,3.2,1,0,0,0.1,0,0,0,0,0,0,1.14
2025-07-12,Chicago White Sox,Cleveland Guardians,0,0,3.29,1,0,0,2.0,1,1,1,0,1,1,1.13
2025-07-19,Pittsburgh Pirates,Chicago White Sox,1,0,3.21,1,0,0,0.2,0,0,0,0,1,1,1.14
2025-07-21,Tampa Bay Rays,Chicago White Sox,1,0,3.14,1,0,0,0.2,0,0,0,0,1,2,1.15
2025-07-23,Tampa Bay Rays,Chicago White Sox,0,0,3.07,1,0,0,0.2,0,0,0,0,1,0,1.16
2025-07-25,Chicago White Sox,Chicago Cubs,0,0,2.93,1,0,0,1.1,0,0,0,0,0,0,1.11
2025-07-26,Chicago White Sox,Chicago Cubs,0,0,3.13,1,0,0,1.0,1,1,1,0,0,0,1.11
2025-07-29,Chicago White Sox,Philadelphia Phillies,0,0,3.03,1,0,0,1.0,1,0,0,0,1,1,1.13
2025-08-05,Seattle Mariners,Chicago White Sox,0,0,2.94,1,0,0,1.0,0,0,0,0,1,0,1.13
2025-08-07,Seattle Mariners,Chicago White Sox,0,0,2.86,1,0,0,1.0,0,1,0,0,0,1,1.1
2025-08-09,Chicago White Sox,Cleveland Guardians,0,0,2.72,1,0,0,1.2,0,0,0,0,2,0,1.1
2025-08-12,Chicago White Sox,Detroit Tigers,0,0,3.13,1,0,0,1.0,3,2,2,1,0,1,1.15
2025-08-19,Atlanta Braves,Chicago White Sox,0,0,3.58,1,0,0,0.1,2,3,2,0,0,0,1.19
2025-08-22,Chicago White Sox,Minnesota Twins,0,0,3.49,1,0,0,1.0,1,0,0,0,0,1,1.19
2025-08-25,Chicago White Sox,Kansas City Royals,0,0,3.32,1,0,0,2.0,1,0,0,0,0,1,1.16
2025-08-27,Chicago White Sox,Kansas City Royals,0,0,4.61,1,0,0,0.1,6,6,6,1,1,0,1.32
2025-09-05,Detroit Tigers,Chicago White Sox,0,0,4.43,1,0,0,1.2,2,0,0,0,1,3,1.34
2025-09-10,Chicago White Sox,Tampa Bay Rays,0,0,4.4,1,0,1,0.1,0,0,0,0,0,1,1.33
2025-09-11,Chicago White Sox,Tampa Bay Rays,0,0,4.36,1,0,0,0.1,0,0,0,0,0,1,1.32
2025-09-13,Cleveland Guardians,Chicago White Sox,0,0,4.17,1,0,0,2.0,0,0,0,0,0,2,1.26
2025-09-15,Chicago White Sox,Baltimore Orioles,0,0,4.08,1,1,0,1.0,0,0,0,0,0,1,1.23
2025-09-17,Chicago White Sox,Baltimore Orioles,0,0,4.05,1,0,0,0.1,0,0,0,0,0,1,1.22
2025-09-23,New York Yankees,Chicago White Sox,0,0,3.97,1,0,0,1.0,1,0,0,0,0,2,1.22
2025-09-25,New York Yankees,Chicago White Sox,0,1,4.01,1,0,0,1.2,1,1,1,0,3,2,1.26
2025-09-27,Washington Nationals,Chicago White Sox,0,0,3.88,1,1,0,1.2,2,0,0,0,0,1,1.25
