Date,Home Tm,Away Tm,W,L,ERA,G,GS,SV,IP,H,R,ER,HR,BB,SO,WHIP
2025-03-27,New York Yankees,Milwaukee Brewers,0,0,0.0,1,0,0,1.0,1,0,0,0,0,1,1.0
2025-03-30,New York Yankees,Milwaukee Brewers,0,0,5.4,1,0,0,2.1,1,2,2,0,2,2,1.2
2025-04-04,Milwaukee Brewers,Cincinnati Reds,1,0,2.0,1,1,0,5.2,0,0,0,0,3,6,0.78
2025-04-09,Colorado Rockies,Milwaukee Brewers,0,0,2.84,1,1,0,3.2,6,2,2,1,2,3,1.18
2025-04-14,Milwaukee Brewers,Detroit Tigers,0,1,4.32,1,1,0,4.0,6,8,4,0,3,2,1.44
2025-04-20,Milwaukee Brewers,Athletics,0,0,3.66,1,0,1,3.0,1,0,0,0,0,5,1.27
2025-04-24,San Francisco Giants,Milwaukee Brewers,0,1,4.5,1,0,0,0.1,1,2,2,0,1,0,1.35
2025-04-25,St. Louis Cardinals,Milwaukee Brewers,0,0,4.71,1,0,0,1.0,3,1,1,0,0,0,1.43
2025-04-30,Chicago White Sox,Milwaukee Brewers,0,0,4.56,1,0,0,2.2,1,1,1,0,0,1,1.31
2025-05-02,Milwaukee Brewers,Chicago Cubs,0,1,5.18,1,1,0,0.2,3,2,2,0,0,1,1.4
2025-05-07,Milwaukee Brewers,Houston Astros,0,0,5.04,1,0,0,0.2,0,0,0,0,0,0,1.36
2025-05-10,Tampa Bay Rays,Milwaukee Brewers,0,0,4.85,1,0,0,1.0,0,0,0,0,1,1,1.35
2025-05-11,Tampa Bay Rays,Milwaukee Brewers,1,0,4.55,1,0,0,1.2,0,0,0,0,0,0,1.27
2025-05-13,Cleveland Guardians,Milwaukee Brewers,0,0,4.5,1,0,0,0.1,2,0,0,0,0,1,1.32
2025-05-16,Milwaukee Brewers,Minnesota Twins,0,0,4.2,1,0,0,2.0,0,0,0,0,0,2,1.23
2025-05-17,Milwaukee Brewers,Minnesota Twins,0,0,4.35,1,0,0,1.0,3,1,1,0,0,1,1.29
2025-05-20,Milwaukee Brewers,Baltimore Orioles,0,0,4.41,1,0,0,1.2,3,1,1,0,0,2,1.32
2025-05-21,Milwaukee Brewers,Baltimore Orioles,0,1,5.08,1,0,0,1.0,3,4,3,1,0,0,1.37
2025-05-24,Pittsburgh Pirates,Milwaukee Brewers,0,1,5.24,1,0,0,0.2,2,1,1,0,0,0,1.4
2025-05-28,Milwaukee Brewers,Boston Red Sox,1,0,5.09,1,0,0,1.0,1,1,0,0,0,2,1.39
2025-05-31,Philadelphia Phillies,Milwaukee Brewers,0,0,6.19,1,0,0,1.0,5,5,5,1,0,0,1.49
2025-06-08,Chicago White Sox,Kansas City Royals,0,1,5.95,1,0,0,3.0,5,1,1,0,1,2,1.53
2025-06-14,Texas Rangers,Chicago White Sox,0,1,5.53,1,0,0,3.0,2,1,0,0,3,3,1.54
2025-06-17,Chicago White Sox,St. Louis Cardinals,0,0,5.73,1,0,0,1.2,3,2,2,0,0,0,1.55
2025-06-20,Toronto Blue Jays,Chicago White Sox,1,0,5.25,1,0,0,4.0,4,0,0,0,0,2,1.5
2025-06-25,Chicago White Sox,Arizona Diamondbacks,0,0,5.14,1,0,0,1.0,1,0,0,0,1,0,1.51
2025-06-27,Chicago White Sox,San Francisco Giants,0,1,5.19,1,0,0,3.0,3,2,2,0,2,2,1.52
2025-07-01,Los Angeles Dodgers,Chicago White Sox,0,0,4.97,1,0,0,2.1,0,0,0,0,0,3,1.45
2025-07-07,Chicago White Sox,Toronto Blue Jays,0,0,4.71,1,0,0,3.0,0,0,0,0,0,2,1.38
2025-07-11,Chicago White Sox,Cleveland Guardians,0,1,4.75,1,0,0,3.1,2,2,2,1,0,3,1.34
2025-07-18,Pittsburgh Pirates,Chicago White Sox,0,0,4.67,1,0,0,1.0,0,0,0,0,1,1,1.33
2025-07-22,Tampa Bay Rays,Chicago White Sox,0,0,4.52,1,0,0,2.0,2,0,0,0,0,4,1.32
2025-07-26,Chicago White Sox,Chicago Cubs,0,0,4.45,1,0,0,1.0,1,0,0,0,0,1,1.31
2025-07-27,Chicago White Sox,Chicago Cubs,0,0,4.36,1,0,0,1.1,0,0,0,0,1,1,1.3
2025-07-30,Chicago White Sox,Philadelphia Phillies,0,0,4.41,1,1,0,3.1,3,2,2,0,1,3,1.3
2025-08-03,Los Angeles Angels,Chicago White Sox,0,1,4.8,1,0,0,0.0,2,3,3,1,1,0,1.34
2025-08-06,Seattle Mariners,Chicago White Sox,0,0,4.52,1,0,0,4.1,1,0,0,0,1,5,1.29
2025-08-11,Chicago White Sox,Detroit Tigers,0,0,4.27,1,0,0,4.1,2,0,0,0,1,5,1.26
2025-08-16,Kansas City Royals,Chicago White Sox,0,0,4.48,1,0,0,2.1,5,3,3,0,1,4,1.29
2025-08-19,Atlanta Braves,Chicago White Sox,0,1,4.67,1,0,0,0.2,2,2,2,0,2,0,1.33
2025-08-23,Chicago White Sox,Minnesota Twins,0,0,4.61,1,0,0,3.0,2,1,1,1,0,0,1.31
2025-08-26,Chicago White Sox,Kansas City Royals,0,0,4.61,1,0,0,0.0,2,0,0,0,0,0,1.33
2025-08-28,Chicago White Sox,New York Yankees,0,1,4.69,1,0,0,2.1,4,2,2,0,0,2,1.34
2025-08-30,Chicago White Sox,New York Yankees,0,1,4.84,1,0,0,1.0,3,3,2,0,1,0,1.37
2025-09-01,Minnesota Twins,Chicago White Sox,1,0,4.85,1,0,0,1.2,2,1,1,0,0,1,1.37
2025-09-04,Minnesota Twins,Chicago White Sox,0,0,4.95,1,0,0,2.0,5,2,2,1,0,1,1.4
2025-09-09,Chicago White Sox,Tampa Bay Rays,0,1,4.97,1,0,0,1.1,1,1,1,1,0,2,1.39
2025-09-11,Chicago White Sox,Tampa Bay Rays,0,0,5.01,1,0,0,1.0,2,1,1,0,1,1,1.4
2025-09-15,Chicago White Sox,Baltimore Orioles,0,0,5.19,1,0,0,0.1,3,2,2,1,0,0,1.43
2025-09-16,Chicago White Sox,Baltimore Orioles,0,0,5.13,1,0,0,1.0,1,0,0,0,0,1,1.43
2025-09-24,New York Yankees,Chicago White Sox,0,0,5.03,1,0,0,2.0,2,0,0,0,0,2,1.42
2025-09-28,Washington Nationals,Chicago White Sox,0,0,4.98,1,0,0,1.0,0,0,0,0,0,1,1.4
