Date,Home Tm,Away Tm,W,L,ERA,G,GS,SV,IP,H,R,ER,HR,BB,SO,WHIP
2025-03-28,Houston Astros,New York Mets,1,0,1.8,1,1,0,5.0,3,1,1,0,1,6,0.8
2025-04-04,New York Mets,Toronto Blue Jays,1,0,0.87,1,1,0,5.1,2,0,0,0,3,4,0.87
2025-04-09,New York Mets,Miami Marlins,0,1,0.63,1,1,0,4.0,6,2,0,0,3,7,1.26
2025-04-15,Minnesota Twins,New York Mets,0,1,1.4,1,1,0,5.0,8,4,2,0,0,3,1.34
2025-04-21,New York Mets,Philadelphia Phillies,1,0,1.09,1,1,0,5.1,1,0,0,0,4,10,1.26
2025-04-27,Washington Nationals,New York Mets,0,0,1.74,1,1,0,6.1,3,3,3,1,1,9,1.13
2025-05-04,St. Louis Cardinals,New York Mets,0,0,2.5,1,1,0,5.0,4,4,4,1,3,6,1.17
2025-05-10,New York Mets,Chicago Cubs,0,1,3.1,1,1,0,4.2,7,4,4,1,2,7,1.25
2025-05-16,New York Yankees,New York Mets,0,1,3.74,1,1,0,2.2,4,4,4,0,5,4,1.38
2025-05-21,Boston Red Sox,New York Mets,0,0,3.56,1,1,0,4.2,4,1,1,0,1,10,1.35
2025-05-27,New York Mets,Chicago White Sox,1,0,3.52,1,1,0,5.2,4,2,2,1,4,6,1.36
2025-06-03,Los Angeles Dodgers,New York Mets,0,0,3.77,1,1,0,6.0,4,4,4,1,1,7,1.31
2025-06-08,Colorado Rockies,New York Mets,1,0,3.76,1,1,0,5.0,3,2,2,0,3,5,1.3
2025-06-14,New York Mets,Tampa Bay Rays,0,1,3.95,1,1,0,3.2,7,6,3,1,2,5,1.36
