Date,Home Tm,Away Tm,W,L,ERA,G,GS,SV,IP,H,R,ER,HR,BB,SO,WHIP
2025-03-29,Miami Marlins,Pittsburgh Pirates,0,0,2.08,1,1,0,4.1,4,1,1,0,2,4,1.38
2025-04-07,New York Mets,Miami Marlins,0,1,2.25,1,1,0,3.2,5,1,1,0,2,2,1.63
2025-05-02,Miami Marlins,Athletics,0,1,4.97,1,1,0,4.2,4,5,5,1,4,1,1.66
2025-05-07,Miami Marlins,Los Angeles Dodgers,0,0,3.5,1,1,0,5.1,1,0,0,0,2,7,1.33
2025-05-13,Chicago Cubs,Miami Marlins,0,0,3.27,1,1,0,4.0,4,2,1,1,1,2,1.32
2025-05-19,Miami Marlins,Chicago Cubs,1,0,2.88,1,0,0,3.0,2,0,0,0,1,1,1.28
2025-05-27,San Diego Padres,Miami Marlins,0,0,2.89,1,0,0,3.0,3,1,1,1,1,4,1.29
2025-06-02,Miami Marlins,Colorado Rockies,0,0,2.9,1,0,0,3.0,2,1,1,0,0,4,1.23
2025-06-08,Tampa Bay Rays,Miami Marlins,0,1,3.41,1,0,0,3.1,2,3,3,1,1,3,1.19
2025-06-13,Washington Nationals,Miami Marlins,0,0,4.29,1,0,0,1.1,5,4,4,0,0,1,1.29
2025-06-16,Miami Marlins,Philadelphia Phillies,0,0,4.19,1,0,0,3.0,3,1,1,0,0,1,1.27
2025-06-19,Miami Marlins,Philadelphia Phillies,0,0,4.08,1,0,0,1.0,2,0,0,0,0,1,1.29
2025-06-26,San Francisco Giants,Miami Marlins,0,0,3.89,1,0,0,2.0,3,0,0,0,0,1,1.3
2025-06-28,Arizona Diamondbacks,Miami Marlins,0,0,3.71,1,0,0,2.0,0,0,0,0,0,1,1.24
2025-07-02,Miami Marlins,Minnesota Twins,0,0,3.55,1,0,0,2.0,2,0,0,0,0,1,1.23
2025-07-06,Miami Marlins,Milwaukee Brewers,0,0,3.59,1,0,0,2.0,4,1,1,0,0,0,1.26
2025-07-09,Cincinnati Reds,Miami Marlins,0,0,3.55,1,0,0,3.0,2,1,1,1,1,1,1.24
2025-07-20,Miami Marlins,Kansas City Royals,0,0,3.52,1,0,0,3.0,2,1,1,1,1,2,1.23
2025-07-27,Milwaukee Brewers,Miami Marlins,0,0,3.46,1,0,0,1.0,2,0,0,0,0,0,1.24
2025-07-29,St. Louis Cardinals,Miami Marlins,0,0,3.34,1,0,0,2.0,0,0,0,0,1,3,1.22
2025-08-01,Miami Marlins,New York Yankees,0,0,3.68,1,0,0,2.0,5,3,3,1,0,2,1.26
2025-08-05,Miami Marlins,Houston Astros,0,0,3.47,1,0,0,3.2,2,0,0,0,0,0,1.22
2025-08-09,Atlanta Braves,Miami Marlins,0,0,3.78,1,0,0,2.0,4,3,3,0,2,0,1.27
2025-08-14,Cleveland Guardians,Miami Marlins,0,0,4.21,1,0,0,2.0,3,4,4,0,0,1,1.28
2025-08-18,Miami Marlins,St. Louis Cardinals,0,0,4.14,1,0,0,1.0,0,0,0,0,0,2,1.26
2025-08-22,Miami Marlins,Toronto Blue Jays,0,0,4.02,1,0,0,2.0,0,0,0,0,2,1,1.25
2025-08-29,New York Mets,Miami Marlins,0,0,3.91,1,0,0,4.1,4,1,1,1,2,3,1.26
2025-09-05,Miami Marlins,Philadelphia Phillies,0,1,3.99,1,1,0,3.0,4,2,2,1,0,2,1.27
2025-09-09,Miami Marlins,Washington Nationals,0,0,3.89,1,0,0,2.0,2,0,0,0,0,1,1.26
2025-09-18,Colorado Rockies,Miami Marlins,0,0,4.31,1,0,0,0.2,4,4,4,2,0,0,1.3
2025-09-23,Philadelphia Phillies,Miami Marlins,0,0,4.26,1,0,0,1.0,1,0,0,0,0,1,1.29
2025-09-24,Philadelphia Phillies,Miami Marlins,0,0,4.65,1,0,0,1.0,4,5,4,4,0,1,1.33
