Date,Home Tm,Away Tm,W,L,ERA,G,GS,SV,IP,H,R,ER,HR,BB,SO,WHIP
2025-03-29,Texas Rangers,Boston Red Sox,0,1,8.31,1,1,0,4.1,7,4,4,1,0,3,1.62
2025-04-04,Boston Red Sox,St. Louis Cardinals,1,0,8.68,1,1,0,5.0,7,5,5,2,1,4,1.61
2025-04-10,Boston Red Sox,Toronto Blue Jays,0,0,5.74,1,1,0,6.1,4,1,1,0,1,7,1.28
2025-04-15,Tampa Bay Rays,Boston Red Sox,1,0,5.23,1,1,0,5.0,3,2,2,1,3,3,1.26
2025-04-21,Boston Red Sox,Chicago White Sox,1,0,4.23,1,1,0,7.0,4,1,1,0,3,9,1.19
2025-04-26,Cleveland Guardians,Boston Red Sox,1,0,4.28,1,1,0,6.0,7,3,3,1,1,3,1.22
2025-05-20,Boston Red Sox,New York Mets,0,0,4.0,1,1,0,2.1,0,0,0,0,2,4,1.19
2025-05-25,Boston Red Sox,Baltimore Orioles,0,1,3.95,1,1,0,5.0,4,2,2,1,2,3,1.2
2025-05-31,Atlanta Braves,Boston Red Sox,0,1,4.44,1,1,0,5.2,10,5,5,2,2,6,1.31
2025-06-06,New York Yankees,Boston Red Sox,0,1,5.18,1,1,0,2.0,7,7,5,2,2,2,1.44
2025-06-11,Boston Red Sox,Tampa Bay Rays,1,0,5.01,1,1,0,7.0,6,3,3,1,1,7,1.38
2025-06-17,Seattle Mariners,Boston Red Sox,0,1,5.95,1,1,0,3.1,8,8,8,1,4,2,1.51
2025-06-23,Los Angeles Angels,Boston Red Sox,0,0,6.29,1,1,0,4.0,3,5,5,1,7,3,1.57
2025-06-29,Boston Red Sox,Toronto Blue Jays,0,1,6.45,1,1,0,4.0,4,4,4,2,3,3,1.58
2025-07-05,Washington Nationals,Boston Red Sox,1,0,6.25,1,1,0,5.0,8,3,2,0,0,2,1.58
2025-07-10,Boston Red Sox,Tampa Bay Rays,0,0,6.12,1,1,0,6.0,5,3,3,2,3,2,1.56
2025-07-21,Philadelphia Phillies,Boston Red Sox,0,0,5.72,1,1,0,7.0,6,2,1,0,1,4,1.52
2025-07-27,Boston Red Sox,Los Angeles Dodgers,0,0,5.72,1,1,0,4.2,4,3,3,1,5,4,1.54
2025-08-02,Boston Red Sox,Houston Astros,0,0,5.74,1,1,0,4.1,9,3,3,1,3,0,1.6
2025-08-08,San Diego Padres,Boston Red Sox,1,0,5.4,1,1,0,6.0,4,0,0,0,2,4,1.56
2025-08-13,Houston Astros,Boston Red Sox,0,1,5.43,1,1,0,6.0,4,4,4,2,4,3,1.55
2025-08-19,Boston Red Sox,Baltimore Orioles,0,0,5.4,1,1,0,4.0,4,2,2,0,4,4,1.56
2025-08-24,New York Yankees,Boston Red Sox,0,0,5.45,1,0,0,2.1,2,2,2,1,1,2,1.56
2025-09-12,Philadelphia Phillies,Kansas City Royals,1,0,5.29,1,1,0,5.0,5,1,1,0,1,3,1.54
2025-09-19,Arizona Diamondbacks,Philadelphia Phillies,1,0,5.13,1,0,0,3.2,2,0,0,0,2,3,1.53
2025-09-25,Philadelphia Phillies,Miami Marlins,1,0,4.93,1,1,0,5.0,3,0,0,0,3,2,1.52
