Date,Home Tm,Away Tm,W,L,ERA,G,GS,SV,IP,H,R,ER,HR,BB,SO,WHIP
2025-03-27,San Diego Padres,Atlanta Braves,1,0,0.0,1,0,0,0.1,0,0,0,0,0,0,0.0
2025-03-29,San Diego Padres,Atlanta Braves,1,0,0.0,1,0,0,1.1,0,0,0,0,0,1,0.0
2025-03-31,San Diego Padres,Cleveland Guardians,0,0,0.0,1,0,0,1.0,0,0,0,0,0,0,0.0
2025-04-02,San Diego Padres,Cleveland Guardians,0,0,0.0,1,0,0,0.2,1,0,0,0,0,1,0.3
2025-04-04,Chicago Cubs,San Diego Padres,0,0,0.0,1,0,0,1.0,0,0,0,0,1,1,0.46
2025-04-05,Chicago Cubs,San Diego Padres,0,0,0.0,1,0,0,1.0,0,0,0,0,0,0,0.38
2025-04-08,Athletics,San Diego Padres,0,0,0.0,1,0,0,1.0,0,0,0,0,0,1,0.32
2025-04-14,San Diego Padres,Chicago Cubs,0,0,0.0,1,0,0,1.0,1,0,0,0,1,1,0.55
2025-04-16,San Diego Padres,Chicago Cubs,0,0,1.08,1,0,0,1.0,2,1,1,1,0,1,0.72
2025-04-21,Detroit Tigers,San Diego Padres,0,0,0.93,1,0,0,1.1,0,0,0,0,1,0,0.72
2025-04-25,San Diego Padres,Tampa Bay Rays,0,0,0.84,1,0,0,1.0,0,0,0,0,0,2,0.66
2025-04-26,San Diego Padres,Tampa Bay Rays,0,0,0.77,1,0,0,1.0,1,0,0,0,0,1,0.69
2025-05-02,Pittsburgh Pirates,San Diego Padres,0,0,1.46,1,0,0,0.2,1,1,1,0,1,1,0.81
2025-05-04,Pittsburgh Pirates,San Diego Padres,0,0,1.35,1,0,0,1.0,0,0,0,0,0,1,0.75
2025-05-06,New York Yankees,San Diego Padres,0,0,5.14,1,0,0,0.2,4,6,6,1,2,0,1.14
2025-05-09,Colorado Rockies,San Diego Padres,0,0,5.65,1,0,0,0.1,3,2,1,0,0,0,1.33
2025-05-11,Colorado Rockies,San Diego Padres,0,0,6.46,1,0,0,1.0,3,2,2,0,1,0,1.5
2025-05-16,San Diego Padres,Seattle Mariners,0,0,5.94,1,0,0,1.1,2,0,0,0,0,1,1.5
2025-05-18,San Diego Padres,Seattle Mariners,0,0,5.6,1,0,0,1.0,1,0,0,0,1,2,1.53
2025-05-20,Toronto Blue Jays,San Diego Padres,0,0,5.3,1,0,0,1.0,0,0,0,0,1,1,1.5
2025-05-24,Atlanta Braves,San Diego Padres,0,0,4.79,1,0,0,2.0,3,0,0,0,1,2,1.55
2025-05-26,San Diego Padres,Miami Marlins,0,0,4.57,1,0,0,1.0,0,0,0,0,1,1,1.52
2025-05-28,San Diego Padres,Miami Marlins,0,0,4.56,1,0,0,2.0,2,1,1,0,1,1,1.52
2025-05-31,San Diego Padres,Pittsburgh Pirates,0,0,4.38,1,0,0,1.0,1,0,0,0,0,1,1.5
2025-06-01,San Diego Padres,Pittsburgh Pirates,0,0,4.1,1,0,0,1.2,0,0,0,0,1,2,1.44
2025-06-04,San Francisco Giants,San Diego Padres,0,0,3.95,1,0,0,1.0,0,0,0,0,0,0,1.39
2025-06-06,Milwaukee Brewers,San Diego Padres,1,0,3.86,1,0,0,0.2,0,0,0,0,1,2,1.39
2025-06-08,Milwaukee Brewers,San Diego Padres,0,0,3.81,1,0,0,0.1,0,0,0,0,0,0,1.38
2025-06-09,San Diego Padres,Los Angeles Dodgers,0,1,3.99,1,0,0,1.0,2,2,1,0,0,0,1.4
2025-06-11,San Diego Padres,Los Angeles Dodgers,0,0,4.2,1,0,0,0.2,2,1,1,0,1,0,1.47
2025-06-13,Arizona Diamondbacks,San Diego Padres,0,0,4.06,1,0,0,1.0,0,0,0,0,0,1,1.42
2025-06-16,Los Angeles Dodgers,San Diego Padres,0,0,3.94,1,0,0,1.0,1,0,0,0,0,1,1.41
2025-06-18,Los Angeles Dodgers,San Diego Padres,0,0,3.86,1,0,0,0.2,0,0,0,0,1,1,1.41
2025-06-20,San Diego Padres,Kansas City Royals,0,0,3.71,1,0,0,1.1,0,0,0,0,0,0,1.35
2025-06-23,San Diego Padres,Washington Nationals,0,0,3.82,1,0,0,1.1,5,1,1,0,1,4,1.47
2025-06-30,Philadelphia Phillies,San Diego Padres,0,0,3.68,1,0,0,1.1,0,0,0,0,0,2,1.42
2025-07-02,Philadelphia Phillies,San Diego Padres,0,0,3.58,1,0,0,1.0,1,0,0,0,1,1,1.43
2025-07-05,San Diego Padres,Texas Rangers,0,0,3.46,1,0,0,1.1,0,0,0,0,0,1,1.38
2025-07-07,San Diego Padres,Arizona Diamondbacks,0,0,3.79,1,0,0,1.1,1,2,2,0,2,1,1.41
2025-07-09,San Diego Padres,Arizona Diamondbacks,0,0,3.7,1,0,0,1.0,1,0,0,0,1,3,1.43
2025-07-12,San Diego Padres,Philadelphia Phillies,0,0,3.64,1,0,0,0.2,1,0,0,0,1,0,1.45
2025-07-13,San Diego Padres,Philadelphia Phillies,0,0,3.61,1,0,0,0.1,0,0,0,0,0,1,1.44
2025-07-18,Washington Nationals,San Diego Padres,1,0,3.5,1,0,0,1.1,1,0,0,0,0,0,1.42
2025-07-19,Washington Nationals,San Diego Padres,0,0,3.45,1,0,0,0.2,0,0,0,0,1,0,1.42
2025-07-22,Miami Marlins,San Diego Padres,0,0,3.38,1,0,0,1.0,1,0,0,0,0,1,1.41
2025-07-24,St. Louis Cardinals,San Diego Padres,0,0,3.47,1,0,0,1.1,1,1,1,1,0,1,1.39
2025-07-25,St. Louis Cardinals,San Diego Padres,0,0,3.42,1,0,0,0.2,0,0,0,0,0,0,1.37
2025-07-27,St. Louis Cardinals,San Diego Padres,0,0,3.38,1,0,0,0.2,1,0,0,0,0,0,1.38
2025-07-29,San Diego Padres,New York Mets,1,0,3.31,1,0,0,1.0,1,0,0,0,0,0,1.37
2025-08-02,San Diego Padres,St. Louis Cardinals,0,0,3.24,1,0,0,1.0,0,0,0,0,0,2,1.34
2025-08-04,Arizona Diamondbacks,San Diego Padres,0,0,3.12,1,0,0,2.0,1,0,0,0,0,0,1.31
2025-08-05,Arizona Diamondbacks,San Diego Padres,0,0,3.1,1,0,0,0.1,1,0,0,0,0,0,1.32
2025-08-09,San Diego Padres,Boston Red Sox,0,0,3.15,1,0,0,2.0,1,1,1,0,2,1,1.33
2025-08-13,San Francisco Giants,San Diego Padres,0,0,3.13,1,0,0,0.1,1,0,0,0,0,0,1.34
2025-08-15,Los Angeles Dodgers,San Diego Padres,0,0,3.05,1,1,0,1.1,0,0,0,0,0,2,1.3
2025-08-18,San Diego Padres,San Francisco Giants,0,0,3.0,1,0,0,1.0,0,0,0,0,1,1,1.3
2025-08-20,San Diego Padres,San Francisco Giants,0,0,2.95,1,0,0,1.0,0,0,0,0,0,2,1.28
2025-08-24,San Diego Padres,Los Angeles Dodgers,0,0,3.03,1,0,0,1.1,2,1,1,1,0,1,1.28
2025-08-25,Seattle Mariners,San Diego Padres,0,0,2.97,1,0,0,1.1,3,0,0,0,0,2,1.3
2025-08-27,Seattle Mariners,San Diego Padres,0,0,2.93,1,0,0,0.2,2,0,0,0,1,1,1.34
2025-08-29,Minnesota Twins,San Diego Padres,0,0,3.06,1,0,0,0.1,2,2,1,0,0,0,1.36
2025-08-31,Minnesota Twins,San Diego Padres,0,0,3.45,1,0,0,1.0,3,3,3,0,1,1,1.4
2025-09-02,San Diego Padres,Baltimore Orioles,0,0,3.41,1,0,0,0.2,1,1,0,0,0,1,1.41
2025-09-08,San Diego Padres,Cincinnati Reds,1,0,3.39,1,0,0,0.1,0,0,0,0,0,0,1.4
2025-09-09,San Diego Padres,Cincinnati Reds,0,0,3.36,1,0,0,0.2,0,0,0,0,0,0,1.38
2025-09-12,San Diego Padres,Colorado Rockies,0,0,3.27,1,0,0,1.2,1,0,0,0,0,2,1.36
2025-09-18,New York Mets,San Diego Padres,0,0,3.33,1,0,0,1.2,1,1,1,1,1,1,1.36
2025-09-19,Chicago White Sox,San Diego Padres,0,0,3.28,1,0,0,1.0,0,0,0,0,0,0,1.34
2025-09-21,Chicago White Sox,San Diego Padres,0,0,3.23,1,0,0,1.0,0,0,0,0,1,1,1.33
2025-09-23,San Diego Padres,Milwaukee Brewers,0,0,3.18,1,0,0,1.0,2,0,0,0,0,2,1.34
2025-09-26,San Diego Padres,Arizona Diamondbacks,0,0,3.14,1,0,0,1.0,1,0,0,0,0,1,1.34
