Date,Home Tm,Away Tm,W,L,ERA,G,GS,SV,IP,H,R,ER,HR,BB,SO,WHIP
2025-04-01,New York Yankees,Arizona Diamondbacks,0,0,3.6,1,1,0,5.0,1,2,2,1,4,4,1.0
2025-04-06,Pittsburgh Pirates,New York Yankees,0,0,6.0,1,1,0,4.0,6,4,4,0,1,5,1.33
2025-04-12,New York Yankees,San Francisco Giants,1,0,5.14,1,1,0,5.0,2,2,2,1,2,6,1.14
2025-04-17,Tampa Bay Rays,New York Yankees,0,0,5.17,1,1,0,1.2,4,1,1,0,2,1,1.4
2025-04-22,Cleveland Guardians,New York Yankees,0,0,4.79,1,1,0,5.0,3,2,2,0,1,5,1.26
2025-04-28,Baltimore Orioles,New York Yankees,0,1,5.63,1,1,0,3.1,6,4,4,1,2,5,1.42
2025-05-04,New York Yankees,Tampa Bay Rays,0,1,5.65,1,1,0,4.2,7,5,3,1,3,8,1.53
2025-05-09,Athletics,New York Yankees,1,0,4.75,1,1,0,7.1,4,1,1,0,1,7,1.36
2025-05-14,Seattle Mariners,New York Yankees,0,0,4.61,1,1,0,5.0,4,2,2,0,1,9,1.32
2025-05-20,New York Yankees,Texas Rangers,1,0,4.05,1,1,0,5.2,5,0,0,0,1,10,1.29
2025-05-25,Colorado Rockies,New York Yankees,0,0,4.09,1,1,0,4.0,2,2,2,0,2,7,1.26
2025-05-31,Los Angeles Dodgers,New York Yankees,0,1,5.19,1,1,0,1.1,6,7,7,1,4,2,1.42
2025-06-06,New York Yankees,Boston Red Sox,1,0,5.34,1,1,0,5.1,3,4,4,1,4,6,1.41
2025-06-12,Kansas City Royals,New York Yankees,0,0,4.86,1,1,0,5.2,4,0,0,0,1,4,1.37
2025-06-17,New York Yankees,Los Angeles Angels,0,1,4.83,1,1,0,6.0,6,3,3,0,0,11,1.33
2025-06-22,New York Yankees,Baltimore Orioles,0,0,4.66,1,1,0,6.1,6,2,2,0,2,6,1.33
2025-06-27,New York Yankees,Athletics,1,0,4.37,1,1,0,5.0,2,0,0,0,4,7,1.32
2025-07-02,Toronto Blue Jays,New York Yankees,0,0,5.02,1,1,0,4.0,10,8,8,2,4,4,1.42
2025-07-08,New York Yankees,Seattle Mariners,1,0,4.7,1,1,0,5.2,4,0,0,0,2,4,1.4
2025-07-13,New York Yankees,Chicago Cubs,0,1,4.63,1,1,0,5.1,6,2,2,1,3,1,1.42
2025-07-19,Atlanta Braves,New York Yankees,0,0,4.91,1,1,0,3.2,5,5,5,2,3,5,1.44
2025-07-25,New York Yankees,Philadelphia Phillies,0,0,4.82,1,1,0,5.2,5,2,2,1,3,7,1.44
2025-07-30,New York Yankees,Tampa Bay Rays,0,0,4.64,1,1,0,6.0,6,1,1,0,1,4,1.43
2025-08-05,Texas Rangers,New York Yankees,0,0,4.44,1,1,0,5.0,3,0,0,0,3,5,1.42
2025-08-11,New York Yankees,Minnesota Twins,1,0,4.34,1,1,0,6.2,3,2,2,2,0,7,1.37
2025-08-17,St. Louis Cardinals,New York Yankees,0,0,4.25,1,1,0,4.2,6,3,1,0,1,3,1.37
2025-08-23,New York Yankees,Boston Red Sox,0,1,4.47,1,1,0,4.0,7,5,5,1,3,3,1.4
2025-08-28,Chicago White Sox,New York Yankees,1,0,4.3,1,1,0,5.0,5,4,0,1,2,3,1.4
2025-09-03,Houston Astros,New York Yankees,0,0,4.28,1,1,0,5.0,5,2,2,1,0,4,1.39
2025-09-09,New York Yankees,Detroit Tigers,0,0,4.22,1,1,0,6.0,2,2,2,1,1,5,1.35
2025-09-14,Boston Red Sox,New York Yankees,0,1,4.44,1,1,0,5.0,10,6,6,1,1,2,1.38
2025-09-19,Baltimore Orioles,New York Yankees,0,1,4.35,1,1,0,5.1,4,3,1,1,2,4,1.37
2025-09-26,New York Yankees,Baltimore Orioles,1,0,4.44,1,1,0,5.0,6,4,4,2,1,7,1.37
