Date,Home Tm,Away Tm,W,L,ERA,G,GS,SV,IP,H,R,ER,HR,BB,SO,WHIP
2025-03-27,Toronto Blue Jays,Baltimore Orioles,0,0,27.0,1,0,0,1.0,3,3,3,2,1,1,4.0
2025-03-30,Toronto Blue Jays,Baltimore Orioles,0,0,13.5,1,0,0,1.0,1,0,0,0,0,2,2.5
2025-04-01,Toronto Blue Jays,Washington Nationals,0,0,12.0,1,0,0,1.0,1,1,1,0,1,1,2.33
2025-04-04,New York Mets,Toronto Blue Jays,0,0,9.0,1,0,0,1.0,0,0,0,0,1,0,2.0
2025-04-08,Boston Red Sox,Toronto Blue Jays,0,0,9.64,1,0,0,0.2,2,1,1,0,0,0,2.14
2025-04-12,Baltimore Orioles,Toronto Blue Jays,0,0,8.44,1,0,0,0.2,0,0,0,0,0,0,1.88
2025-04-14,Toronto Blue Jays,Atlanta Braves,0,0,6.14,1,0,0,2.0,0,0,0,0,0,1,1.36
2025-04-19,Toronto Blue Jays,Seattle Mariners,0,0,4.82,1,0,0,2.0,0,0,0,0,2,2,1.29
2025-04-22,Houston Astros,Toronto Blue Jays,0,0,5.23,1,0,0,1.0,3,1,1,1,0,1,1.45
2025-04-27,New York Yankees,Toronto Blue Jays,0,0,4.63,1,0,0,1.1,0,0,0,0,0,1,1.29
2025-04-30,Toronto Blue Jays,Boston Red Sox,0,0,5.68,1,1,0,1.0,2,2,2,1,2,1,1.5
2025-05-03,Toronto Blue Jays,Cleveland Guardians,0,0,5.54,1,0,0,0.1,0,0,0,0,0,1,1.46
2025-05-04,Toronto Blue Jays,Cleveland Guardians,0,0,5.65,1,0,0,1.1,1,1,1,0,1,1,1.47
2025-05-07,Los Angeles Angels,Toronto Blue Jays,0,0,5.17,1,0,0,1.1,1,0,0,0,0,2,1.4
2025-05-08,Los Angeles Angels,Toronto Blue Jays,0,0,4.58,1,0,0,2.0,1,0,0,0,0,5,1.3
2025-05-11,Seattle Mariners,Toronto Blue Jays,0,0,4.26,1,0,0,1.1,0,0,0,0,0,2,1.21
2025-05-14,Toronto Blue Jays,Tampa Bay Rays,0,0,4.05,1,0,0,1.0,0,0,0,0,0,1,1.15
2025-05-16,Toronto Blue Jays,Detroit Tigers,0,0,3.86,1,0,0,1.0,1,0,0,0,1,0,1.19
2025-05-17,Toronto Blue Jays,Detroit Tigers,0,0,3.52,1,0,0,2.0,1,0,0,0,0,0,1.13
2025-05-20,Toronto Blue Jays,San Diego Padres,0,0,3.38,1,0,0,1.0,0,0,0,0,0,0,1.08
2025-05-22,Toronto Blue Jays,San Diego Padres,0,0,3.2,1,0,0,1.1,0,0,0,0,0,3,1.03
2025-05-27,Texas Rangers,Toronto Blue Jays,0,0,2.96,1,0,0,2.0,1,0,0,0,0,1,0.99
2025-05-30,Toronto Blue Jays,Athletics,0,0,2.86,1,0,0,1.0,0,0,0,0,1,0,0.99
2025-05-31,Toronto Blue Jays,Athletics,0,0,2.73,1,0,0,1.1,0,0,0,0,0,2,0.94
2025-06-06,Minnesota Twins,Toronto Blue Jays,0,0,2.61,1,0,0,1.1,0,0,0,0,1,1,0.94
2025-06-09,St. Louis Cardinals,Toronto Blue Jays,1,0,3.06,1,0,0,1.1,2,2,2,1,0,2,0.96
2025-06-11,St. Louis Cardinals,Toronto Blue Jays,0,0,2.97,1,0,1,1.0,0,0,0,0,0,1,0.93
2025-06-14,Philadelphia Phillies,Toronto Blue Jays,0,0,2.86,1,0,0,1.1,1,0,0,0,1,1,0.95
2025-06-18,Toronto Blue Jays,Arizona Diamondbacks,0,0,2.7,1,0,0,2.0,0,0,0,0,0,1,0.9
2025-06-21,Toronto Blue Jays,Chicago White Sox,0,0,2.68,1,0,0,0.1,0,0,0,0,0,0,0.89
2025-06-22,Toronto Blue Jays,Chicago White Sox,0,0,2.61,1,0,0,1.0,0,0,0,0,0,2,0.87
2025-06-24,Cleveland Guardians,Toronto Blue Jays,0,0,2.77,1,0,0,1.0,1,1,1,1,0,1,0.87
2025-06-29,Boston Red Sox,Toronto Blue Jays,1,0,2.66,1,0,0,1.2,1,0,0,0,0,1,0.86
2025-07-01,Toronto Blue Jays,New York Yankees,0,0,2.81,1,0,0,1.0,1,1,1,0,1,0,0.89
2025-07-02,Toronto Blue Jays,New York Yankees,0,0,2.72,1,0,0,1.1,1,0,0,0,1,1,0.91
2025-07-04,Toronto Blue Jays,Los Angeles Angels,0,0,2.64,1,0,0,1.1,1,0,0,0,1,1,0.92
2025-07-09,Chicago White Sox,Toronto Blue Jays,0,0,2.56,1,0,0,1.1,1,0,0,0,0,2,0.92
2025-07-11,Athletics,Toronto Blue Jays,0,0,2.53,1,0,0,0.2,0,0,0,0,0,2,0.91
2025-07-13,Athletics,Toronto Blue Jays,0,0,2.47,1,0,0,1.0,1,0,0,0,1,2,0.93
2025-07-18,Toronto Blue Jays,San Francisco Giants,0,0,2.42,1,0,0,1.0,1,0,0,0,0,2,0.93
2025-07-20,Toronto Blue Jays,San Francisco Giants,0,0,2.37,1,0,1,1.0,0,0,0,0,0,0,0.91
2025-07-21,Toronto Blue Jays,New York Yankees,0,0,2.34,1,0,0,0.2,0,0,0,0,0,0,0.9
2025-07-23,Toronto Blue Jays,New York Yankees,0,0,2.29,1,0,0,1.0,0,0,0,0,0,0,0.88
2025-07-25,Detroit Tigers,Toronto Blue Jays,0,0,2.25,1,0,0,1.0,0,0,0,0,0,1,0.87
2025-07-29,Baltimore Orioles,Toronto Blue Jays,0,0,2.21,1,0,0,1.0,0,0,0,0,1,0,0.87
2025-07-30,Baltimore Orioles,Toronto Blue Jays,0,0,2.53,1,0,0,0.1,3,3,2,0,2,0,0.96
2025-08-05,Colorado Rockies,Toronto Blue Jays,0,0,2.45,1,0,0,1.2,2,0,0,0,1,0,0.98
2025-08-09,Los Angeles Dodgers,Toronto Blue Jays,0,0,3.09,1,0,0,0.1,2,4,4,0,1,0,1.03
2025-08-10,Los Angeles Dodgers,Toronto Blue Jays,0,0,3.21,1,0,0,0.2,0,1,1,0,2,1,1.05
2025-08-15,Toronto Blue Jays,Texas Rangers,0,0,3.16,1,0,0,1.0,0,0,0,0,0,2,1.04
2025-08-17,Toronto Blue Jays,Texas Rangers,0,0,3.1,1,0,0,1.0,0,0,0,0,1,0,1.03
2025-08-18,Pittsburgh Pirates,Toronto Blue Jays,0,1,3.19,1,0,0,1.1,1,1,1,0,1,2,1.04
2025-08-22,Miami Marlins,Toronto Blue Jays,0,0,3.3,1,0,0,0.2,2,1,1,1,0,0,1.07
2025-08-24,Miami Marlins,Toronto Blue Jays,0,0,3.39,1,0,0,1.0,2,1,1,0,1,0,1.1
2025-08-26,Toronto Blue Jays,Minnesota Twins,0,0,3.38,1,0,0,0.1,0,0,0,0,0,1,1.09
2025-08-29,Toronto Blue Jays,Milwaukee Brewers,0,0,3.32,1,0,0,1.0,0,0,0,0,2,1,1.11
2025-08-30,Toronto Blue Jays,Milwaukee Brewers,0,0,3.3,1,0,0,0.1,0,0,0,0,0,1,1.1
2025-09-01,Cincinnati Reds,Toronto Blue Jays,0,0,3.2,1,0,0,2.0,2,0,0,0,0,2,1.1
2025-09-06,New York Yankees,Toronto Blue Jays,0,0,3.14,1,0,0,1.1,0,0,0,0,1,2,1.09
2025-09-09,Toronto Blue Jays,Houston Astros,0,0,3.09,1,0,0,1.0,1,0,0,0,0,0,1.09
2025-09-12,Toronto Blue Jays,Baltimore Orioles,0,0,3.06,1,0,0,0.2,1,0,0,0,0,0,1.09
2025-09-16,Tampa Bay Rays,Toronto Blue Jays,0,0,3.01,1,0,0,1.0,0,0,0,0,0,1,1.08
2025-09-17,Tampa Bay Rays,Toronto Blue Jays,0,1,3.1,1,0,0,1.0,2,1,1,0,1,0,1.11
2025-09-19,Kansas City Royals,Toronto Blue Jays,0,0,3.03,1,0,0,1.2,2,0,0,0,3,1,1.15
2025-09-25,Toronto Blue Jays,Boston Red Sox,1,0,3.0,1,0,0,0.2,0,0,0,0,0,1,1.14
2025-09-27,Toronto Blue Jays,Tampa Bay Rays,0,0,3.08,1,0,0,1.0,1,1,1,1,1,2,1.15
