Date,Home Tm,Away Tm,W,L,ERA,G,GS,SV,IP,H,R,ER,HR,BB,SO,WHIP
2025-03-29,New York Yankees,Milwaukee Brewers,1,0,0.0,1,0,0,1.1,1,0,0,0,0,1,0.75
2025-04-02,New York Yankees,Arizona Diamondbacks,0,0,0.0,1,0,0,3.0,0,0,0,0,3,1,0.92
2025-04-06,Pittsburgh Pirates,New York Yankees,0,0,0.0,1,0,0,2.0,0,0,0,0,1,1,0.79
2025-04-11,New York Yankees,San Francisco Giants,0,0,1.29,1,0,0,0.2,0,1,1,0,4,2,1.29
2025-04-19,Tampa Bay Rays,New York Yankees,0,1,2.57,1,0,0,0.0,1,2,1,1,0,0,1.43
2025-04-21,Cleveland Guardians,New York Yankees,0,0,2.7,1,0,0,3.0,3,1,1,0,1,0,1.4
2025-04-27,Los Angeles Dodgers,Pittsburgh Pirates,0,0,2.08,1,0,1,3.0,4,0,0,0,0,4,1.38
2025-04-30,Los Angeles Dodgers,Miami Marlins,0,0,4.5,1,0,0,1.0,3,4,4,1,2,1,1.64
2025-05-05,Miami Marlins,Los Angeles Dodgers,0,0,6.28,1,0,0,0.1,3,3,3,1,0,1,1.81
2025-05-15,Cincinnati Reds,Chicago White Sox,0,0,5.87,1,0,0,1.0,0,0,0,0,1,1,1.76
2025-05-16,Chicago Cubs,Chicago White Sox,0,0,7.16,1,0,0,1.0,3,3,3,0,0,0,1.84
2025-05-19,Chicago White Sox,Seattle Mariners,0,0,6.62,1,0,0,1.1,2,0,0,0,1,1,1.87
2025-08-12,Chicago White Sox,Detroit Tigers,1,0,5.56,1,1,0,5.0,1,1,1,0,1,7,1.54
2025-08-18,Atlanta Braves,Chicago White Sox,1,0,5.53,1,1,0,5.0,7,4,3,1,1,3,1.55
2025-08-24,Chicago White Sox,Minnesota Twins,0,0,4.73,1,1,0,4.2,2,0,0,0,3,6,1.48
2025-08-29,Chicago White Sox,New York Yankees,0,1,5.2,1,1,0,4.0,2,5,4,1,6,6,1.54
2025-09-03,Minnesota Twins,Chicago White Sox,0,0,4.79,1,1,0,5.0,7,2,1,0,1,5,1.55
2025-09-09,Chicago White Sox,Tampa Bay Rays,0,0,5.05,1,1,0,5.0,5,4,4,2,1,5,1.51
2025-09-14,Cleveland Guardians,Chicago White Sox,0,0,4.91,1,1,0,5.0,2,2,2,0,1,4,1.42
2025-09-20,Chicago White Sox,San Diego Padres,0,1,4.92,1,1,0,5.1,6,3,3,1,0,4,1.39
2025-09-26,Washington Nationals,Chicago White Sox,0,0,5.17,1,1,0,6.0,8,5,5,4,0,5,1.39
