Date,Home Tm,Away Tm,W,L,ERA,G,GS,SV,IP,H,R,ER,HR,BB,SO,WHIP
2025-03-18,Chicago Cubs,Los Angeles Dodgers,1,0,1.8,1,1,0,5.0,3,1,1,0,1,4,0.8
2025-03-28,Los Angeles Dodgers,Detroit Tigers,0,0,2.7,1,1,0,5.0,5,2,2,2,2,10,1.1
2025-04-04,Philadelphia Phillies,Los Angeles Dodgers,0,1,1.69,1,1,0,6.0,3,1,0,0,3,5,1.06
2025-04-11,Los Angeles Dodgers,Chicago Cubs,1,0,1.23,1,1,0,6.0,2,0,0,0,1,9,0.91
2025-04-18,Texas Rangers,Los Angeles Dodgers,1,0,0.93,1,1,0,7.0,5,0,0,0,0,10,0.86
2025-04-25,Los Angeles Dodgers,Pittsburgh Pirates,0,1,1.06,1,1,0,5.0,5,3,1,0,4,5,1.0
2025-05-02,Atlanta Braves,Los Angeles Dodgers,1,0,0.9,1,1,0,6.0,1,0,0,0,2,6,0.93
2025-05-08,Arizona Diamondbacks,Los Angeles Dodgers,0,1,1.8,1,1,0,5.0,6,5,5,2,1,4,0.98
2025-05-14,Los Angeles Dodgers,Athletics,1,0,2.12,1,1,0,6.0,4,3,3,1,2,6,0.98
2025-05-20,Los Angeles Dodgers,Arizona Diamondbacks,0,0,1.86,1,1,0,7.0,1,0,0,0,2,9,0.91
2025-05-26,Cleveland Guardians,Los Angeles Dodgers,1,0,1.97,1,1,0,6.0,3,2,2,0,2,7,0.91
2025-06-01,Los Angeles Dodgers,New York Yankees,0,1,2.39,1,1,0,3.2,7,4,4,1,3,2,1.0
2025-06-07,St. Louis Cardinals,Los Angeles Dodgers,0,0,2.2,1,1,0,6.0,4,0,0,0,2,9,1.0
2025-06-13,Los Angeles Dodgers,San Francisco Giants,0,1,2.64,1,1,0,4.2,6,5,5,2,5,4,1.09
2025-06-19,Los Angeles Dodgers,San Diego Padres,0,1,2.76,1,1,0,6.1,7,3,3,1,0,5,1.09
2025-06-25,Colorado Rockies,Los Angeles Dodgers,1,0,2.61,1,1,0,5.0,1,0,0,0,1,6,1.05
2025-07-01,Los Angeles Dodgers,Chicago White Sox,1,0,2.51,1,1,0,7.0,3,1,1,0,1,8,1.01
2025-07-07,Milwaukee Brewers,Los Angeles Dodgers,0,1,2.77,1,1,0,0.2,4,5,3,1,2,0,1.07
2025-07-13,San Francisco Giants,Los Angeles Dodgers,0,0,2.59,1,1,0,7.0,3,0,0,0,2,7,1.04
2025-07-22,Los Angeles Dodgers,Minnesota Twins,0,0,2.72,1,1,0,5.0,6,3,3,0,1,8,1.06
2025-07-28,Cincinnati Reds,Los Angeles Dodgers,1,0,2.63,1,1,0,7.0,4,1,1,0,2,9,1.05
2025-08-03,Tampa Bay Rays,Los Angeles Dodgers,1,0,2.51,1,1,0,5.2,5,0,0,0,0,6,1.04
2025-08-11,Los Angeles Angels,Los Angeles Dodgers,0,1,2.84,1,1,0,4.2,6,6,6,1,5,6,1.09
2025-08-18,Colorado Rockies,Los Angeles Dodgers,0,0,2.9,1,1,0,7.0,4,3,3,1,2,6,1.08
2025-08-24,San Diego Padres,Los Angeles Dodgers,1,0,2.9,1,1,0,6.0,4,2,2,1,2,6,1.07
2025-08-31,Los Angeles Dodgers,Arizona Diamondbacks,0,0,2.82,1,1,0,7.0,4,1,1,0,0,10,1.05
2025-09-06,Baltimore Orioles,Los Angeles Dodgers,0,0,2.72,1,1,0,8.2,1,1,1,1,2,10,1.01
2025-09-12,San Francisco Giants,Los Angeles Dodgers,0,0,2.66,1,1,0,7.0,1,1,1,0,1,10,0.98
2025-09-18,Los Angeles Dodgers,San Francisco Giants,0,0,2.58,1,1,0,5.1,1,0,0,0,6,7,0.99
2025-09-25,Arizona Diamondbacks,Los Angeles Dodgers,1,0,2.49,1,1,0,6.0,4,0,0,0,2,7,0.99
