Date,Home Tm,Away Tm,W,L,ERA,G,GS,SV,IP,H,R,ER,HR,BB,SO,WHIP
2025-07-07,San Diego Padres,Arizona Diamondbacks,0,1,4.91,1,1,0,3.2,3,2,2,0,3,5,1.64
2025-07-12,San Diego Padres,Philadelphia Phillies,0,0,6.48,1,1,0,4.2,5,4,4,0,3,2,1.68
2025-07-19,Washington Nationals,San Diego Padres,0,1,6.08,1,1,0,5.0,5,3,3,0,1,1,1.5
2025-07-24,St. Louis Cardinals,San Diego Padres,0,1,9.18,1,1,0,3.1,8,8,8,2,2,3,1.8
2025-07-30,San Diego Padres,New York Mets,1,0,6.46,1,1,0,7.0,2,0,0,0,0,7,1.35
2025-08-05,Arizona Diamondbacks,San Diego Padres,0,0,6.51,1,1,0,4.0,3,3,3,1,2,5,1.34
2025-08-11,San Francisco Giants,San Diego Padres,1,0,5.61,1,1,0,6.0,4,1,1,1,0,6,1.22
2025-08-17,Los Angeles Dodgers,San Diego Padres,0,0,5.97,1,1,0,4.0,3,4,4,2,2,5,1.22
2025-08-22,San Diego Padres,Los Angeles Dodgers,1,0,5.36,1,1,0,6.0,1,1,1,1,1,5,1.1
2025-08-27,Seattle Mariners,San Diego Padres,0,1,5.66,1,1,0,4.0,4,4,4,1,1,3,1.11
2025-09-02,San Diego Padres,Baltimore Orioles,0,1,5.75,1,1,0,4.0,6,4,3,1,2,6,1.18
2025-09-08,San Diego Padres,Cincinnati Reds,0,0,5.65,1,1,0,5.2,6,3,3,2,0,7,1.17
2025-09-14,San Diego Padres,Colorado Rockies,1,0,5.63,1,1,0,5.0,4,3,3,1,0,5,1.14
2025-09-20,Chicago White Sox,San Diego Padres,0,0,5.51,1,1,0,4.2,6,2,2,0,0,4,1.15
2025-09-26,San Diego Padres,Arizona Diamondbacks,1,0,5.38,1,1,0,5.0,6,2,2,2,2,4,1.18
