Date,Home Tm,Away Tm,W,L,ERA,G,GS,SV,IP,H,R,ER,HR,BB,SO,WHIP
2025-03-27,Chicago White Sox,Los Angeles Angels,0,1,4.5,1,1,0,6.0,5,3,3,1,0,5,0.83
2025-04-02,St. Louis Cardinals,Los Angeles Angels,0,0,4.5,1,1,0,6.0,4,3,3,2,5,6,1.17
2025-04-09,Tampa Bay Rays,Los Angeles Angels,0,1,5.0,1,1,0,6.0,6,4,4,1,3,5,1.28
2025-04-15,Texas Rangers,Los Angeles Angels,0,1,4.13,1,1,0,6.0,3,1,1,0,2,6,1.17
2025-04-20,Los Angeles Angels,San Francisco Giants,0,0,3.38,1,1,0,5.1,5,1,0,0,4,6,1.26
2025-04-26,Minnesota Twins,Los Angeles Angels,0,1,4.31,1,1,0,2.0,9,4,4,0,4,0,1.6
2025-05-01,Los Angeles Angels,Detroit Tigers,0,0,4.21,1,1,0,5.0,5,2,2,2,1,5,1.54
2025-05-07,Los Angeles Angels,Toronto Blue Jays,0,0,3.83,1,1,0,6.0,5,1,1,0,1,6,1.46
2025-05-12,San Diego Padres,Los Angeles Angels,0,0,3.72,1,1,0,6.0,7,4,2,1,2,4,1.47
2025-05-18,Los Angeles Dodgers,Los Angeles Angels,0,0,3.5,1,1,0,5.2,3,1,1,0,4,7,1.44
2025-05-23,Los Angeles Angels,Miami Marlins,1,0,3.17,1,1,0,5.2,7,0,0,0,4,4,1.49
2025-05-28,Los Angeles Angels,New York Yankees,0,1,3.06,1,1,0,5.0,4,1,1,0,5,4,1.52
2025-06-03,Boston Red Sox,Los Angeles Angels,0,0,3.23,1,1,0,5.0,8,3,3,1,5,5,1.59
2025-06-09,Los Angeles Angels,Athletics,1,0,2.92,1,1,0,7.1,1,0,0,0,1,5,1.47
2025-06-15,Baltimore Orioles,Los Angeles Angels,0,1,3.05,1,1,0,5.2,7,5,3,1,2,10,1.48
2025-06-20,Los Angeles Angels,Houston Astros,0,0,3.01,1,1,0,7.0,6,2,2,2,0,9,1.43
2025-06-25,Los Angeles Angels,Boston Red Sox,1,0,2.79,1,1,0,7.0,3,2,0,0,1,12,1.37
2025-07-02,Atlanta Braves,Los Angeles Angels,0,0,2.81,1,1,0,5.2,6,2,2,0,2,7,1.37
2025-07-07,Los Angeles Angels,Texas Rangers,0,0,3.02,1,1,0,5.0,6,4,4,1,2,4,1.38
2025-07-12,Los Angeles Angels,Arizona Diamondbacks,1,0,3.11,1,1,0,5.2,6,3,3,2,1,5,1.37
2025-07-19,Philadelphia Phillies,Los Angeles Angels,0,0,3.13,1,1,0,5.0,5,2,2,0,3,8,1.38
2025-07-24,Los Angeles Angels,Seattle Mariners,0,1,3.23,1,1,0,4.2,7,3,3,2,2,4,1.4
2025-07-29,Los Angeles Angels,Texas Rangers,0,0,3.3,1,1,0,5.1,10,4,3,1,0,5,1.42
2025-08-04,Los Angeles Angels,Tampa Bay Rays,1,0,3.22,1,1,0,6.0,4,1,1,0,2,7,1.4
2025-08-09,Detroit Tigers,Los Angeles Angels,1,0,3.37,1,1,0,5.0,8,4,4,0,2,7,1.42
2025-08-15,Athletics,Los Angeles Angels,0,1,3.52,1,1,0,4.0,5,4,4,2,3,3,1.44
2025-08-20,Los Angeles Angels,Cincinnati Reds,0,0,3.42,1,1,0,7.0,7,1,1,0,0,4,1.42
2025-08-26,Texas Rangers,Los Angeles Angels,0,1,3.68,1,1,0,4.0,4,6,6,2,3,3,1.43
2025-09-01,Houston Astros,Los Angeles Angels,0,1,3.83,1,1,0,5.2,8,5,5,1,2,6,1.44
2025-09-06,Los Angeles Angels,Athletics,0,1,4.18,1,1,0,2.0,6,7,7,1,3,1,1.48
2025-09-12,Seattle Mariners,Los Angeles Angels,0,0,4.08,1,1,0,6.0,4,1,1,0,1,3,1.46
2025-09-18,Milwaukee Brewers,Los Angeles Angels,0,0,4.05,1,1,0,5.2,5,2,2,0,3,2,1.45
2025-09-24,Los Angeles Angels,Kansas City Royals,1,0,3.99,1,1,0,5.0,1,1,1,1,1,6,1.42
