Date,Home Tm,Away Tm,W,L,ERA,G,GS,SV,IP,H,R,ER,HR,BB,SO,WHIP
2025-03-27,Arizona Diamondbacks,Chicago Cubs,0,1,9.0,1,1,0,4.0,4,4,4,1,4,4,2.0
2025-04-02,New York Yankees,Arizona Diamondbacks,1,0,3.38,1,1,0,6.2,3,0,0,0,0,13,1.03
2025-04-07,Arizona Diamondbacks,Baltimore Orioles,0,1,5.28,1,1,0,4.2,7,5,5,1,4,2,1.43
2025-04-13,Arizona Diamondbacks,Milwaukee Brewers,0,0,4.64,1,1,0,6.0,5,2,2,1,3,5,1.41
2025-04-19,Chicago Cubs,Arizona Diamondbacks,0,1,5.6,1,1,0,6.0,7,6,6,2,2,5,1.43
2025-04-25,Arizona Diamondbacks,Atlanta Braves,0,1,5.57,1,1,0,5.0,4,3,3,0,2,6,1.39
2025-05-01,New York Mets,Arizona Diamondbacks,1,0,4.93,1,1,0,6.0,2,1,1,1,3,8,1.3
2025-05-06,Arizona Diamondbacks,New York Mets,1,0,4.37,1,1,0,7.0,2,1,1,0,3,6,1.21
2025-05-11,Arizona Diamondbacks,Los Angeles Dodgers,0,1,4.59,1,1,0,5.2,10,4,4,0,2,5,1.31
2025-05-17,Arizona Diamondbacks,Colorado Rockies,0,0,5.14,1,1,0,5.0,8,6,6,4,2,5,1.38
2025-05-23,St. Louis Cardinals,Arizona Diamondbacks,0,1,5.25,1,1,0,5.2,3,4,4,0,4,4,1.36
2025-05-28,Arizona Diamondbacks,Pittsburgh Pirates,0,1,5.54,1,1,0,5.0,6,6,5,0,3,3,1.4
2025-06-03,Atlanta Braves,Arizona Diamondbacks,1,0,5.13,1,1,0,7.0,4,3,1,1,1,4,1.33
2025-06-08,Cincinnati Reds,Arizona Diamondbacks,0,1,5.15,1,1,0,6.2,6,4,4,3,3,5,1.33
2025-06-14,Arizona Diamondbacks,San Diego Padres,0,0,5.19,1,1,0,6.1,6,4,4,1,4,6,1.35
2025-06-20,Colorado Rockies,Arizona Diamondbacks,1,0,5.6,1,1,0,5.0,10,7,7,2,1,5,1.4
2025-06-25,Chicago White Sox,Arizona Diamondbacks,0,1,5.75,1,1,0,5.1,8,5,5,2,1,2,1.41
2025-07-01,Arizona Diamondbacks,San Francisco Giants,1,0,5.45,1,1,0,7.0,5,2,1,1,0,10,1.37
2025-07-07,San Diego Padres,Arizona Diamondbacks,1,0,5.15,1,1,0,6.0,5,1,0,0,1,9,1.35
2025-07-12,Los Angeles Angels,Arizona Diamondbacks,0,1,5.4,1,1,0,5.0,8,6,6,1,2,3,1.37
2025-07-21,Arizona Diamondbacks,Houston Astros,0,1,5.58,1,1,0,6.0,7,6,6,2,1,6,1.37
2025-07-27,Pittsburgh Pirates,Arizona Diamondbacks,0,1,5.6,1,1,0,6.0,5,4,4,0,1,5,1.35
2025-08-02,Athletics,Arizona Diamondbacks,1,0,5.48,1,1,0,6.0,9,2,2,0,0,3,1.36
2025-08-08,Arizona Diamondbacks,Colorado Rockies,1,0,5.31,1,1,0,6.0,4,1,1,0,3,6,1.35
2025-08-13,Texas Rangers,Arizona Diamondbacks,0,0,5.31,1,1,0,5.0,5,3,3,1,2,1,1.35
2025-08-18,Arizona Diamondbacks,Cleveland Guardians,0,1,5.28,1,1,0,6.0,5,3,3,2,0,3,1.33
2025-08-24,Arizona Diamondbacks,Cincinnati Reds,0,0,5.13,1,1,0,6.0,4,1,1,0,1,7,1.31
2025-08-29,Los Angeles Dodgers,Arizona Diamondbacks,1,0,4.94,1,1,0,6.0,2,0,0,0,3,8,1.3
2025-09-03,Arizona Diamondbacks,Texas Rangers,1,0,4.77,1,1,0,6.0,4,0,0,0,1,5,1.28
2025-09-09,San Francisco Giants,Arizona Diamondbacks,0,1,4.84,1,1,0,6.2,5,5,5,2,3,3,1.28
2025-09-15,Arizona Diamondbacks,San Francisco Giants,1,0,4.73,1,1,0,6.0,2,1,1,1,1,6,1.25
2025-09-20,Arizona Diamondbacks,Philadelphia Phillies,1,0,4.7,1,1,0,7.0,4,3,3,1,2,9,1.24
2025-09-26,San Diego Padres,Arizona Diamondbacks,0,1,4.83,1,1,0,4.1,7,6,5,1,3,3,1.26
