Date,Home Tm,Away Tm,W,L,ERA,G,GS,SV,IP,H,R,ER,HR,BB,SO,WHIP
2025-03-29,Tampa Bay Rays,Colorado Rockies,0,1,1.5,1,1,0,6.0,4,1,1,0,0,7,0.67
2025-04-04,Texas Rangers,Tampa Bay Rays,0,1,4.15,1,1,0,7.0,6,5,5,1,2,3,0.92
2025-04-10,Tampa Bay Rays,Los Angeles Angels,0,1,6.88,1,1,0,4.0,8,7,7,4,1,4,1.24
2025-04-16,Tampa Bay Rays,Boston Red Sox,0,1,5.48,1,1,0,6.0,5,1,1,1,3,5,1.26
2025-04-22,Arizona Diamondbacks,Tampa Bay Rays,0,1,5.28,1,1,0,6.0,6,3,3,2,1,2,1.24
2025-04-27,San Diego Padres,Tampa Bay Rays,1,0,5.03,1,1,0,5.0,5,2,2,0,1,1,1.24
2025-05-03,New York Yankees,Tampa Bay Rays,1,0,4.61,1,1,0,7.0,3,2,2,2,0,3,1.1
2025-05-09,Tampa Bay Rays,Milwaukee Brewers,0,0,4.4,1,1,0,6.0,6,2,2,0,1,5,1.11
2025-05-15,Toronto Blue Jays,Tampa Bay Rays,1,0,4.31,1,1,0,7.1,8,3,3,3,1,2,1.12
2025-05-20,Tampa Bay Rays,Houston Astros,0,0,4.25,1,1,0,5.0,7,2,2,1,0,6,1.15
2025-05-26,Tampa Bay Rays,Minnesota Twins,1,0,3.97,1,1,0,6.1,3,1,1,0,0,4,1.08
2025-05-31,Houston Astros,Tampa Bay Rays,1,0,3.86,1,1,0,9.0,10,3,3,2,1,6,1.1
2025-06-06,Tampa Bay Rays,Miami Marlins,1,0,3.68,1,1,0,6.0,6,1,1,1,0,4,1.09
2025-06-11,Boston Red Sox,Tampa Bay Rays,0,1,3.84,1,1,0,6.0,8,4,4,4,0,6,1.11
2025-06-17,Tampa Bay Rays,Baltimore Orioles,0,1,3.88,1,1,0,6.0,7,3,3,1,0,3,1.11
2025-06-22,Tampa Bay Rays,Detroit Tigers,0,0,3.78,1,1,0,5.0,4,1,1,0,0,5,1.1
2025-06-28,Baltimore Orioles,Tampa Bay Rays,1,0,3.61,1,1,0,7.0,3,1,1,1,2,5,1.07
2025-07-04,Minnesota Twins,Tampa Bay Rays,0,0,3.5,1,1,0,6.0,4,1,1,1,2,5,1.07
2025-07-09,Detroit Tigers,Tampa Bay Rays,1,0,3.56,1,1,0,5.2,6,3,3,0,2,4,1.08
2025-07-19,Tampa Bay Rays,Baltimore Orioles,0,0,3.53,1,1,0,6.0,7,2,2,0,0,3,1.09
2025-07-25,Cincinnati Reds,Tampa Bay Rays,0,1,3.72,1,1,0,6.0,10,5,5,2,0,2,1.11
2025-07-30,New York Yankees,Tampa Bay Rays,0,0,3.58,1,1,0,5.0,2,0,0,0,4,4,1.12
2025-08-05,Chicago Cubs,Cincinnati Reds,1,0,3.46,1,1,0,7.0,3,1,1,1,2,8,1.1
2025-08-10,Pittsburgh Pirates,Cincinnati Reds,0,0,3.6,1,1,0,4.2,9,4,4,0,0,3,1.12
2025-08-16,Cincinnati Reds,Milwaukee Brewers,0,0,3.52,1,1,0,6.0,4,1,1,0,1,3,1.11
2025-08-22,Arizona Diamondbacks,Cincinnati Reds,0,0,3.62,1,1,0,3.0,4,4,3,1,3,3,1.14
2025-08-29,Cincinnati Reds,St. Louis Cardinals,0,0,3.63,1,1,0,7.0,6,4,3,2,0,4,1.12
2025-09-03,Cincinnati Reds,Toronto Blue Jays,0,0,3.81,1,1,0,4.1,7,5,5,4,1,6,1.14
2025-09-09,San Diego Padres,Cincinnati Reds,0,0,3.78,1,1,0,6.0,2,2,2,0,1,4,1.12
2025-09-15,St. Louis Cardinals,Cincinnati Reds,0,0,3.86,1,1,0,5.2,5,4,4,0,0,3,1.11
2025-09-20,Cincinnati Reds,Chicago Cubs,1,0,3.86,1,1,0,5.0,3,2,2,2,1,4,1.1
2025-09-26,Milwaukee Brewers,Cincinnati Reds,0,0,3.81,1,1,0,4.2,3,1,1,0,2,3,1.1
