Date,Home Tm,Away Tm,W,L,ERA,G,GS,SV,IP,H,R,ER,HR,BB,SO,WHIP
2025-03-27,Washington Nationals,Philadelphia Phillies,0,0,1.5,1,1,0,6.0,2,1,1,1,2,8,0.67
2025-04-02,Philadelphia Phillies,Colorado Rockies,1,0,1.38,1,1,0,7.0,3,1,1,1,0,10,0.54
2025-04-08,Atlanta Braves,Philadelphia Phillies,0,0,3.44,1,1,0,5.1,8,5,5,1,3,7,0.98
2025-04-13,St. Louis Cardinals,Philadelphia Phillies,0,1,4.07,1,1,0,6.0,7,4,4,1,1,3,1.07
2025-04-18,Philadelphia Phillies,Miami Marlins,1,0,3.73,1,1,0,7.0,5,2,2,1,0,13,0.99
2025-04-23,New York Mets,Philadelphia Phillies,0,0,3.62,1,1,0,6.0,5,2,2,1,2,9,1.02
2025-04-29,Philadelphia Phillies,Washington Nationals,0,0,3.48,1,1,0,6.2,5,2,2,1,1,7,1.0
2025-05-06,Tampa Bay Rays,Philadelphia Phillies,1,0,3.35,1,1,0,7.0,4,2,2,1,0,9,0.94
2025-05-11,Cleveland Guardians,Philadelphia Phillies,1,0,2.95,1,1,0,7.0,3,0,0,0,2,8,0.91
2025-05-17,Philadelphia Phillies,Pittsburgh Pirates,1,0,2.67,1,1,0,6.0,3,0,0,0,1,6,0.89
2025-05-23,Athletics,Philadelphia Phillies,1,0,2.42,1,1,0,6.2,3,0,0,0,2,8,0.88
2025-05-29,Philadelphia Phillies,Atlanta Braves,0,1,2.96,1,1,0,5.1,4,6,6,1,4,6,0.92
2025-06-09,Philadelphia Phillies,Chicago Cubs,0,0,2.85,1,1,0,6.0,3,1,1,1,1,7,0.9
2025-06-15,Philadelphia Phillies,Toronto Blue Jays,1,0,2.76,1,1,0,6.0,4,2,1,0,0,9,0.89
2025-06-20,Philadelphia Phillies,New York Mets,0,0,2.61,1,1,0,5.0,4,0,0,0,3,8,0.91
2025-06-25,Houston Astros,Philadelphia Phillies,0,1,2.45,1,1,0,6.0,3,1,0,0,3,8,0.92
2025-06-30,Philadelphia Phillies,San Diego Padres,1,0,2.27,1,1,0,8.0,6,0,0,0,0,10,0.91
2025-07-06,Philadelphia Phillies,Cincinnati Reds,1,0,2.17,1,1,0,9.0,1,1,1,1,0,12,0.84
2025-07-12,San Diego Padres,Philadelphia Phillies,0,0,2.36,1,1,0,6.0,6,4,4,2,1,6,0.86
2025-07-21,Philadelphia Phillies,Boston Red Sox,0,0,2.39,1,1,0,6.0,7,2,2,1,0,10,0.88
2025-07-27,New York Yankees,Philadelphia Phillies,0,1,2.56,1,1,0,5.2,5,4,4,0,2,8,0.89
2025-08-02,Philadelphia Phillies,Detroit Tigers,0,1,2.64,1,1,0,6.0,9,4,3,3,0,10,0.92
2025-08-10,Texas Rangers,Philadelphia Phillies,1,0,2.68,1,1,0,5.0,3,2,2,1,3,7,0.93
2025-08-15,Washington Nationals,Philadelphia Phillies,0,0,2.71,1,1,0,5.0,4,2,2,1,2,6,0.94
