Date,Home Tm,Away Tm,W,L,ERA,G,GS,SV,IP,H,R,ER,HR,BB,SO,WHIP
2025-05-18,Milwaukee Brewers,Minnesota Twins,0,1,12.0,1,1,0,3.0,5,4,4,0,3,5,2.67
2025-05-24,Minnesota Twins,Kansas City Royals,0,0,7.71,1,1,0,4.0,5,2,2,0,1,9,2.0
2025-05-30,Seattle Mariners,Minnesota Twins,0,0,6.43,1,1,0,7.0,6,4,4,2,1,7,1.5
2025-06-04,Athletics,Minnesota Twins,1,0,5.21,1,1,0,5.0,4,1,1,0,3,4,1.47
2025-07-19,Colorado Rockies,Minnesota Twins,0,1,6.26,1,1,0,4.0,8,5,5,1,1,6,1.61
2025-07-25,Minnesota Twins,Washington Nationals,1,0,4.97,1,1,0,6.0,2,0,0,0,0,7,1.34
2025-07-30,Minnesota Twins,Boston Red Sox,0,1,5.67,1,1,0,4.1,8,5,5,1,0,4,1.41
2025-08-05,Detroit Tigers,Minnesota Twins,1,0,5.17,1,1,0,5.0,5,1,1,0,1,6,1.38
2025-08-11,New York Yankees,Minnesota Twins,0,1,5.11,1,1,0,5.2,6,3,3,3,1,9,1.36
2025-08-16,Minnesota Twins,Detroit Tigers,0,0,5.06,1,1,0,4.0,5,2,2,1,4,6,1.44
2025-08-22,Chicago White Sox,Minnesota Twins,0,0,5.3,1,1,0,4.2,8,4,4,1,3,4,1.52
2025-08-29,Minnesota Twins,San Diego Padres,1,0,5.06,1,1,0,6.0,7,3,2,0,0,3,1.48
2025-09-03,Minnesota Twins,Chicago White Sox,0,0,4.73,1,1,0,6.0,3,1,1,1,2,5,1.42
2025-09-09,Los Angeles Angels,Minnesota Twins,0,1,5.06,1,1,0,4.2,7,5,5,0,2,5,1.46
2025-09-16,Minnesota Twins,New York Yankees,0,1,5.97,1,1,0,3.0,11,9,9,1,2,2,1.58
2025-09-23,Texas Rangers,Minnesota Twins,1,0,5.56,1,1,0,7.0,4,1,1,1,0,6,1.49
